-- MySQL dump 10.17  Distrib 10.3.15-MariaDB, for Win64 (AMD64)
--
-- Host: localhost    Database: fa
-- ------------------------------------------------------
-- Server version	10.3.15-MariaDB

/*!40101 SET @OLD_CHARACTER_SET_CLIENT=@@CHARACTER_SET_CLIENT */;
/*!40101 SET @OLD_CHARACTER_SET_RESULTS=@@CHARACTER_SET_RESULTS */;
/*!40101 SET @OLD_COLLATION_CONNECTION=@@COLLATION_CONNECTION */;
/*!40101 SET NAMES utf8mb4 */;
/*!40103 SET @OLD_TIME_ZONE=@@TIME_ZONE */;
/*!40103 SET TIME_ZONE='+00:00' */;
/*!40014 SET @OLD_UNIQUE_CHECKS=@@UNIQUE_CHECKS, UNIQUE_CHECKS=0 */;
/*!40014 SET @OLD_FOREIGN_KEY_CHECKS=@@FOREIGN_KEY_CHECKS, FOREIGN_KEY_CHECKS=0 */;
/*!40101 SET @OLD_SQL_MODE=@@SQL_MODE, SQL_MODE='NO_AUTO_VALUE_ON_ZERO' */;
/*!40111 SET @OLD_SQL_NOTES=@@SQL_NOTES, SQL_NOTES=0 */;

--
-- Table structure for table `area_id_jsuzuki`
--

DROP TABLE IF EXISTS `area_id_jsuzuki`;
/*!40101 SET @saved_cs_client     = @@character_set_client */;
/*!40101 SET character_set_client = utf8 */;
CREATE TABLE `area_id_jsuzuki` (
  `id` int(11) NOT NULL,
  `area_id` varchar(256) DEFAULT NULL,
  `del_flg` varchar(1) DEFAULT NULL,
  `create_date` datetime NOT NULL,
  `update_date` datetime NOT NULL
) ENGINE=InnoDB DEFAULT CHARSET=utf8;
/*!40101 SET character_set_client = @saved_cs_client */;

--
-- Dumping data for table `area_id_jsuzuki`
--

LOCK TABLES `area_id_jsuzuki` WRITE;
/*!40000 ALTER TABLE `area_id_jsuzuki` DISABLE KEYS */;
INSERT INTO `area_id_jsuzuki` VALUES (0,NULL,'0','2018-03-01 00:00:00','2018-03-01 00:00:00'),(1,'カントー','0','2018-03-01 00:00:00','2018-03-01 00:00:00'),(2,'ジョウト','0','2018-03-01 00:00:00','2018-03-01 00:00:00'),(3,'ホウエン','0','2018-03-01 00:00:00','2018-03-01 00:00:00'),(4,'シンオウ','0','2018-03-01 00:00:00','2018-03-01 00:00:00'),(5,'イッシュ','0','2018-03-01 00:00:00','2018-03-01 00:00:00'),(6,'カロス','0','2018-03-01 00:00:00','2018-03-01 00:00:00'),(7,'アローラ','0','2018-03-01 00:00:00','2018-03-01 00:00:00');
/*!40000 ALTER TABLE `area_id_jsuzuki` ENABLE KEYS */;
UNLOCK TABLES;

--
-- Table structure for table `area_kurihara`
--

DROP TABLE IF EXISTS `area_kurihara`;
/*!40101 SET @saved_cs_client     = @@character_set_client */;
/*!40101 SET character_set_client = utf8 */;
CREATE TABLE `area_kurihara` (
  `id` int(11) NOT NULL,
  `area` varchar(256) DEFAULT NULL,
  `del_flg` int(11) DEFAULT NULL,
  `create_date` datetime NOT NULL,
  `update_date` datetime NOT NULL
) ENGINE=InnoDB DEFAULT CHARSET=utf8;
/*!40101 SET character_set_client = @saved_cs_client */;

--
-- Dumping data for table `area_kurihara`
--

LOCK TABLES `area_kurihara` WRITE;
/*!40000 ALTER TABLE `area_kurihara` DISABLE KEYS */;
INSERT INTO `area_kurihara` VALUES (0,NULL,0,'2019-05-08 00:00:00','2019-05-08 00:00:00'),(1,'北海道',0,'2019-05-08 00:00:00','2019-05-08 00:00:00'),(2,'東北',0,'2019-05-08 00:00:00','2019-05-08 00:00:00'),(3,'関東',0,'2019-05-08 00:00:00','2019-05-08 00:00:00'),(4,'北陸',0,'2019-05-08 00:00:00','2019-05-08 00:00:00'),(5,'中央高地',0,'2019-05-08 00:00:00','2019-05-08 00:00:00'),(6,'東海',0,'2019-05-08 00:00:00','2019-05-08 00:00:00'),(7,'近畿',0,'2019-05-08 00:00:00','2019-05-08 00:00:00'),(8,'中国',0,'2019-05-08 00:00:00','2019-05-08 00:00:00'),(9,'四国',0,'2019-05-08 00:00:00','2019-05-08 00:00:00'),(10,'九州',0,'2019-05-08 00:00:00','2019-05-08 00:00:00'),(11,'離島',0,'2019-05-08 00:00:00','2019-05-08 00:00:00'),(12,'外国',0,'2019-05-08 00:00:00','2019-05-08 00:00:00');
/*!40000 ALTER TABLE `area_kurihara` ENABLE KEYS */;
UNLOCK TABLES;

--
-- Table structure for table `area_okabe`
--

DROP TABLE IF EXISTS `area_okabe`;
/*!40101 SET @saved_cs_client     = @@character_set_client */;
/*!40101 SET character_set_client = utf8 */;
CREATE TABLE `area_okabe` (
  `id` int(11) NOT NULL,
  `area` varchar(50) DEFAULT NULL,
  `del_flg` varchar(1) DEFAULT NULL,
  `create_date` datetime DEFAULT NULL,
  `update_date` datetime DEFAULT NULL
) ENGINE=InnoDB DEFAULT CHARSET=utf8;
/*!40101 SET character_set_client = @saved_cs_client */;

--
-- Dumping data for table `area_okabe`
--

LOCK TABLES `area_okabe` WRITE;
/*!40000 ALTER TABLE `area_okabe` DISABLE KEYS */;
INSERT INTO `area_okabe` VALUES (0,NULL,'0','2019-05-16 15:24:00','2019-05-16 15:24:00'),(1,'北海道','0','2019-05-16 15:24:00','2019-05-16 15:24:00'),(2,'青森県','0','2019-05-16 15:24:00','2019-05-16 15:24:00'),(3,'岩手県','0','2019-05-16 15:24:00','2019-05-16 15:24:00'),(4,'宮城県','0','2019-05-16 15:24:00','2019-05-16 15:24:00'),(5,'秋田県','0','2019-05-16 15:24:00','2019-05-16 15:24:00'),(6,'山形県','0','2019-05-16 15:24:00','2019-05-16 15:24:00'),(7,'福島県','0','2019-05-16 15:24:00','2019-05-16 15:24:00'),(8,'茨城県','0','2019-05-16 15:24:00','2019-05-16 15:24:00'),(9,'栃木県','0','2019-05-16 15:24:00','2019-05-16 15:24:00'),(10,'群馬県','0','2019-05-16 15:24:00','2019-05-16 15:24:00'),(11,'埼玉県','0','2019-05-16 15:24:00','2019-05-16 15:24:00'),(12,'千葉県','0','2019-05-16 15:24:00','2019-05-16 15:24:00'),(13,'東京都','0','2019-05-16 15:24:00','2019-05-16 15:24:00'),(14,'神奈川県','0','2019-05-16 15:24:00','2019-05-16 15:24:00'),(15,'新潟県','0','2019-05-16 15:24:00','2019-05-16 15:24:00'),(16,'富山県','0','2019-05-16 15:24:00','2019-05-16 15:24:00'),(17,'石川県','0','2019-05-16 15:24:00','2019-05-16 15:24:00'),(18,'福井県','0','2019-05-16 15:24:00','2019-05-16 15:24:00'),(19,'山梨県','0','2019-05-16 15:24:00','2019-05-16 15:24:00'),(20,'長野県','0','2019-05-16 15:24:00','2019-05-16 15:24:00'),(21,'岐阜県','0','2019-05-16 15:24:00','2019-05-16 15:24:00'),(22,'静岡県','0','2019-05-16 15:24:00','2019-05-16 15:24:00'),(23,'愛知県','0','2019-05-16 15:24:00','2019-05-16 15:24:00'),(24,'三重県','0','2019-05-16 15:24:00','2019-05-16 15:24:00'),(25,'滋賀県','0','2019-05-16 15:24:00','2019-05-16 15:24:00'),(26,'京都府','0','2019-05-16 15:24:00','2019-05-16 15:24:00'),(27,'大阪府','0','2019-05-16 15:24:00','2019-05-16 15:24:00'),(28,'兵庫県','0','2019-05-16 15:24:00','2019-05-16 15:24:00'),(29,'奈良県','0','2019-05-16 15:24:00','2019-05-16 15:24:00'),(30,'和歌山県','0','2019-05-16 15:24:00','2019-05-16 15:24:00'),(31,'鳥取県','0','2019-05-16 15:24:00','2019-05-16 15:24:00'),(32,'島根県','0','2019-05-16 15:24:00','2019-05-16 15:24:00'),(33,'岡山県','0','2019-05-16 15:24:00','2019-05-16 15:24:00'),(34,'広島県','0','2019-05-16 15:24:00','2019-05-16 15:24:00'),(35,'山口県','0','2019-05-16 15:24:00','2019-05-16 15:24:00'),(36,'徳島県','0','2019-05-16 15:24:00','2019-05-16 15:24:00'),(37,'香川県','0','2019-05-16 15:24:00','2019-05-16 15:24:00'),(38,'愛媛県','0','2019-05-16 15:24:00','2019-05-16 15:24:00'),(39,'高知県','0','2019-05-16 15:24:00','2019-05-16 15:24:00'),(40,'福岡県','0','2019-05-16 15:24:00','2019-05-16 15:24:00'),(41,'佐賀県','0','2019-05-16 15:24:00','2019-05-16 15:24:00'),(42,'長崎県','0','2019-05-16 15:24:00','2019-05-16 15:24:00'),(43,'熊本県','0','2019-05-16 15:24:00','2019-05-16 15:24:00'),(44,'大分県','0','2019-05-16 15:24:00','2019-05-16 15:24:00'),(45,'宮崎県','0','2019-05-16 15:24:00','2019-05-16 15:24:00'),(46,'鹿児島県','0','2019-05-16 15:24:00','2019-05-16 15:24:00'),(47,'沖縄県','0','2019-05-16 15:24:00','2019-05-16 15:24:00');
/*!40000 ALTER TABLE `area_okabe` ENABLE KEYS */;
UNLOCK TABLES;

--
-- Table structure for table `artist`
--

DROP TABLE IF EXISTS `artist`;
/*!40101 SET @saved_cs_client     = @@character_set_client */;
/*!40101 SET character_set_client = utf8 */;
CREATE TABLE `artist` (
  `id` int(11) NOT NULL,
  `artist` varchar(256) DEFAULT NULL,
  `del_flg` varchar(1) DEFAULT NULL,
  `create_date` timestamp NOT NULL DEFAULT current_timestamp() ON UPDATE current_timestamp(),
  `update_date` timestamp NOT NULL DEFAULT '0000-00-00 00:00:00',
  PRIMARY KEY (`id`)
) ENGINE=InnoDB DEFAULT CHARSET=utf8;
/*!40101 SET character_set_client = @saved_cs_client */;

--
-- Dumping data for table `artist`
--

LOCK TABLES `artist` WRITE;
/*!40000 ALTER TABLE `artist` DISABLE KEYS */;
INSERT INTO `artist` VALUES (1,'Zebrahead','0','2018-05-23 01:27:00','2018-05-23 01:27:00'),(2,'FLOW','0','2018-05-23 01:27:00','2018-05-23 01:27:00'),(3,'米津玄師','0','2018-05-23 01:27:00','2018-05-23 01:27:00'),(4,'Anly','0','2018-05-23 01:27:00','2018-05-23 01:27:00'),(5,'fox capture plan','0','2018-05-23 01:27:00','2018-05-23 01:27:00');
/*!40000 ALTER TABLE `artist` ENABLE KEYS */;
UNLOCK TABLES;

--
-- Table structure for table `author_miyamoto`
--

DROP TABLE IF EXISTS `author_miyamoto`;
/*!40101 SET @saved_cs_client     = @@character_set_client */;
/*!40101 SET character_set_client = utf8 */;
CREATE TABLE `author_miyamoto` (
  `author_id` int(11) NOT NULL,
  `author_name` varchar(255) DEFAULT NULL,
  `del_flg` varchar(1) DEFAULT NULL,
  `create_date` datetime DEFAULT NULL,
  `update_date` datetime DEFAULT NULL
) ENGINE=InnoDB DEFAULT CHARSET=utf8;
/*!40101 SET character_set_client = @saved_cs_client */;

--
-- Dumping data for table `author_miyamoto`
--

LOCK TABLES `author_miyamoto` WRITE;
/*!40000 ALTER TABLE `author_miyamoto` DISABLE KEYS */;
INSERT INTO `author_miyamoto` VALUES (0,'','0','2019-05-07 00:00:00','2019-05-07 00:00:00'),(1,'夏目漱石','0','2019-05-07 00:00:00','2019-05-07 00:00:00'),(2,'芥川龍之介','0','2019-05-07 00:00:00','2019-05-07 00:00:00'),(3,'森鴎外','0','2019-05-07 00:00:00','2019-05-07 00:00:00'),(4,'東野圭吾','0','2019-05-08 00:00:00','2019-05-08 00:00:00'),(5,'三浦しをん','0','2019-05-08 00:00:00','2019-05-08 00:00:00');
/*!40000 ALTER TABLE `author_miyamoto` ENABLE KEYS */;
UNLOCK TABLES;

--
-- Table structure for table `band_main_sasaki`
--

DROP TABLE IF EXISTS `band_main_sasaki`;
/*!40101 SET @saved_cs_client     = @@character_set_client */;
/*!40101 SET character_set_client = utf8 */;
CREATE TABLE `band_main_sasaki` (
  `id` int(2) DEFAULT NULL,
  `photo` varchar(256) DEFAULT NULL,
  `band_name` varchar(256) DEFAULT NULL,
  `member_id` int(2) DEFAULT NULL,
  `birthplace_id` int(2) DEFAULT NULL,
  `formation_year` int(4) DEFAULT NULL,
  `release_num` int(2) DEFAULT NULL,
  `comment` varchar(256) DEFAULT NULL,
  `del_flg` varchar(1) DEFAULT NULL,
  `create_date` datetime DEFAULT NULL,
  `update_date` datetime DEFAULT NULL
) ENGINE=InnoDB DEFAULT CHARSET=utf8;
/*!40101 SET character_set_client = @saved_cs_client */;

--
-- Dumping data for table `band_main_sasaki`
--

LOCK TABLES `band_main_sasaki` WRITE;
/*!40000 ALTER TABLE `band_main_sasaki` DISABLE KEYS */;
INSERT INTO `band_main_sasaki` VALUES (1,'/bandimage/han.jpg','ハンブレッダーズ',4,8,2009,3,'そろそろ売れてくるであろうバンド。','0','2018-03-01 00:00:00','2018-03-01 00:00:00'),(2,'/bandimage/floor.jpg','The Floor',4,1,2012,5,'ポップなサウンドが特徴.','0','2018-03-01 00:00:00','2018-03-01 00:00:00'),(3,'/bandimage/fom.jpg','FOMARE',3,2,2014,2,'結成してから売れるまでが早い。','0','2018-03-01 00:00:00','2018-03-01 00:00:00'),(4,'/bandimage/num.jpg','NUMBER GIAL',4,12,1995,6,'2002年に解散したが17年ぶりに再結成。','0','2018-03-01 00:00:00','2018-03-01 00:00:00'),(5,'/bandimage/mo.jpg','モーモールルギャバン',3,9,2005,9,'パン一ドラムボーカル。','0','2018-03-01 00:00:00','2018-03-01 00:00:00'),(6,'/bandimage/jyo.jpg','JYOCHO',5,9,2016,4,'ギターのテクニックが物凄い。','0','2018-03-01 00:00:00','2018-03-01 00:00:00'),(7,'/bandimage/maka.jpg','マカロニえんぴつ',4,5,2012,5,'ポップな曲からかっこいい曲まで良曲揃い。','0','2018-03-01 00:00:00','2018-03-01 00:00:00'),(8,'/bandimage/hel.jpg','Helsinki Lambda Club',3,3,2013,5,'ゆったりとした落ち着く音楽。','0','2018-03-01 00:00:00','2018-03-01 00:00:00'),(9,'/bandimage/zoo.jpg','ズーカラデル',3,1,2015,2,'初MVを投稿してわずか数ヶ月でCM曲。','0','2018-03-01 00:00:00','2018-03-01 00:00:00'),(10,'/bandimage/fin.jpg','FINLANDS',2,5,2012,6,'若い女性らしからぬかっこよさがある。','0','2018-03-01 00:00:00','2018-03-01 00:00:00'),(11,'/bandimage/sum.jpg','sumika',4,5,2013,8,'前バンドのbanbiから大出世。','0','2018-03-01 00:00:00','2018-03-01 00:00:00'),(12,'/bandimage/sup.jpg','SUPER BEAVER',4,4,2005,10,'ライブのMCがダサかっこいい。','0','2018-03-01 00:00:00','2018-03-01 00:00:00'),(13,'/bandimage/was.jpg','忘れらんねえよ',1,11,2008,7,'36歳にしてメンバーが一人になってしまう。','0','2018-03-01 00:00:00','2018-03-01 00:00:00'),(14,'/bandimage/qoo.jpg','QOOLAND',4,4,2011,9,'ボスハンドタッピングという奏法が特徴。','0','2018-03-01 00:00:00','2018-03-01 00:00:00'),(15,'/bandimage/nev.jpg','never young beach',4,4,2014,3,'ボーカルの兄が高橋一生。','0','2018-03-01 00:00:00','2018-03-01 00:00:00'),(16,'/bandimage/sex.jpg','セックスマシーン',4,7,1998,7,'ジーンズがダメージを受けすぎている。','0','2018-03-01 00:00:00','2018-03-01 00:00:00'),(17,'/bandimage/toco.jpg','toconoma',4,4,2008,5,'高テクニックのインストバンド。','0','2018-03-01 00:00:00','2018-03-01 00:00:00'),(18,'/bandimage/suc.jpg','Suck a Stew Dry',5,4,2010,5,'現在はTHURSDAYS YOUTHというバンド。','0','2018-03-01 00:00:00','2018-03-01 00:00:00'),(19,'/bandimage/su-.jpg','四星球',4,10,2002,7,'ライブで使う小道具は全て手作り。','0','2018-03-01 00:00:00','2018-03-01 00:00:00'),(20,'/bandimage/sak.jpg','SAKEROCK',5,6,2000,14,'バナナマンのライブBGMなどを担当する。','0','2018-03-01 00:00:00','2018-03-01 00:00:00'),(21,'/bandimage/nec.jpg','ネクライトーキー',5,8,2017,1,'ほとんどコンテンポラリーな生活。','0','2018-03-01 00:00:00','2018-03-01 00:00:00'),(22,'/bandimage/pop.jpg','ポップしなないで',2,4,2015,2,'優花さんおすすめのバンド。','0','2018-03-01 00:00:00','2018-03-01 00:00:00'),(23,'/bandimage/ao.jpg','藍坊主',4,5,2000,14,'歌ほんとうまい。','0','2018-03-01 00:00:00','2018-03-01 00:00:00'),(24,'/bandimage/bak.jpg','爆弾ジョニー',5,1,2010,4,'アニメ「ピンポン」のOP。','0','2018-03-01 00:00:00','2018-03-01 00:00:00'),(25,'/bandimage/sakana.jpg','サカナクション',5,1,2005,8,'言わずと知れたかっこよさ。','0','2018-03-01 00:00:00','2018-03-01 00:00:00'),(26,'/bandimage/s.jpg','さしすせそズ',4,8,2013,2,'パルプンテ山田とイケダーマン池田が脱退。','0','2018-03-01 00:00:00','2018-03-01 00:00:00'),(27,'/bandimage/mint.jpg','MINT mate box',3,4,2017,2,'ベースかわいい。','0','2018-03-01 00:00:00','2018-03-01 00:00:00'),(28,'/bandimage/fujiki.jpg','藤木さん',1,4,1995,0,'明日も競艇に全てを賭ける。','0','2019-04-05 09:23:18','2019-04-05 09:28:59'),(29,'/bandimage/friends.jpg','石原さん',1,4,2019,1,'フレンズの件に関してはほとんど桜井さんが悪い。','0','2019-04-05 09:24:50','2019-04-05 09:28:38'),(1,'/bandimage/han.jpg','ハンブレッダーズ',4,8,2009,3,'そろそろ売れてくるであろうバンド。','0','2018-03-01 00:00:00','2018-03-01 00:00:00'),(2,'/bandimage/floor.jpg','The Floor',4,1,2012,5,'ポップなサウンドが特徴.','0','2018-03-01 00:00:00','2018-03-01 00:00:00'),(3,'/bandimage/fom.jpg','FOMARE',3,2,2014,2,'結成してから売れるまでが早い。','0','2018-03-01 00:00:00','2018-03-01 00:00:00'),(4,'/bandimage/num.jpg','NUMBER GIAL',4,12,1995,6,'2002年に解散したが17年ぶりに再結成。','0','2018-03-01 00:00:00','2018-03-01 00:00:00'),(5,'/bandimage/mo.jpg','モーモールルギャバン',3,9,2005,9,'パン一ドラムボーカル。','0','2018-03-01 00:00:00','2018-03-01 00:00:00'),(6,'/bandimage/jyo.jpg','JYOCHO',5,9,2016,4,'ギターのテクニックが物凄い。','0','2018-03-01 00:00:00','2018-03-01 00:00:00'),(7,'/bandimage/maka.jpg','マカロニえんぴつ',4,5,2012,5,'ポップな曲からかっこいい曲まで良曲揃い。','0','2018-03-01 00:00:00','2018-03-01 00:00:00'),(8,'/bandimage/hel.jpg','Helsinki Lambda Club',3,3,2013,5,'ゆったりとした落ち着く音楽。','0','2018-03-01 00:00:00','2018-03-01 00:00:00'),(9,'/bandimage/zoo.jpg','ズーカラデル',3,1,2015,2,'初MVを投稿してわずか数ヶ月でCM曲。','0','2018-03-01 00:00:00','2018-03-01 00:00:00'),(10,'/bandimage/fin.jpg','FINLANDS',2,5,2012,6,'若い女性らしからぬかっこよさがある。','0','2018-03-01 00:00:00','2018-03-01 00:00:00'),(11,'/bandimage/sum.jpg','sumika',4,5,2013,8,'前バンドのbanbiから大出世。','0','2018-03-01 00:00:00','2018-03-01 00:00:00'),(12,'/bandimage/sup.jpg','SUPER BEAVER',4,4,2005,10,'ライブのMCがダサかっこいい。','0','2018-03-01 00:00:00','2018-03-01 00:00:00'),(13,'/bandimage/was.jpg','忘れらんねえよ',1,11,2008,7,'36歳にしてメンバーが一人になってしまう。','0','2018-03-01 00:00:00','2018-03-01 00:00:00'),(14,'/bandimage/qoo.jpg','QOOLAND',4,4,2011,9,'ボスハンドタッピングという奏法が特徴。','0','2018-03-01 00:00:00','2018-03-01 00:00:00'),(15,'/bandimage/nev.jpg','never young beach',4,4,2014,3,'ボーカルの兄が高橋一生。','0','2018-03-01 00:00:00','2018-03-01 00:00:00'),(16,'/bandimage/sex.jpg','セックスマシーン',4,7,1998,7,'ジーンズがダメージを受けすぎている。','0','2018-03-01 00:00:00','2018-03-01 00:00:00'),(17,'/bandimage/toco.jpg','toconoma',4,4,2008,5,'高テクニックのインストバンド。','0','2018-03-01 00:00:00','2018-03-01 00:00:00'),(18,'/bandimage/suc.jpg','Suck a Stew Dry',5,4,2010,5,'現在はTHURSDAYS YOUTHというバンド。','0','2018-03-01 00:00:00','2018-03-01 00:00:00'),(19,'/bandimage/su-.jpg','四星球',4,10,2002,7,'ライブで使う小道具は全て手作り。','0','2018-03-01 00:00:00','2018-03-01 00:00:00'),(20,'/bandimage/sak.jpg','SAKEROCK',5,6,2000,14,'バナナマンのライブBGMなどを担当する。','0','2018-03-01 00:00:00','2018-03-01 00:00:00'),(21,'/bandimage/nec.jpg','ネクライトーキー',5,8,2017,1,'ほとんどコンテンポラリーな生活。','0','2018-03-01 00:00:00','2018-03-01 00:00:00'),(22,'/bandimage/pop.jpg','ポップしなないで',2,4,2015,2,'優花さんおすすめのバンド。','0','2018-03-01 00:00:00','2018-03-01 00:00:00'),(23,'/bandimage/ao.jpg','藍坊主',4,5,2000,14,'歌ほんとうまい。','0','2018-03-01 00:00:00','2018-03-01 00:00:00'),(24,'/bandimage/bak.jpg','爆弾ジョニー',5,1,2010,4,'アニメ「ピンポン」のOP。','0','2018-03-01 00:00:00','2018-03-01 00:00:00'),(25,'/bandimage/sakana.jpg','サカナクション',5,1,2005,8,'言わずと知れたかっこよさ。','0','2018-03-01 00:00:00','2018-03-01 00:00:00'),(26,'/bandimage/s.jpg','さしすせそズ',4,8,2013,2,'パルプンテ山田とイケダーマン池田が脱退。','0','2018-03-01 00:00:00','2018-03-01 00:00:00'),(27,'/bandimage/mint.jpg','MINT mate box',3,4,2017,2,'ベースかわいい。','0','2018-03-01 00:00:00','2018-03-01 00:00:00'),(28,'/bandimage/fujiki.jpg','藤木さん',1,4,1995,0,'明日も競艇に全てを賭ける。','0','2019-04-05 09:23:18','2019-04-05 09:28:59'),(29,'/bandimage/friends.jpg','石原さん',1,4,2019,1,'フレンズの件に関してはほとんど桜井さんが悪い。','0','2019-04-05 09:24:50','2019-04-05 09:28:38');
/*!40000 ALTER TABLE `band_main_sasaki` ENABLE KEYS */;
UNLOCK TABLES;

--
-- Table structure for table `band_main_taneichi`
--

DROP TABLE IF EXISTS `band_main_taneichi`;
/*!40101 SET @saved_cs_client     = @@character_set_client */;
/*!40101 SET character_set_client = utf8 */;
CREATE TABLE `band_main_taneichi` (
  `id` int(10) NOT NULL,
  `band_name` varchar(100) NOT NULL,
  `member` int(2) DEFAULT NULL,
  `band_year` int(4) DEFAULT NULL,
  `band_sex` int(2) DEFAULT NULL,
  `genre_id` int(2) DEFAULT NULL,
  `comment` varchar(300) DEFAULT NULL,
  `del_flg` varchar(1) DEFAULT NULL,
  `create_date` datetime NOT NULL,
  `update_date` datetime NOT NULL
) ENGINE=InnoDB DEFAULT CHARSET=utf8;
/*!40101 SET character_set_client = @saved_cs_client */;

--
-- Dumping data for table `band_main_taneichi`
--

LOCK TABLES `band_main_taneichi` WRITE;
/*!40000 ALTER TABLE `band_main_taneichi` DISABLE KEYS */;
INSERT INTO `band_main_taneichi` VALUES (1,'クリープハイプ',4,2001,1,3,'個人的にNo.1バンド。サイコー\r\n♪「手と手」','0','2019-05-24 15:10:11','2019-05-24 15:10:11'),(2,'King Gnu',4,2017,1,2,'ボーカルが髭面。いわゆるシティポップ。読み方は\"キングヌー\"\r\n♪「Tokyo Rendez-Vous」','0','2019-05-24 15:10:11','2019-05-24 15:10:11'),(3,'Wienners',4,2008,3,1,'ボーカルが変人。曲調早めで元気がでる\r\n♪「Justice 4」','0','2019-05-24 15:10:11','2019-05-24 15:10:11'),(4,'saucy dog',3,2013,1,1,'田舎の道とか夜の丘とか海沿いとかで聴きたい\r\n♪「コンタクトケース」','0','2019-05-24 15:10:11','2019-05-24 15:10:11'),(5,'yonige',2,2013,2,3,'アボカド投げちゃう系\r\n♪「最愛の恋人たち」','0','2019-05-24 15:10:11','2019-05-24 15:10:11'),(6,'ドミコ',2,2011,1,1,'野外で酒飲みながら聴きたい\r\n♪「ロースト・ビーチ・ベイベー」','0','2019-05-24 15:10:11','2019-05-24 15:10:11'),(7,'Awsome City Club',5,2013,3,2,'THE・シティポップ\r\n♪「青春の胸さわぎ」','0','2019-05-24 15:10:11','2019-05-24 15:10:11'),(8,'chelmico',2,2014,2,4,'女２人のラップユニット\r\n♪「ママレードボーイ」','0','2019-05-24 15:10:11','2019-05-24 15:10:11'),(9,'Hump Back',3,2012,2,1,'THE・ガールズバンド\r\n♪「チープマンデー」','0','2019-05-24 15:10:11','2019-05-24 15:10:11'),(10,'とけた電球',4,2012,1,1,'リズムに中毒性\r\n♪「強がり」','0','2019-05-24 15:10:11','2019-05-24 15:10:11'),(11,'SUNNY CAR WASH',3,2016,1,3,'声高い 良い\r\n♪「キルミー」','0','2019-05-24 15:10:11','2019-05-24 15:10:11'),(12,'ハルカミライ',4,2012,1,1,'えもい\r\n♪「春はあけぼの」','0','2019-05-24 15:10:11','2019-05-24 15:10:11'),(13,'SIX LOUNGE',3,2012,1,1,'あつい\r\n♪「くだらない」','0','2019-05-24 15:10:11','2019-05-24 15:10:11'),(14,'TETO',4,2016,1,1,'めちゃくちゃ早口 カラオケで歌うのは不可能 ボーカルは多多分エラ呼吸\r\n♪「Pain Pain Pain」','0','2019-05-24 15:10:11','2019-05-24 15:10:11'),(15,'FOMARE',3,2014,1,1,'王道\r\n♪「23:12」','0','2019-05-24 15:10:11','2019-05-24 15:10:11'),(16,'DENIMS',4,2012,1,1,'よこのり 野外フェス必須\r\n♪「ゆるりゆらり」','0','2019-05-24 15:10:11','2019-05-24 15:10:11'),(17,'ハンブレッターズ',3,2009,1,1,'全員芋男\r\n♪「スクールマジシャンガール」','0','2019-05-24 15:10:11','2019-05-24 15:10:11'),(18,'銀杏BOYS',1,2003,1,5,'激エモバンド 聞いてほしい\r\nBOYSっていってるけど峯田一人 俳優業すんな\r\n♪「二十九、三十」（クリープハイプカバー）','0','2019-05-24 15:10:11','2019-05-24 15:10:11'),(19,'マカロニえんぴつ',4,2012,1,1,'青春を感じたいならこれ いまきてる\r\n♪「メイビーネイビー」','0','2019-05-24 15:10:11','2019-05-24 15:10:11'),(20,'フレンズ',5,2015,3,2,'いろんなバンドの人たちの寄せ集め\r\n大人なシティポップ\r\n♪「夏のSAYにしてゴメンネ♡」','0','2019-05-24 15:10:11','2019-05-24 15:10:11'),(21,'ナードマグネット',4,2006,1,1,'電車でききたい\r\n♪「Mixtape」','0','2019-05-24 15:10:11','2019-05-24 15:10:11'),(22,'忘れらんねえよ',1,2008,1,5,'柴田がおもろい ライブが楽しいよ\r\n♪「寝てらんねえよ」','0','2019-05-24 15:10:11','2019-05-24 15:10:11'),(23,'Brian the Sun',4,2007,1,1,'ベースがかっこいいです\r\n♪「キャラメルパンケーキ」','0','2019-05-24 15:10:11','2019-05-24 15:10:11'),(24,'KOTORI',4,2014,1,1,'若者に戻りたいときにどうぞ\r\n♪「6月」','0','2019-05-24 15:10:11','2019-05-24 15:10:11'),(25,'Creepy Nuts',2,2013,1,4,'ラップ聴きたいときに聴く R-指定のユニット\r\n♪「合法的トビ方ノススメ」','0','2019-05-24 15:10:11','2019-05-24 15:10:11'),(26,'TENDOUJI',4,2014,1,1,'海外映画のドライブシーンで使われそう\r\n♪「Sonic Boom」','0','2019-05-24 15:10:11','2019-05-24 15:10:11'),(27,'カネコアヤノ',1,2012,2,2,'シンガーソングライター 程よいぶす\r\n♪「コンビニ」','0','2019-05-24 15:10:11','2019-05-24 15:10:11'),(28,'andymori',3,2007,1,3,'解散してしまって一番悲しいバンド\r\n聴くと泣く\r\n♪「ユートピア」','0','2019-05-24 15:10:11','2019-05-24 15:10:11'),(29,'さよならポエジー',2,2012,1,1,'夕方とか朝方とかに聴く\r\n♪「二束三文」','0','2019-05-24 15:10:11','2019-05-24 15:10:11'),(30,'きのこ帝国',4,2007,2,1,'ふとした日常のときに聴くと良き\r\n♪「ありふれた言葉」','0','2019-05-24 15:10:11','2019-05-24 15:10:11');
/*!40000 ALTER TABLE `band_main_taneichi` ENABLE KEYS */;
UNLOCK TABLES;

--
-- Table structure for table `band_sex_taneichi`
--

DROP TABLE IF EXISTS `band_sex_taneichi`;
/*!40101 SET @saved_cs_client     = @@character_set_client */;
/*!40101 SET character_set_client = utf8 */;
CREATE TABLE `band_sex_taneichi` (
  `id` int(2) NOT NULL,
  `sex` varchar(20) DEFAULT NULL,
  `del_flg` varchar(1) DEFAULT NULL,
  `create_date` datetime NOT NULL,
  `update_date` datetime NOT NULL
) ENGINE=InnoDB DEFAULT CHARSET=utf8;
/*!40101 SET character_set_client = @saved_cs_client */;

--
-- Dumping data for table `band_sex_taneichi`
--

LOCK TABLES `band_sex_taneichi` WRITE;
/*!40000 ALTER TABLE `band_sex_taneichi` DISABLE KEYS */;
INSERT INTO `band_sex_taneichi` VALUES (0,'','0','2019-05-24 16:51:00','2019-05-24 16:51:00'),(1,'男性ボーカル','0','2019-05-24 15:54:42','2019-05-24 15:54:42'),(2,'女性ボーカル','0','2019-05-24 15:54:42','2019-05-24 15:54:42'),(3,'男女ツインボーカル','0','2019-05-24 15:54:42','2019-05-24 15:54:42');
/*!40000 ALTER TABLE `band_sex_taneichi` ENABLE KEYS */;
UNLOCK TABLES;

--
-- Table structure for table `birthplace_sasaki`
--

DROP TABLE IF EXISTS `birthplace_sasaki`;
/*!40101 SET @saved_cs_client     = @@character_set_client */;
/*!40101 SET character_set_client = utf8 */;
CREATE TABLE `birthplace_sasaki` (
  `id` int(2) NOT NULL,
  `birthplace` varchar(4) DEFAULT NULL,
  `del_flg` varchar(1) DEFAULT NULL,
  `create_date` datetime NOT NULL,
  `update_date` datetime NOT NULL,
  PRIMARY KEY (`id`)
) ENGINE=InnoDB DEFAULT CHARSET=utf8;
/*!40101 SET character_set_client = @saved_cs_client */;

--
-- Dumping data for table `birthplace_sasaki`
--

LOCK TABLES `birthplace_sasaki` WRITE;
/*!40000 ALTER TABLE `birthplace_sasaki` DISABLE KEYS */;
INSERT INTO `birthplace_sasaki` VALUES (0,' ','0','2018-03-01 00:00:00','2018-03-01 00:00:00'),(1,'北海道','0','2018-03-01 00:00:00','2018-03-01 00:00:00'),(2,'群馬','0','2018-03-01 00:00:00','2018-03-01 00:00:00'),(3,'千葉','0','2018-03-01 00:00:00','2018-03-01 00:00:00'),(4,'東京','0','2018-03-01 00:00:00','2018-03-01 00:00:00'),(5,'神奈川','0','2018-03-01 00:00:00','2018-03-01 00:00:00'),(6,'埼玉','0','2018-03-01 00:00:00','2018-03-01 00:00:00'),(7,'兵庫','0','2018-03-01 00:00:00','2018-03-01 00:00:00'),(8,'大阪','0','2018-03-01 00:00:00','2018-03-01 00:00:00'),(9,'京都','0','2018-03-01 00:00:00','2018-03-01 00:00:00'),(10,'徳島','0','2018-03-01 00:00:00','2018-03-01 00:00:00'),(11,'熊本','0','2018-03-01 00:00:00','2018-03-01 00:00:00'),(12,'福岡','0','2018-03-01 00:00:00','2018-03-01 00:00:00');
/*!40000 ALTER TABLE `birthplace_sasaki` ENABLE KEYS */;
UNLOCK TABLES;

--
-- Table structure for table `body_izawa`
--

DROP TABLE IF EXISTS `body_izawa`;
/*!40101 SET @saved_cs_client     = @@character_set_client */;
/*!40101 SET character_set_client = utf8 */;
CREATE TABLE `body_izawa` (
  `id` int(2) DEFAULT NULL,
  `bodyname` varchar(255) DEFAULT NULL,
  UNIQUE KEY `id` (`id`,`bodyname`) USING BTREE
) ENGINE=InnoDB DEFAULT CHARSET=utf8;
/*!40101 SET character_set_client = @saved_cs_client */;

--
-- Dumping data for table `body_izawa`
--

LOCK TABLES `body_izawa` WRITE;
/*!40000 ALTER TABLE `body_izawa` DISABLE KEYS */;
INSERT INTO `body_izawa` VALUES (0,NULL),(1,'大胸筋'),(2,'背筋'),(3,'三頭筋'),(4,'上腕二頭筋'),(5,'上腕三頭筋'),(6,'その他');
/*!40000 ALTER TABLE `body_izawa` ENABLE KEYS */;
UNLOCK TABLES;

--
-- Table structure for table `book_main_miyamoto`
--

DROP TABLE IF EXISTS `book_main_miyamoto`;
/*!40101 SET @saved_cs_client     = @@character_set_client */;
/*!40101 SET character_set_client = utf8 */;
CREATE TABLE `book_main_miyamoto` (
  `no` int(10) DEFAULT NULL,
  `id` int(3) NOT NULL,
  `book_title` varchar(256) DEFAULT NULL,
  `genre_id` int(11) DEFAULT NULL,
  `author_id` int(11) DEFAULT NULL,
  `year` int(4) DEFAULT NULL,
  `page` int(4) DEFAULT NULL,
  `comment` varchar(256) DEFAULT NULL,
  `del_flg` varchar(1) DEFAULT NULL,
  `create_date` datetime DEFAULT NULL,
  `update_date` datetime DEFAULT NULL
) ENGINE=InnoDB DEFAULT CHARSET=utf8;
/*!40101 SET character_set_client = @saved_cs_client */;

--
-- Dumping data for table `book_main_miyamoto`
--

LOCK TABLES `book_main_miyamoto` WRITE;
/*!40000 ALTER TABLE `book_main_miyamoto` DISABLE KEYS */;
INSERT INTO `book_main_miyamoto` VALUES (1,1,'吾輩は猫である',1,1,1905,746,'オチが謎','0','2019-05-07 00:00:00','2019-05-07 00:00:00'),(2,2,'坊ちゃん',2,1,1906,216,'スラスラ読める','0','2019-05-07 00:00:00','2019-05-07 00:00:00'),(3,3,'こころ',2,1,1914,348,'読んだはずですが忘れました','0','2019-05-07 00:00:00','2019-05-07 00:00:00'),(4,4,'羅生門',3,2,1915,301,'教科書に載ってる部分しか知りません','0','2019-05-07 00:00:00','2019-05-07 00:00:00'),(5,5,'鼻',3,2,1916,256,'読んだことないです','0','2019-05-07 00:00:00','2019-05-07 00:00:00'),(6,6,'地獄変',3,2,1918,NULL,'知りません','0','2019-05-07 00:00:00','2019-05-07 00:00:00'),(7,7,'舞姫',3,3,1890,NULL,'見たことないです','0','2019-05-07 00:00:00','2019-05-07 00:00:00'),(8,8,'青年',2,3,1910,NULL,'被りそうなタイトルだと思います','0','2019-05-07 00:00:00','2019-05-07 00:00:00'),(9,9,'雁',3,3,1911,NULL,'聞いたこともないです','0','2019-05-07 00:00:00','2019-05-07 00:00:00'),(10,10,'高瀬舟',2,3,1916,NULL,'存じません','0','2019-05-07 00:00:00','2019-05-07 00:00:00'),(11,11,'眠りの森',2,4,1989,328,'存じ上げません','0','2019-05-08 00:00:00','2019-05-08 00:00:00'),(12,12,'どちらかが彼女を殺した',2,4,1996,355,'わかりません','0','2019-05-08 00:00:00','2019-05-08 00:00:00'),(13,13,'悪意',2,4,1996,365,'聞いたことがあるかもしれません','0','2019-05-08 00:00:00','2019-05-08 00:00:00'),(14,14,'私が彼を殺した',2,4,1999,431,'聞いたことはあるかもしれません','0','2019-05-08 00:00:00','2019-05-08 00:00:00'),(15,15,'嘘をもうひとつだけ',2,4,2000,269,'見たことはあるかもしれません','0','2019-05-08 00:00:00','2019-05-08 00:00:00'),(16,16,'赤い指',2,4,2006,320,'息子がいいキャラしていました','0','2019-05-08 00:00:00','2019-05-08 00:00:00'),(17,17,'新参者',2,4,2009,416,'読んだ気がしますが、忘れました','0','2019-05-08 00:00:00','2019-05-08 00:00:00'),(18,18,'麒麟の翼',2,4,2011,384,'知らないです','0','2019-05-08 00:00:00','2019-05-08 00:00:00'),(19,19,'祈りの幕が下がる時',2,4,2013,448,'どこかで聞いた気がします','0','2019-05-08 00:00:00','2019-05-08 00:00:00'),(20,20,'探偵ガリレオ',2,4,1998,336,'有名らしいですが、読んだことありません','0','2019-05-08 00:00:00','2019-05-08 00:00:00'),(21,21,'予知夢',2,4,2000,272,'たまに見ます','0','2019-05-08 00:00:00','2019-05-08 00:00:00'),(22,22,'容疑者Xの献身',2,4,2005,400,'救いのない話でした','0','2019-05-08 00:00:00','2019-05-08 00:00:00'),(23,23,'秘密の花園',2,5,2002,278,'読んでみたいです','0','2019-05-08 00:00:00','2019-05-08 00:00:00'),(24,24,'ロマンス小説の七日間',2,5,2003,283,'面白そうです','0','2019-05-08 00:00:00','2019-05-08 00:00:00'),(25,25,'私が語りはじめた彼は',2,5,2004,297,'楽しそうです','0','2019-05-08 00:00:00','2019-05-08 00:00:00'),(26,26,'風が強く吹いている',2,5,2006,670,'台風でしょう','0','2019-05-08 00:00:00','2019-05-08 00:00:00'),(27,27,'光',2,5,2008,374,'凄まじく被りそうなタイトルだと思います','0','2019-05-08 00:00:00','2019-05-08 00:00:00'),(28,28,'舟を編む',2,5,2011,259,'途中まで読んで図書館に返しました','0','2019-05-08 00:00:00','2019-05-08 00:00:00'),(29,29,'政と源',2,5,2013,304,'内容が想像できません','0','2019-05-08 00:00:00','2019-05-08 00:00:00'),(30,30,'ののはな通信',2,5,2018,456,'雑誌のようなタイトルです','0','2019-05-08 00:00:00','2019-05-08 00:00:00'),(NULL,31,'foo',3,3,1946,236,'weabduaw','1','2019-05-22 14:29:41','2019-05-22 14:29:41');
/*!40000 ALTER TABLE `book_main_miyamoto` ENABLE KEYS */;
UNLOCK TABLES;

--
-- Table structure for table `castle_main_minami`
--

DROP TABLE IF EXISTS `castle_main_minami`;
/*!40101 SET @saved_cs_client     = @@character_set_client */;
/*!40101 SET character_set_client = utf8 */;
CREATE TABLE `castle_main_minami` (
  `id` int(3) NOT NULL,
  `castle_name` varchar(100) NOT NULL,
  `cashu_name` varchar(50) DEFAULT NULL,
  `prefecture_id` int(2) NOT NULL,
  `castle_year` int(4) DEFAULT NULL,
  `tenshu_id` int(1) DEFAULT NULL,
  `comment` varchar(300) DEFAULT NULL,
  `del_flg` varchar(1) DEFAULT NULL,
  `create_date` datetime NOT NULL,
  `update_date` datetime NOT NULL
) ENGINE=InnoDB DEFAULT CHARSET=utf8;
/*!40101 SET character_set_client = @saved_cs_client */;

--
-- Dumping data for table `castle_main_minami`
--

LOCK TABLES `castle_main_minami` WRITE;
/*!40000 ALTER TABLE `castle_main_minami` DISABLE KEYS */;
INSERT INTO `castle_main_minami` VALUES (1,'会津若松城','葦名直盛',6,1384,1,'維新や白虎隊が好きな人必見','0','2019-05-16 00:00:00','2019-05-16 00:00:00'),(2,'江戸城','徳川家康',12,1457,2,'なんかもう皇居すごすぎ','0','2019-05-16 00:00:00','2019-05-16 00:00:00'),(3,'小田原城','北条氏康',13,1582,1,'再建されたばかりだが見応えあり','0','2019-05-16 00:00:00','2019-05-16 00:00:00'),(4,'石垣三城','豊臣秀吉',13,1566,2,'駅から城跡まで2km歩く','0','2019-05-16 00:00:00','2019-05-16 00:00:00'),(5,'武田氏館','武田信虎',14,1519,2,'武田好きなら行かないと話にならない','0','2019-05-16 00:00:00','2019-05-16 00:00:00'),(6,'甲府城','羽柴秀勝',14,1590,2,'城壁と門構えが素晴らしい','0','2019-05-16 00:00:00','2019-05-16 00:00:00'),(7,'上田城','真田昌幸',15,1583,1,'真田好きは必見だが、桜シーズンはやめておけ','0','2019-05-16 00:00:00','2019-05-16 00:00:00'),(8,'松本城','石川数正',15,1590,1,'国宝5城の一つ。大天守からの景色凄い','0','2019-05-16 00:00:00','2019-05-16 00:00:00'),(9,'高島城','日根野高吉',15,1598,1,'水堀に囲まれてて茶色い天守が特徴','0','2019-05-16 00:00:00','2019-05-16 00:00:00'),(10,'高岡城','前田利長',16,1609,2,'現在は高岡古城公園としてある。内堀は残っている','0','2019-05-16 00:00:00','2019-05-16 00:00:00'),(11,'金沢城','前田利家',17,1580,1,'なまこ壁と鉛瓦が特徴の青白い城','0','2019-05-16 00:00:00','2019-05-16 00:00:00'),(12,'丸岡城','柴田勝豊',18,1576,1,'豪雪に耐えるための石瓦が特徴','0','2019-05-16 00:00:00','2019-05-16 00:00:00'),(13,'岐阜城','斎藤道三',19,1200,1,'険しい山の頂にあるため城につく前に疲れる','0','2019-05-16 00:00:00','2019-05-16 00:00:00'),(14,'岩村城','遠山氏',19,1580,2,'女城主伝説がある城','0','2019-05-16 00:00:00','2019-05-16 00:00:00'),(15,'山中城','北条氏康',20,1560,1,'敷地が広く発掘跡がすごいある','0','2019-05-16 00:00:00','2019-05-16 00:00:00'),(16,'浜松城','徳川家康',20,1570,1,'若き徳川家康の居城として利用されていた','0','2019-05-16 00:00:00','2019-05-16 00:00:00'),(17,'犬山城','織田信康',21,1537,1,'国宝の一つ。当時のままだから階段が急できつい','0','2019-05-16 00:00:00','2019-05-16 00:00:00'),(18,'名古屋城','徳川幕府',21,1609,1,'城内にエレベータがある。完全に観光資料館','0','2019-05-16 00:00:00','2019-05-16 00:00:00'),(19,'清須城','織田信長',21,1405,1,'清須会議の舞台の城','0','2019-05-16 00:00:00','2019-05-16 00:00:00'),(20,'小牧山城','織田信長',21,1563,1,'小牧長久手の戦いが学べる','0','2019-05-16 00:00:00','2019-05-16 00:00:00'),(21,'彦根城','井伊直政',23,1622,1,'井伊家の城とひこにゃんに会える','0','2019-05-16 00:00:00','2019-05-16 00:00:00'),(22,'二条城','徳川家康',24,1603,1,'修学旅行で行く人多そうな城','0','2019-05-16 00:00:00','2019-05-16 00:00:00'),(23,'大阪城','豊臣秀吉',25,1584,1,'立派過ぎてさすが秀吉様のお城','0','2019-05-16 00:00:00','2019-05-16 00:00:00'),(24,'姫路城','赤松貞範',26,1346,1,'世界文化遺産に登録されている','0','2019-05-16 00:00:00','2019-05-16 00:00:00');
/*!40000 ALTER TABLE `castle_main_minami` ENABLE KEYS */;
UNLOCK TABLES;

--
-- Table structure for table `cd_name_sahota`
--

DROP TABLE IF EXISTS `cd_name_sahota`;
/*!40101 SET @saved_cs_client     = @@character_set_client */;
/*!40101 SET character_set_client = utf8 */;
CREATE TABLE `cd_name_sahota` (
  `NO` int(11) DEFAULT NULL,
  `name_id` int(11) DEFAULT NULL,
  `name` varchar(255) DEFAULT NULL,
  `del_flg` varchar(1) DEFAULT NULL,
  `create_date` datetime DEFAULT NULL,
  `update_date` datetime DEFAULT NULL
) ENGINE=InnoDB DEFAULT CHARSET=utf8;
/*!40101 SET character_set_client = @saved_cs_client */;

--
-- Dumping data for table `cd_name_sahota`
--

LOCK TABLES `cd_name_sahota` WRITE;
/*!40000 ALTER TABLE `cd_name_sahota` DISABLE KEYS */;
INSERT INTO `cd_name_sahota` VALUES (1,0,NULL,'0','2019-06-11 12:00:00','2019-06-11 12:00:00'),(2,1,'もしもし原宿','0','2019-06-11 12:00:00','2019-06-11 12:00:00'),(3,2,'ぱみゅぱみゅレボリューション','0','2019-06-11 12:00:00','2019-06-11 12:00:00'),(4,3,'なんだこれくしょん','0','2019-06-11 12:00:00','2019-06-11 12:00:00'),(5,4,'ピカピカふぁんたじん','0','2019-06-11 12:00:00','2019-06-11 12:00:00'),(6,5,'KPP BEST','0','2019-06-11 12:00:00','2019-06-11 12:00:00'),(7,6,'じゃぱみゅ','0','2019-06-11 12:00:00','2019-06-11 12:00:00'),(8,7,'つけまつける','0','2019-06-11 12:00:00','2019-06-11 12:00:00'),(9,8,'CANDY CANDY','0','2019-06-11 12:00:00','2019-06-11 12:00:00'),(10,9,'ファッションモンスター','0','2019-06-11 12:00:00','2019-06-11 12:00:00'),(11,10,'キミに100パーセント/ふりそでーしょん','0','2019-06-11 12:00:00','2019-06-11 12:00:00'),(12,11,'にんじゃりばんばん','0','2019-06-11 12:00:00','2019-06-11 12:00:00'),(13,12,'インベーダーインベーダー','0','2019-06-11 12:00:00','2019-06-11 12:00:00'),(14,13,'もったいないとらんど','0','2019-06-11 12:00:00','2019-06-11 12:00:00'),(15,14,'ゆめのはじまりんりん','0','2019-06-11 12:00:00','2019-06-11 12:00:00'),(16,15,'ファミリーパーティー','0','2019-06-11 12:00:00','2019-06-11 12:00:00'),(17,16,'きらきらキラー','0','2019-06-11 12:00:00','2019-06-11 12:00:00'),(18,17,'もんだいガール','0','2019-06-11 12:00:00','2019-06-11 12:00:00'),(19,18,'Crazy Party Night ～ぱんぷきんの逆襲～','0','2019-06-11 12:00:00','2019-06-11 12:00:00'),(20,19,'最＆高','0','2019-06-11 12:00:00','2019-06-11 12:00:00'),(21,20,'Crazy Crazy/原宿いやほい','0','2019-06-11 12:00:00','2019-06-11 12:00:00'),(22,21,'良すた','0','2019-06-11 12:00:00','2019-06-11 12:00:00'),(23,22,'きみのみかた','0','2019-06-11 12:00:00','2019-06-11 12:00:00'),(24,23,'きみがいいねくれたら','0','2019-06-11 12:00:00','2019-06-11 12:00:00');
/*!40000 ALTER TABLE `cd_name_sahota` ENABLE KEYS */;
UNLOCK TABLES;

--
-- Table structure for table `cd_type_sahota`
--

DROP TABLE IF EXISTS `cd_type_sahota`;
/*!40101 SET @saved_cs_client     = @@character_set_client */;
/*!40101 SET character_set_client = utf8 */;
CREATE TABLE `cd_type_sahota` (
  `NO` int(11) DEFAULT NULL,
  `type_id` int(11) DEFAULT NULL,
  `cd_type` varchar(256) DEFAULT NULL,
  `del_flg` varchar(1) DEFAULT NULL,
  `create_date` datetime DEFAULT NULL,
  `update_date` datetime DEFAULT NULL
) ENGINE=InnoDB DEFAULT CHARSET=utf8;
/*!40101 SET character_set_client = @saved_cs_client */;

--
-- Dumping data for table `cd_type_sahota`
--

LOCK TABLES `cd_type_sahota` WRITE;
/*!40000 ALTER TABLE `cd_type_sahota` DISABLE KEYS */;
INSERT INTO `cd_type_sahota` VALUES (1,0,NULL,'0','2019-06-11 12:00:00','2019-06-11 12:00:00'),(2,1,'アルバム','0','2019-06-11 12:00:00','2019-06-11 12:00:00'),(3,2,'シングル','0','2019-06-11 12:00:00','2019-06-11 12:00:00'),(4,3,'デジタルシングル','0','2019-06-11 12:00:00','2019-06-11 12:00:00');
/*!40000 ALTER TABLE `cd_type_sahota` ENABLE KEYS */;
UNLOCK TABLES;

--
-- Table structure for table `champion_main_tiba`
--

DROP TABLE IF EXISTS `champion_main_tiba`;
/*!40101 SET @saved_cs_client     = @@character_set_client */;
/*!40101 SET character_set_client = utf8 */;
CREATE TABLE `champion_main_tiba` (
  `id` int(11) NOT NULL,
  `champion_name` varchar(256) NOT NULL,
  `class_id` int(20) DEFAULT NULL,
  `country_id` int(20) DEFAULT NULL,
  `achievement` varchar(20) DEFAULT NULL,
  `comment` varchar(256) DEFAULT NULL,
  `del_flg` varchar(1) DEFAULT NULL,
  `create_date` datetime NOT NULL,
  `update_date` datetime NOT NULL,
  PRIMARY KEY (`id`)
) ENGINE=InnoDB DEFAULT CHARSET=utf8;
/*!40101 SET character_set_client = @saved_cs_client */;

--
-- Dumping data for table `champion_main_tiba`
--

LOCK TABLES `champion_main_tiba` WRITE;
/*!40000 ALTER TABLE `champion_main_tiba` DISABLE KEYS */;
INSERT INTO `champion_main_tiba` VALUES (1,'ノックアウト・CP・フレッシュマート',0,0,'17戦１７勝0負け','タイのプロボクサー。現WBA世界ミニマム級王者。ポンサクレック・ウォンジョンカムなど多くの世界王者を輩出したウィラット・ワチララタナウォンがプロモーター兼会長を務め、ピヤラット・ワチララタナウォンがプロモーターを務めるペッインディー所属。','0','2018-03-01 00:00:00','2018-03-00 00:00:00'),(2,'カルロス・カニサレス',1,1,'２２戦２１勝1分','ベネズエラのWBA世界Lフライ級チャンピオン。オーソドックスなスタイルで最高のスタミナと体幹を活かし、無敗の現役ボクサー。','0','2018-03-01 00:00:00','2018-03-01 00:00:00'),(3,'アーテム・ダラキアン',2,2,'１８戦１８勝','ウクライナのプロボクサー。アゼルバイジャンバクー出身。現WBA世界フライ級王者。K2プロモーションズ所属。ガードを上げて攻防分離の状況を作るより、極力身体に触れさせずに自分のパンチだけを当てるボクシングスタイル','0','2018-03-01 00:00:00','2018-03-01 00:00:00'),(4,'カリッド・ヤファイ',3,3,'２５戦２５勝','イギリスのプロボクサー。バーミンガム出身。現WBA世界スーパーフライ級王者。エディー・ハーンのマッチルーム・スポルト所属。背骨が直角に曲がるほどのスウェーバック、背面を完全に相手に見せるほどの深いダッキング、比較的リードブロー打たない変則型ボクシングスタイル。','0','2018-03-01 00:00:00','2018-03-01 00:00:00'),(5,'井上　尚弥',4,4,'１８戦１８勝','日本のプロボクサー。神奈川県座間市出身。大橋ボクシングジム所属。広告代理店・マネジメントは株式会社セカンドキャリア。弟は同じプロボクサーの井上拓真。相手がガードしていても、 ガードの上からパンチを叩き込んでダウンを奪う軽量級離れしたパワーを誇る。オーソドックスボクシングスタイル','0','2018-03-01 00:00:00','2018-03-01 00:00:00'),(6,'ダニー・ローマン',5,5,'３０戦２７勝2負け１分','アメリカ合衆国のプロボクサー。カリフォルニア州ロサンゼルス出身。現WBA世界スーパーバンタム級王者。トンプソン・ボクシングとエディー・ハーンのマッチルーム・スポーツ所属。ジャブとフックのスイッチを得意とするオーソドックスボクシングスタイル。','0','2018-03-01 00:00:00','2018-03-01 00:00:00'),(7,'レオ・サンタ・クルス',6,6,'３８戦３６勝1負け１分','メキシコのプロボクサー。元IBF世界バンタム級王者。元WBC世界スーパーバンタム級王者。現WBA世界フェザー級スーパー王者。世界3階級制覇王者。オーソドックスボクシングスタイル','0','2018-03-01 00:00:00','2018-03-01 00:00:00'),(8,'アンドリュー・カンシオ',7,7,'18戦１７勝１分','アメリカ合衆国のプロボクサー。WBAインターコンチネンタルスーパーフェザー級王座、第43代WBA世界スーパーフェザー級王座。\r\n体格はウェルター級並み、ガードが非常に硬くカウンターを得意とするオーソドックスボクシングスタイル。\r\n','0','2018-03-01 00:00:00','2018-03-01 00:00:00'),(9,'ワシル・ロマチェンコ',8,8,'１４戦１３勝１負け','ウクライナのプロボクサー。オデッサ州ビルホルド・ドニストロフスキー出身。元WBO世界フェザー級王者。元WBO世界スーパーフェザー級王者。現WBAスーパー・WBO世界ライト級統一王者。世界最速の3階級制覇王者。\r\nプレッシャーをかけ手数を多く出して多彩なテクニックを武器に試合を組み立てる。特にコンビネーションを交えたボディ攻撃が巧い。\r\nボクシングスタイルはサウスポー。','0','2018-03-01 00:00:00','2018-03-01 00:00:00'),(10,'キリル・レリック',9,9,'２１戦１９勝２負け','ベラルーシのプロボクサー。第三シードのWBA世界スーパーライト級チャンピオン。\r\n動体視力がよく、独特のリズムのステップやウィービングを持ちリーチが非常に長いオーソドックスボクシングスタイル。\r\n','0','2018-03-01 00:00:00','2018-03-01 00:00:00'),(11,'マニー・パッキャオ',10,10,'７０戦６１勝７負け2分','フィリピンのプロボクサー、政治家、フィリピンプロバスケットボールリーグのバスケットボール選手兼ヘッドコーチ。\r\n元WBC世界フライ級王者。元IBF世界スーパーバンタム級王者。元WBC世界スーパーフェザー級王者。元WBC世界ライト級王者。元WBO世界ウェルター級王者。元WBC世界スーパーウェルター級王者。現WBA世界ウェルター級王者。史上2人目の6階級制覇王者。\r\nスピードとスタミナに優れリングを縦横無尽に動いて手数で圧倒する試合スタイル。サウスポースタイル。','0','2018-03-01 00:00:00','2018-03-01 00:00:00'),(12,'ジュリア・ウィリアムズ',11,11,'２５戦２２勝１負け１分１無効試合','アメリカのプロボクサー。ペンシルバニア州フィラデルフィア出身。\r\nWBCアメリカ大陸スーパーウェルター級王座。\r\n一撃で相手を仕留めるパンチ力を持つ本格派のファイター。\r\nオーソドックスボクシングスタイル。\r\n','0','2018-03-01 00:00:00','2018-03-01 00:00:00'),(13,'ブライアン・カルロス・カスターノ',12,12,'１６戦１５勝１分','アルゼンチンのプロボクサー。ブエノスアイレス州イシドロ・カサノバ出身。現WBA世界スーパーウェルター級王者。\r\nオーソドックスボクシングスタイル。\r\n','0','2018-03-01 00:00:00','2018-03-01 00:00:00'),(14,'サウル・アルバレス',13,13,'５５戦５２勝1負け２分','メキシコのプロボクサー。元WBA・WBC世界スーパーウェルター級王者。元WBO世界スーパーウェルター級王者。現WBAスーパー・WBC・IBF世界ミドル級王者。世界3階級制覇王者。\r\nオーソドックスボクシングスタイル。\r\n','0','2018-03-01 00:00:00','2018-03-01 00:00:00'),(15,'ロブ・プラント',14,14,'１６戦１４勝1負け1分','アメリカ合衆国のプロボクサー。WBA世界ミドル級王者。\r\n右ボクサーファイタースタイル。','0','2018-03-01 00:00:00','2018-03-01 00:00:00'),(16,'カラム・スミス',15,15,'１７戦１7勝','イギリスのプロボクサー。リヴァプール出身。元WBO世界スーパーウェルター級王者。\r\nオーソドックスボクシングスタイル。','0','2018-03-01 00:00:00','2018-03-01 00:00:00'),(17,'ディミトリー・ビボル',16,16,'１５戦１５勝','ロシアのプロボクサー。キルギストクマク出身。現WBA世界ライトヘビー級王者。\r\n誰がみてもわかりやすい、速いの・上手いの・強いの・3拍子揃ったエリートボクシングです。重量級なのにとにかく速いオーソドックスコンビネーション型スタイル','0','2018-03-01 00:00:00','2018-03-01 00:00:00'),(18,'ベイバット・シュメノフ',17,17,'２０戦１８勝２負け','カザフスタンのプロボクサー。南カザフスタン州シムケント出身。元WBA世界ライトヘビー級スーパー王者。現WBA世界クルーザー級王者。世界2階級制覇王者。右のフックを武器にバックボーンである空手を感じさせる独特のオーソドックスボクシングスタイル。\r\n','0','2018-03-01 00:00:00','2018-03-01 00:00:00'),(19,'デニス・レべデフ',18,18,'３４戦３１勝２負け','ロシアのプロボクサー。ベルゴロド州スタールイ・オスコル出身。現WBA世界クルーザー級休養王者。元IBF世界クルーザー級王者。ロシアのプロボクサーの多くが国外に拠点を移す一方、レベデフはロシアを活動拠点としている。パワフルなファイトを展開し強烈なフックで仕留める選手。サウスポースタイル。','0','2018-03-01 00:00:00','2018-03-01 00:00:00'),(20,'マニュエルチャー',19,19,'３５戦３１勝４負け','ドイツのプロボクサー。WBCバルチックヘビー級王座、WBAインターナショナルヘビー級王座、WBA世界ヘビー級王者。\r\nムエタイのドイツ王者でガードが固くスピードのあるボクサー。\r\nオーソドックスボクシングスタイル。','0','2018-03-01 00:00:00','2018-03-01 00:00:00'),(21,'アンソニー・ジョシュア',20,20,'２２戦２２勝','イギリスのプロボクサー。イングランド・ワトフォード出身。現WBAスーパー・IBF・WBO世界ヘビー級統一王者。ロンドンオリンピックスーパーヘビー級金メダリスト。距離を詰めながらの右ストレートを武器にし、一発が重いボクサー。オーソドックスボクシングスタイル。','0','2018-03-01 00:00:00','2018-03-01 00:00:00');
/*!40000 ALTER TABLE `champion_main_tiba` ENABLE KEYS */;
UNLOCK TABLES;

--
-- Table structure for table `class_tiba`
--

DROP TABLE IF EXISTS `class_tiba`;
/*!40101 SET @saved_cs_client     = @@character_set_client */;
/*!40101 SET character_set_client = utf8 */;
CREATE TABLE `class_tiba` (
  `id` int(20) NOT NULL,
  `class` varchar(256) DEFAULT NULL,
  `del_flg` varchar(1) DEFAULT NULL,
  `create_date` datetime NOT NULL,
  `update_date` datetime NOT NULL,
  PRIMARY KEY (`id`)
) ENGINE=InnoDB DEFAULT CHARSET=utf8;
/*!40101 SET character_set_client = @saved_cs_client */;

--
-- Dumping data for table `class_tiba`
--

LOCK TABLES `class_tiba` WRITE;
/*!40000 ALTER TABLE `class_tiba` DISABLE KEYS */;
INSERT INTO `class_tiba` VALUES (0,'','0','2018-03-01 00:00:00','2018-03-01 00:00:00'),(1,'ミニマム',' ','2018-03-01 00:00:00','2018-03-01 00:00:00'),(2,'ライトフライ','0','2018-03-01 00:00:00','2018-03-01 00:00:00'),(3,'ライト','0','2018-03-01 00:00:00','2018-03-01 00:00:00'),(4,'スーパーフライ','0','2018-03-01 00:00:00','2018-03-01 00:00:00'),(5,'バンダム','0','2018-03-01 00:00:00','2018-03-01 00:00:00'),(6,'スーパーバンダム','0','2018-03-01 00:00:00','2018-03-01 00:00:00'),(7,'フェザー','0','2018-03-01 00:00:00','2018-03-01 00:00:00'),(8,'スーパーフェザー','0','2018-03-01 00:00:00','2018-03-01 00:00:00'),(9,'ラト','0','2018-03-01 00:00:00','2018-03-01 00:00:00'),(10,'スーパーライト','0','2018-03-01 00:00:00','2018-03-01 00:00:00'),(11,'ウェルダー','0','2018-03-01 00:00:00','2018-03-01 00:00:00'),(12,'スーパーウェルダー','0','2018-03-01 00:00:00','2018-03-01 00:00:00'),(13,'ミドル','0','2018-03-01 00:00:00','2018-03-01 00:00:00'),(14,'スーパーミドル','0','2018-03-01 00:00:00','2018-03-01 00:00:00'),(15,'ライトヘビー','0','2018-03-01 00:00:00','2018-03-01 00:00:00'),(16,'クルーザー','0','2018-03-01 00:00:00','2018-03-01 00:00:00'),(17,'ヘビー','0','2018-03-01 00:00:00','2018-03-01 00:00:00');
/*!40000 ALTER TABLE `class_tiba` ENABLE KEYS */;
UNLOCK TABLES;

--
-- Table structure for table `color_nakai`
--

DROP TABLE IF EXISTS `color_nakai`;
/*!40101 SET @saved_cs_client     = @@character_set_client */;
/*!40101 SET character_set_client = utf8 */;
CREATE TABLE `color_nakai` (
  `color_id` int(11) NOT NULL,
  `color` varchar(256) DEFAULT NULL,
  `del_flg` varchar(1) NOT NULL,
  `create_date` datetime NOT NULL,
  `update_date` datetime NOT NULL
) ENGINE=InnoDB DEFAULT CHARSET=utf8;
/*!40101 SET character_set_client = @saved_cs_client */;

--
-- Dumping data for table `color_nakai`
--

LOCK TABLES `color_nakai` WRITE;
/*!40000 ALTER TABLE `color_nakai` DISABLE KEYS */;
INSERT INTO `color_nakai` VALUES (0,NULL,'0','2018-10-15 00:00:00','2018-10-15 00:00:00'),(1,'白','0','2018-10-09 00:00:00','2018-10-09 00:00:00'),(2,'黄','0','2018-10-09 00:00:00','2018-10-09 00:00:00'),(3,'オレンジ','0','2018-10-09 00:00:00','2018-10-09 00:00:00'),(4,'ピンク','0','2018-10-09 00:00:00','2018-10-09 00:00:00'),(5,'赤','0','2018-10-09 00:00:00','2018-10-09 00:00:00'),(6,'青','0','2018-10-09 00:00:00','2018-10-09 00:00:00'),(7,'紫','0','2018-10-09 00:00:00','2018-10-09 00:00:00'),(8,'緑','0','2018-10-09 00:00:00','2018-10-09 00:00:00'),(9,'その他','0','2018-10-09 00:00:00','2018-10-09 00:00:00'),(0,NULL,'0','2018-10-15 00:00:00','2018-10-15 00:00:00'),(1,'白','0','2018-10-09 00:00:00','2018-10-09 00:00:00'),(2,'黄','0','2018-10-09 00:00:00','2018-10-09 00:00:00'),(3,'オレンジ','0','2018-10-09 00:00:00','2018-10-09 00:00:00'),(4,'ピンク','0','2018-10-09 00:00:00','2018-10-09 00:00:00'),(5,'赤','0','2018-10-09 00:00:00','2018-10-09 00:00:00'),(6,'青','0','2018-10-09 00:00:00','2018-10-09 00:00:00'),(7,'紫','0','2018-10-09 00:00:00','2018-10-09 00:00:00'),(8,'緑','0','2018-10-09 00:00:00','2018-10-09 00:00:00'),(9,'その他','0','2018-10-09 00:00:00','2018-10-09 00:00:00');
/*!40000 ALTER TABLE `color_nakai` ENABLE KEYS */;
UNLOCK TABLES;

--
-- Table structure for table `company_fujimoto`
--

DROP TABLE IF EXISTS `company_fujimoto`;
/*!40101 SET @saved_cs_client     = @@character_set_client */;
/*!40101 SET character_set_client = utf8 */;
CREATE TABLE `company_fujimoto` (
  `id` int(11) NOT NULL,
  `company` varchar(256) DEFAULT NULL,
  `del_flg` varchar(1) DEFAULT NULL,
  `create_date` datetime DEFAULT NULL,
  `update_date` datetime DEFAULT NULL
) ENGINE=InnoDB DEFAULT CHARSET=utf8;
/*!40101 SET character_set_client = @saved_cs_client */;

--
-- Dumping data for table `company_fujimoto`
--

LOCK TABLES `company_fujimoto` WRITE;
/*!40000 ALTER TABLE `company_fujimoto` DISABLE KEYS */;
INSERT INTO `company_fujimoto` VALUES (0,'','0','2019-05-20 10:27:00','2019-05-20 10:27:00'),(1,'Seagull','0','2019-05-20 10:27:00','2019-05-20 10:27:00'),(2,'Anuenue','0','2019-05-20 10:27:00','2019-05-20 10:27:00'),(3,'Headway','0','2019-05-20 10:27:00','2019-05-20 10:27:00'),(4,'Taylor','0','2019-05-20 10:27:00','2019-05-20 10:27:00'),(5,'MARTIN','0','2019-05-20 10:27:00','2019-05-20 10:27:00');
/*!40000 ALTER TABLE `company_fujimoto` ENABLE KEYS */;
UNLOCK TABLES;

--
-- Table structure for table `country_tiba`
--

DROP TABLE IF EXISTS `country_tiba`;
/*!40101 SET @saved_cs_client     = @@character_set_client */;
/*!40101 SET character_set_client = utf8 */;
CREATE TABLE `country_tiba` (
  `id` int(20) NOT NULL,
  `country` varchar(255) DEFAULT NULL,
  `del_flg` varchar(1) DEFAULT NULL,
  `create_date` datetime NOT NULL,
  `update_date` datetime NOT NULL,
  PRIMARY KEY (`id`)
) ENGINE=InnoDB DEFAULT CHARSET=utf8;
/*!40101 SET character_set_client = @saved_cs_client */;

--
-- Dumping data for table `country_tiba`
--

LOCK TABLES `country_tiba` WRITE;
/*!40000 ALTER TABLE `country_tiba` DISABLE KEYS */;
INSERT INTO `country_tiba` VALUES (0,'','0','2018-03-01 00:00:00','2018-03-01 00:00:00'),(1,'タイ','0','2018-03-01 00:00:00','2018-03-01 00:00:00'),(2,'ベネズエラ','0','2018-03-01 00:00:00','2018-03-01 00:00:00'),(3,'ウクライナ','0','2018-03-01 00:00:00','2018-03-01 00:00:00'),(4,'イギリス','0','2018-03-01 00:00:00','2018-03-01 00:00:00'),(5,'日本','0','2018-03-01 00:00:00','2018-03-01 00:00:00'),(6,'アメリカ','0','2018-03-01 00:00:00','2018-03-01 00:00:00'),(7,'メキシコ','0','2018-03-01 00:00:00','2018-03-01 00:00:00'),(8,'アメリカ','0','2018-03-01 00:00:00','2018-03-01 00:00:00'),(9,'ウクライナ','0','2018-03-01 00:00:00','2018-03-01 00:00:00'),(10,'ベラルーシ','0','2018-03-01 00:00:00','2018-03-01 00:00:00'),(11,'フィリピン','0','2018-03-01 00:00:00','2018-03-01 00:00:00'),(12,'アメリカ','0','2018-03-01 00:00:00','2018-03-01 00:00:00'),(13,'アルゼンチン','0','2018-03-01 00:00:00','2018-03-01 00:00:00'),(14,'メキシコ','0','2018-03-01 00:00:00','2018-03-01 00:00:00'),(15,'アメリカ','0','2018-03-01 00:00:00','2018-03-01 00:00:00'),(16,'イギリス','0','2018-03-01 00:00:00','2018-03-01 00:00:00'),(17,'ロシア','0','2018-03-01 00:00:00','2018-03-01 00:00:00'),(18,'カザフスタン','0','2018-03-01 00:00:00','2018-03-01 00:00:00'),(19,'ロシア','0','2018-03-01 00:00:00','2018-03-01 00:00:00'),(20,'レバノン','0','2018-03-01 00:00:00','2018-03-01 00:00:00'),(21,'イギリス','0','2018-03-01 00:00:00','2018-03-01 00:00:00');
/*!40000 ALTER TABLE `country_tiba` ENABLE KEYS */;
UNLOCK TABLES;

--
-- Table structure for table `deck_okugawa`
--

DROP TABLE IF EXISTS `deck_okugawa`;
/*!40101 SET @saved_cs_client     = @@character_set_client */;
/*!40101 SET character_set_client = utf8 */;
CREATE TABLE `deck_okugawa` (
  `id` int(11) NOT NULL,
  `deck_attribute` varchar(256) DEFAULT NULL,
  `del_flg` varchar(1) DEFAULT NULL,
  `create_date` datetime NOT NULL,
  `update_date` datetime NOT NULL,
  PRIMARY KEY (`id`)
) ENGINE=InnoDB DEFAULT CHARSET=utf8;
/*!40101 SET character_set_client = @saved_cs_client */;

--
-- Dumping data for table `deck_okugawa`
--

LOCK TABLES `deck_okugawa` WRITE;
/*!40000 ALTER TABLE `deck_okugawa` DISABLE KEYS */;
INSERT INTO `deck_okugawa` VALUES (0,NULL,'0','2019-06-10 12:00:00','2019-06-10 12:00:00'),(1,'炎','0','2019-06-10 12:00:00','2019-06-10 12:00:00'),(2,'水','0','2019-06-10 12:00:00','2019-06-10 12:00:00'),(3,'地','0','2019-06-10 12:00:00','2019-06-10 12:00:00'),(4,'風','0','2019-06-10 12:00:00','2019-06-10 12:00:00'),(5,'光','0','2019-06-10 12:00:00','2019-06-10 12:00:00'),(6,'闇','0','2019-06-10 12:00:00','2019-06-10 12:00:00');
/*!40000 ALTER TABLE `deck_okugawa` ENABLE KEYS */;
UNLOCK TABLES;

--
-- Table structure for table `district_uezu`
--

DROP TABLE IF EXISTS `district_uezu`;
/*!40101 SET @saved_cs_client     = @@character_set_client */;
/*!40101 SET character_set_client = utf8 */;
CREATE TABLE `district_uezu` (
  `id` int(11) NOT NULL,
  `district` varchar(256) DEFAULT NULL,
  `del_flg` varchar(1) DEFAULT NULL,
  `create_date` datetime NOT NULL,
  `update_date` datetime NOT NULL,
  PRIMARY KEY (`id`)
) ENGINE=InnoDB DEFAULT CHARSET=utf8;
/*!40101 SET character_set_client = @saved_cs_client */;

--
-- Dumping data for table `district_uezu`
--

LOCK TABLES `district_uezu` WRITE;
/*!40000 ALTER TABLE `district_uezu` DISABLE KEYS */;
INSERT INTO `district_uezu` VALUES (0,NULL,'0','2019-05-21 00:00:00','2019-05-21 00:00:00'),(1,'東地区','0','2019-05-21 00:00:00','2019-05-21 00:00:00'),(2,'中地区','0','2019-05-21 00:00:00','2019-05-21 00:00:00'),(3,'西地区','0','2019-05-21 00:00:00','2019-05-21 00:00:00');
/*!40000 ALTER TABLE `district_uezu` ENABLE KEYS */;
UNLOCK TABLES;

--
-- Table structure for table `fa`
--

DROP TABLE IF EXISTS `fa`;
/*!40101 SET @saved_cs_client     = @@character_set_client */;
/*!40101 SET character_set_client = utf8 */;
CREATE TABLE `fa` (
  `id` int(10) NOT NULL,
  `band_name` varchar(100) NOT NULL,
  `member` int(2) DEFAULT NULL,
  `band_year` int(4) DEFAULT NULL,
  `band_sex` int(2) DEFAULT NULL,
  `genre_id` int(2) DEFAULT NULL,
  `comment` varchar(300) DEFAULT NULL,
  PRIMARY KEY (`id`)
) ENGINE=InnoDB DEFAULT CHARSET=utf8;
/*!40101 SET character_set_client = @saved_cs_client */;

--
-- Dumping data for table `fa`
--

LOCK TABLES `fa` WRITE;
/*!40000 ALTER TABLE `fa` DISABLE KEYS */;
/*!40000 ALTER TABLE `fa` ENABLE KEYS */;
UNLOCK TABLES;

--
-- Table structure for table `feature_sakuma`
--

DROP TABLE IF EXISTS `feature_sakuma`;
/*!40101 SET @saved_cs_client     = @@character_set_client */;
/*!40101 SET character_set_client = utf8 */;
CREATE TABLE `feature_sakuma` (
  `id` int(1) NOT NULL,
  `feature_name` varchar(256) DEFAULT NULL,
  `del_flg` varchar(1) DEFAULT NULL,
  `create_date` datetime NOT NULL,
  `update_date` datetime NOT NULL
) ENGINE=InnoDB DEFAULT CHARSET=utf8;
/*!40101 SET character_set_client = @saved_cs_client */;

--
-- Dumping data for table `feature_sakuma`
--

LOCK TABLES `feature_sakuma` WRITE;
/*!40000 ALTER TABLE `feature_sakuma` DISABLE KEYS */;
INSERT INTO `feature_sakuma` VALUES (0,NULL,NULL,'2019-07-08 11:00:00','2019-07-08 11:00:00'),(1,'回復','0','2019-07-08 11:00:00','2019-07-08 11:00:00'),(2,'攻撃','0','2019-07-08 11:00:00','2019-07-08 11:00:00'),(3,'前進','0','2019-07-08 11:00:00','2019-07-08 11:00:00'),(4,'先手','0','2019-07-08 11:00:00','2019-07-08 11:00:00'),(5,'追撃','0','2019-07-08 11:00:00','2019-07-08 11:00:00'),(6,'突撃','0','2019-07-08 11:00:00','2019-07-08 11:00:00'),(7,'爆発力','0','2019-07-08 11:00:00','2019-07-08 11:00:00'),(8,'妨害','0','2019-07-08 11:00:00','2019-07-08 11:00:00'),(9,'ポーク','0','2019-07-08 11:00:00','2019-07-08 11:00:00');
/*!40000 ALTER TABLE `feature_sakuma` ENABLE KEYS */;
UNLOCK TABLES;

--
-- Table structure for table `flower_main_nakai`
--

DROP TABLE IF EXISTS `flower_main_nakai`;
/*!40101 SET @saved_cs_client     = @@character_set_client */;
/*!40101 SET character_set_client = utf8 */;
CREATE TABLE `flower_main_nakai` (
  `id` int(11) NOT NULL,
  `flower_image` varchar(256) DEFAULT NULL,
  `flower_name` varchar(256) NOT NULL,
  `month_id` int(11) NOT NULL,
  `color_id` int(11) NOT NULL,
  `country` varchar(256) DEFAULT NULL,
  `word` varchar(256) DEFAULT NULL,
  `del_flg` varchar(1) DEFAULT NULL,
  `create_date` datetime NOT NULL,
  `update_date` datetime NOT NULL
) ENGINE=InnoDB DEFAULT CHARSET=utf8;
/*!40101 SET character_set_client = @saved_cs_client */;

--
-- Dumping data for table `flower_main_nakai`
--

LOCK TABLES `flower_main_nakai` WRITE;
/*!40000 ALTER TABLE `flower_main_nakai` DISABLE KEYS */;
INSERT INTO `flower_main_nakai` VALUES (1,'/FlowerNakai/ume.jpg','梅（ウメ）',1,1,'中国','高潔、澄んだ心','0','2018-10-09 00:00:00','2018-10-09 00:00:00'),(2,'/FlowerNakai/sazanka.jpg','山茶花（サザンカ）',1,4,'日本','素直、飾らない心','0','2018-10-09 00:00:00','2018-10-09 00:00:00'),(3,'/FlowerNakai/cyclamen.jpg','シクラメン',2,7,'トルコ','清純、はにかみ、思慮深い','0','2018-10-09 00:00:00','2018-10-09 00:00:00'),(4,'/FlowerNakai/fukujuso.jpg','福寿草（フクジュソウ）',2,2,'日本','幸せを招く','0','2018-10-09 00:00:00','2018-10-09 00:00:00'),(5,'/FlowerNakai/momo.jpg','桃（モモ）',3,4,'中国','チャーミング、私はあなたの虜','0','2018-10-09 00:00:00','2018-10-09 00:00:00'),(6,'/FlowerNakai/boke.jpg','木瓜（ボケ）',3,5,'中国','平凡','0','2018-10-09 00:00:00','2018-10-09 00:00:00'),(7,'/FlowerNakai/sakura.jpg','桜（サクラ）',4,4,'日本','高尚、教養、心の美','0','2018-10-09 00:00:00','2018-10-09 00:00:00'),(8,'/FlowerNakai/fuji.jpg','藤（フジ）',4,7,'日本','恋に酔う','0','2018-10-09 00:00:00','2018-10-09 00:00:00'),(9,'/FlowerNakai/carnation.jpg','カーネーション',5,5,'地中海沿岸から西アジア','純愛','0','2018-10-09 00:00:00','2018-10-09 00:00:00'),(10,'/FlowerNakai/ayame.jpg','菖蒲（アヤメ）',5,6,'ユーラシア大陸','気品漂う','0','2018-10-09 00:00:00','2018-10-09 00:00:00'),(11,'/FlowerNakai/gakuajisai.jpg','額紫陽花（ガクアジサイ）',6,7,'日本','謙虚','0','2018-10-09 00:00:00','2018-10-09 00:00:00'),(12,'/FlowerNakai/shirotsumekusa.jpg','シロツメクサ（クローバー）',6,1,'ヨーロッパ','約束','0','2018-10-09 00:00:00','2018-10-09 00:00:00'),(13,'/FlowerNakai/hozuki.jpg','鬼灯（ホオヅキ）',7,3,'東南アジア','笑顔','0','2018-10-09 00:00:00','2018-10-09 00:00:00'),(14,'/FlowerNakai/kikyo.jpg','桔梗（キキョウ）',7,6,'日本','不屈の心','0','2018-10-09 00:00:00','2018-10-09 00:00:00'),(15,'/FlowerNakai/himawari.jpg','向日葵（ヒマワリ）',8,2,'北米','栄光','0','2018-10-09 00:00:00','2018-10-09 00:00:00'),(16,'/FlowerNakai/hibisucus.jpg','ハイビスカス',8,5,'不明','繊細な美','0','2018-10-09 00:00:00','2018-10-09 00:00:00'),(17,'/FlowerNakai/kiku.jpg','菊（キク）',9,2,'中国','信頼','0','2018-10-09 00:00:00','2018-10-09 00:00:00'),(18,'/FlowerNakai/manjusyage.jpg','曼珠沙華（マンジュシャゲ）',9,5,'中国','感謝','0','2018-10-09 00:00:00','2018-10-09 00:00:00'),(19,'/FlowerNakai/kinmokusei.jpg','金木犀（キンモクセイ）',10,2,'中国','変わらぬ魅力','0','2018-10-09 00:00:00','2018-10-09 00:00:00'),(20,'/FlowerNakai/susuki.jpg','薄（ススキ）',10,8,'中国','秋風に想いを乗せて','0','2018-10-09 00:00:00','2018-10-09 00:00:00'),(21,'/FlowerNakai/marygold.jpg','マリーゴールド',11,3,'メキシコ','嫉妬、絶望、悲しみ','0','2018-10-09 00:00:00','2018-10-09 00:00:00'),(22,'/FlowerNakai/bara.jpg','薔薇（バラ）',11,4,'不明','しとやか、上品、可愛い人','0','2018-10-09 00:00:00','2018-10-09 00:00:00'),(23,'/FlowerNakai/nanten.jpg','南天（ナンテン）',12,1,'中国','ますます幸せ','0','2018-10-09 00:00:00','2018-10-09 00:00:00'),(24,'/FlowerNakai/poinsettia.jpg','ポインセチア',12,5,'メキシコ','祝福','0','2018-10-09 00:00:00','2018-10-09 00:00:00'),(25,NULL,'山法師（ヤマボウシ）',5,8,'日本、中国、朝鮮半島','友情','0','2018-10-16 09:29:34','2018-10-16 09:29:34'),(1,'/FlowerNakai/ume.jpg','梅（ウメ）',1,1,'中国','高潔、澄んだ心','0','2018-10-09 00:00:00','2018-10-09 00:00:00'),(2,'/FlowerNakai/sazanka.jpg','山茶花（サザンカ）',1,4,'日本','素直、飾らない心','0','2018-10-09 00:00:00','2018-10-09 00:00:00'),(3,'/FlowerNakai/cyclamen.jpg','シクラメン',2,7,'トルコ','清純、はにかみ、思慮深い','0','2018-10-09 00:00:00','2018-10-09 00:00:00'),(4,'/FlowerNakai/fukujuso.jpg','福寿草（フクジュソウ）',2,2,'日本','幸せを招く','0','2018-10-09 00:00:00','2018-10-09 00:00:00'),(5,'/FlowerNakai/momo.jpg','桃（モモ）',3,4,'中国','チャーミング、私はあなたの虜','0','2018-10-09 00:00:00','2018-10-09 00:00:00'),(6,'/FlowerNakai/boke.jpg','木瓜（ボケ）',3,5,'中国','平凡','0','2018-10-09 00:00:00','2018-10-09 00:00:00'),(7,'/FlowerNakai/sakura.jpg','桜（サクラ）',4,4,'日本','高尚、教養、心の美','0','2018-10-09 00:00:00','2018-10-09 00:00:00'),(8,'/FlowerNakai/fuji.jpg','藤（フジ）',4,7,'日本','恋に酔う','0','2018-10-09 00:00:00','2018-10-09 00:00:00'),(9,'/FlowerNakai/carnation.jpg','カーネーション',5,5,'地中海沿岸から西アジア','純愛','0','2018-10-09 00:00:00','2018-10-09 00:00:00'),(10,'/FlowerNakai/ayame.jpg','菖蒲（アヤメ）',5,6,'ユーラシア大陸','気品漂う','0','2018-10-09 00:00:00','2018-10-09 00:00:00'),(11,'/FlowerNakai/gakuajisai.jpg','額紫陽花（ガクアジサイ）',6,7,'日本','謙虚','0','2018-10-09 00:00:00','2018-10-09 00:00:00'),(12,'/FlowerNakai/shirotsumekusa.jpg','シロツメクサ（クローバー）',6,1,'ヨーロッパ','約束','0','2018-10-09 00:00:00','2018-10-09 00:00:00'),(13,'/FlowerNakai/hozuki.jpg','鬼灯（ホオヅキ）',7,3,'東南アジア','笑顔','0','2018-10-09 00:00:00','2018-10-09 00:00:00'),(14,'/FlowerNakai/kikyo.jpg','桔梗（キキョウ）',7,6,'日本','不屈の心','0','2018-10-09 00:00:00','2018-10-09 00:00:00'),(15,'/FlowerNakai/himawari.jpg','向日葵（ヒマワリ）',8,2,'北米','栄光','0','2018-10-09 00:00:00','2018-10-09 00:00:00'),(16,'/FlowerNakai/hibisucus.jpg','ハイビスカス',8,5,'不明','繊細な美','0','2018-10-09 00:00:00','2018-10-09 00:00:00'),(17,'/FlowerNakai/kiku.jpg','菊（キク）',9,2,'中国','信頼','0','2018-10-09 00:00:00','2018-10-09 00:00:00'),(18,'/FlowerNakai/manjusyage.jpg','曼珠沙華（マンジュシャゲ）',9,5,'中国','感謝','0','2018-10-09 00:00:00','2018-10-09 00:00:00'),(19,'/FlowerNakai/kinmokusei.jpg','金木犀（キンモクセイ）',10,2,'中国','変わらぬ魅力','0','2018-10-09 00:00:00','2018-10-09 00:00:00'),(20,'/FlowerNakai/susuki.jpg','薄（ススキ）',10,8,'中国','秋風に想いを乗せて','0','2018-10-09 00:00:00','2018-10-09 00:00:00'),(21,'/FlowerNakai/marygold.jpg','マリーゴールド',11,3,'メキシコ','嫉妬、絶望、悲しみ','0','2018-10-09 00:00:00','2018-10-09 00:00:00'),(22,'/FlowerNakai/bara.jpg','薔薇（バラ）',11,4,'不明','しとやか、上品、可愛い人','0','2018-10-09 00:00:00','2018-10-09 00:00:00'),(23,'/FlowerNakai/nanten.jpg','南天（ナンテン）',12,1,'中国','ますます幸せ','0','2018-10-09 00:00:00','2018-10-09 00:00:00'),(24,'/FlowerNakai/poinsettia.jpg','ポインセチア',12,5,'メキシコ','祝福','0','2018-10-09 00:00:00','2018-10-09 00:00:00'),(25,NULL,'山法師（ヤマボウシ）',5,8,'日本、中国、朝鮮半島','友情','0','2018-10-16 09:29:34','2018-10-16 09:29:34');
/*!40000 ALTER TABLE `flower_main_nakai` ENABLE KEYS */;
UNLOCK TABLES;

--
-- Table structure for table `genre`
--

DROP TABLE IF EXISTS `genre`;
/*!40101 SET @saved_cs_client     = @@character_set_client */;
/*!40101 SET character_set_client = utf8 */;
CREATE TABLE `genre` (
  `id` int(11) NOT NULL,
  `genre` varchar(255) NOT NULL,
  `del_flg` int(1) DEFAULT NULL,
  `create_date` varchar(14) NOT NULL,
  `update_date` varchar(14) NOT NULL,
  PRIMARY KEY (`id`)
) ENGINE=InnoDB DEFAULT CHARSET=utf8;
/*!40101 SET character_set_client = @saved_cs_client */;

--
-- Dumping data for table `genre`
--

LOCK TABLES `genre` WRITE;
/*!40000 ALTER TABLE `genre` DISABLE KEYS */;
INSERT INTO `genre` VALUES (0,'',0,'2017/11/08','2017/11/08'),(1,'アクション',0,'2017/11/08','2017/11/08'),(2,'サスペンス',0,'2017/11/08','2017/11/08'),(3,'ヒューマン',0,'2017/11/08','2017/11/08'),(4,'ホラー',0,'2017/11/08','2017/11/08'),(5,'コメディ',0,'2017/11/08','2017/11/08');
/*!40000 ALTER TABLE `genre` ENABLE KEYS */;
UNLOCK TABLES;

--
-- Table structure for table `genre_ishikawa`
--

DROP TABLE IF EXISTS `genre_ishikawa`;
/*!40101 SET @saved_cs_client     = @@character_set_client */;
/*!40101 SET character_set_client = utf8 */;
CREATE TABLE `genre_ishikawa` (
  `id` int(11) DEFAULT NULL,
  `genre` varchar(256) DEFAULT NULL,
  `del_flg` varchar(1) DEFAULT NULL,
  `create_date` datetime DEFAULT NULL,
  `update_date` datetime DEFAULT NULL
) ENGINE=InnoDB DEFAULT CHARSET=utf8;
/*!40101 SET character_set_client = @saved_cs_client */;

--
-- Dumping data for table `genre_ishikawa`
--

LOCK TABLES `genre_ishikawa` WRITE;
/*!40000 ALTER TABLE `genre_ishikawa` DISABLE KEYS */;
INSERT INTO `genre_ishikawa` VALUES (1,'主食','0','2018-10-10 00:00:00','2018-10-10 00:00:00'),(2,'主菜','0','2018-10-10 00:00:00','2018-10-10 00:00:00'),(3,'副菜','0','2018-10-10 00:00:00','2018-10-10 00:00:00'),(0,'','0','2018-10-10 00:00:00','2018-10-10 00:00:00'),(0,'','0','2018-10-10 00:00:00','2018-10-10 00:00:00'),(1,'主食','0','2018-10-10 00:00:00','2018-10-10 00:00:00'),(2,'主菜','0','2018-10-10 00:00:00','2018-10-10 00:00:00'),(3,'副菜','0','2018-10-10 00:00:00','2018-10-10 00:00:00');
/*!40000 ALTER TABLE `genre_ishikawa` ENABLE KEYS */;
UNLOCK TABLES;

--
-- Table structure for table `genre_kataoka`
--

DROP TABLE IF EXISTS `genre_kataoka`;
/*!40101 SET @saved_cs_client     = @@character_set_client */;
/*!40101 SET character_set_client = utf8 */;
CREATE TABLE `genre_kataoka` (
  `id` int(1) NOT NULL,
  `genre` varchar(20) NOT NULL,
  `del_flg` varchar(1) DEFAULT NULL,
  `create_date` timestamp NOT NULL DEFAULT current_timestamp() ON UPDATE current_timestamp(),
  `update_date` timestamp NOT NULL DEFAULT '0000-00-00 00:00:00'
) ENGINE=InnoDB DEFAULT CHARSET=utf8;
/*!40101 SET character_set_client = @saved_cs_client */;

--
-- Dumping data for table `genre_kataoka`
--

LOCK TABLES `genre_kataoka` WRITE;
/*!40000 ALTER TABLE `genre_kataoka` DISABLE KEYS */;
INSERT INTO `genre_kataoka` VALUES (0,'','0','2018-09-26 23:49:48','2018-09-17 06:00:00'),(1,'文化遺産','0','2018-09-17 06:00:00','2018-09-17 06:00:00'),(2,'自然遺産','0','2018-09-17 06:00:00','2018-09-17 06:00:00'),(0,'','0','2018-09-26 23:49:48','2018-09-17 06:00:00'),(1,'文化遺産','0','2018-09-17 06:00:00','2018-09-17 06:00:00'),(2,'自然遺産','0','2018-09-17 06:00:00','2018-09-17 06:00:00');
/*!40000 ALTER TABLE `genre_kataoka` ENABLE KEYS */;
UNLOCK TABLES;

--
-- Table structure for table `genre_kurihara`
--

DROP TABLE IF EXISTS `genre_kurihara`;
/*!40101 SET @saved_cs_client     = @@character_set_client */;
/*!40101 SET character_set_client = utf8 */;
CREATE TABLE `genre_kurihara` (
  `id` int(11) NOT NULL,
  `genre` varchar(256) DEFAULT NULL,
  `del_flg` int(11) DEFAULT NULL,
  `create_date` datetime NOT NULL,
  `update_date` datetime NOT NULL
) ENGINE=InnoDB DEFAULT CHARSET=utf8;
/*!40101 SET character_set_client = @saved_cs_client */;

--
-- Dumping data for table `genre_kurihara`
--

LOCK TABLES `genre_kurihara` WRITE;
/*!40000 ALTER TABLE `genre_kurihara` DISABLE KEYS */;
INSERT INTO `genre_kurihara` VALUES (0,NULL,0,'2019-05-08 00:00:00','2019-05-08 00:00:00'),(1,'家',0,'2019-05-08 00:00:00','2019-05-08 00:00:00'),(2,'家（大）',0,'2019-05-08 00:00:00','2019-05-08 00:00:00'),(3,'城',0,'2019-05-08 00:00:00','2019-05-08 00:00:00'),(4,'軍事施設',0,'2019-05-08 00:00:00','2019-05-08 00:00:00'),(5,'工業施設',0,'2019-05-08 00:00:00','2019-05-08 00:00:00'),(6,'商業施設',0,'2019-05-08 00:00:00','2019-05-08 00:00:00'),(7,'医療・公共施設',0,'2019-05-08 00:00:00','2019-05-08 00:00:00'),(8,'群市町村',0,'2019-05-08 00:00:00','2019-05-08 00:00:00');
/*!40000 ALTER TABLE `genre_kurihara` ENABLE KEYS */;
UNLOCK TABLES;

--
-- Table structure for table `genre_miyamoto`
--

DROP TABLE IF EXISTS `genre_miyamoto`;
/*!40101 SET @saved_cs_client     = @@character_set_client */;
/*!40101 SET character_set_client = utf8 */;
CREATE TABLE `genre_miyamoto` (
  `genre_id` int(11) NOT NULL,
  `genre_name` varchar(256) DEFAULT NULL,
  `del_flg` varchar(1) DEFAULT NULL,
  `create_date` datetime DEFAULT NULL,
  `update_date` datetime DEFAULT NULL
) ENGINE=InnoDB DEFAULT CHARSET=utf8;
/*!40101 SET character_set_client = @saved_cs_client */;

--
-- Dumping data for table `genre_miyamoto`
--

LOCK TABLES `genre_miyamoto` WRITE;
/*!40000 ALTER TABLE `genre_miyamoto` DISABLE KEYS */;
INSERT INTO `genre_miyamoto` VALUES (0,'','0','2019-05-07 00:00:00','2019-05-07 00:00:00'),(1,'風刺','0','2019-05-07 00:00:00','2019-05-07 00:00:00'),(2,'長編小説','0','2019-05-07 00:00:00','2019-05-07 00:00:00'),(3,'短編小説','0','2019-05-07 00:00:00','2019-05-07 00:00:00');
/*!40000 ALTER TABLE `genre_miyamoto` ENABLE KEYS */;
UNLOCK TABLES;

--
-- Table structure for table `genre_sako`
--

DROP TABLE IF EXISTS `genre_sako`;
/*!40101 SET @saved_cs_client     = @@character_set_client */;
/*!40101 SET character_set_client = utf8 */;
CREATE TABLE `genre_sako` (
  `genre_id` int(11) DEFAULT NULL,
  `genre` varchar(256) DEFAULT NULL,
  `del_flg` int(11) DEFAULT NULL,
  `create_date` datetime DEFAULT NULL,
  `update_date` datetime DEFAULT NULL
) ENGINE=InnoDB DEFAULT CHARSET=utf8;
/*!40101 SET character_set_client = @saved_cs_client */;

--
-- Dumping data for table `genre_sako`
--

LOCK TABLES `genre_sako` WRITE;
/*!40000 ALTER TABLE `genre_sako` DISABLE KEYS */;
INSERT INTO `genre_sako` VALUES (1,'アイスクリーム',0,'2018-10-16 00:00:00','2018-10-16 00:00:00'),(2,'アイスミルク',0,'2018-10-16 00:00:00','2018-10-16 00:00:00'),(3,'ラクトアイス',0,'2018-10-16 00:00:00','2018-10-16 00:00:00'),(1,'アイスクリーム',0,'2018-10-16 00:00:00','2018-10-16 00:00:00'),(2,'アイスミルク',0,'2018-10-16 00:00:00','2018-10-16 00:00:00'),(3,'ラクトアイス',0,'2018-10-16 00:00:00','2018-10-16 00:00:00');
/*!40000 ALTER TABLE `genre_sako` ENABLE KEYS */;
UNLOCK TABLES;

--
-- Table structure for table `genre_taneichi`
--

DROP TABLE IF EXISTS `genre_taneichi`;
/*!40101 SET @saved_cs_client     = @@character_set_client */;
/*!40101 SET character_set_client = utf8 */;
CREATE TABLE `genre_taneichi` (
  `id` int(2) NOT NULL,
  `genre` varchar(50) DEFAULT NULL,
  `del_flg` varchar(1) DEFAULT NULL,
  `create_date` datetime NOT NULL,
  `update_date` datetime NOT NULL
) ENGINE=InnoDB DEFAULT CHARSET=utf8;
/*!40101 SET character_set_client = @saved_cs_client */;

--
-- Dumping data for table `genre_taneichi`
--

LOCK TABLES `genre_taneichi` WRITE;
/*!40000 ALTER TABLE `genre_taneichi` DISABLE KEYS */;
INSERT INTO `genre_taneichi` VALUES (0,'','0','2019-05-24 16:50:00','2019-05-24 16:50:00'),(1,'ロック','0','0019-05-24 16:01:18','2019-05-24 16:01:18'),(2,'ポップ','0','2019-05-24 16:01:18','2019-05-24 16:01:18'),(3,'オルタナティヴ','0','2019-05-24 16:01:18','2019-05-24 16:01:18'),(4,'ヒップホップ','0','2019-05-24 16:01:18','2019-05-24 16:01:18'),(5,'パンク','0','2019-05-24 16:01:18','2019-05-24 16:01:18');
/*!40000 ALTER TABLE `genre_taneichi` ENABLE KEYS */;
UNLOCK TABLES;

--
-- Table structure for table `guiter_main_fujimoto`
--

DROP TABLE IF EXISTS `guiter_main_fujimoto`;
/*!40101 SET @saved_cs_client     = @@character_set_client */;
/*!40101 SET character_set_client = utf8 */;
CREATE TABLE `guiter_main_fujimoto` (
  `id` int(11) NOT NULL,
  `aco_name` varchar(256) DEFAULT NULL,
  `company_id` int(11) DEFAULT NULL,
  `wood_id` int(11) DEFAULT NULL,
  `price_int` int(8) DEFAULT NULL,
  `color_name` varchar(256) DEFAULT NULL,
  `comment` varchar(256) DEFAULT NULL,
  `del_flg` varchar(1) DEFAULT NULL,
  `create_date` datetime DEFAULT NULL,
  `update_date` datetime DEFAULT NULL
) ENGINE=InnoDB DEFAULT CHARSET=utf8;
/*!40101 SET character_set_client = @saved_cs_client */;

--
-- Dumping data for table `guiter_main_fujimoto`
--

LOCK TABLES `guiter_main_fujimoto` WRITE;
/*!40000 ALTER TABLE `guiter_main_fujimoto` DISABLE KEYS */;
/*!40000 ALTER TABLE `guiter_main_fujimoto` ENABLE KEYS */;
UNLOCK TABLES;

--
-- Table structure for table `heritage_main_kataoka`
--

DROP TABLE IF EXISTS `heritage_main_kataoka`;
/*!40101 SET @saved_cs_client     = @@character_set_client */;
/*!40101 SET character_set_client = utf8 */;
CREATE TABLE `heritage_main_kataoka` (
  `id` int(2) NOT NULL,
  `genre_id` int(1) NOT NULL,
  `image` varchar(256) NOT NULL,
  `heritage_name` varchar(50) NOT NULL,
  `location_id1` int(2) NOT NULL,
  `location_id2` int(2) DEFAULT NULL,
  `location_id3` int(2) DEFAULT NULL,
  `location_id4` int(2) DEFAULT NULL,
  `location_id5` int(2) DEFAULT NULL,
  `location_id6` int(2) DEFAULT NULL,
  `location_id7` int(2) DEFAULT NULL,
  `location_id8` int(2) DEFAULT NULL,
  `registration_year` int(4) NOT NULL,
  `remarks` varchar(200) DEFAULT NULL,
  `del_flg` varchar(1) DEFAULT NULL,
  `create_date` timestamp NOT NULL DEFAULT current_timestamp() ON UPDATE current_timestamp(),
  `update_date` timestamp NOT NULL DEFAULT '0000-00-00 00:00:00'
) ENGINE=InnoDB DEFAULT CHARSET=utf8;
/*!40101 SET character_set_client = @saved_cs_client */;

--
-- Dumping data for table `heritage_main_kataoka`
--

LOCK TABLES `heritage_main_kataoka` WRITE;
/*!40000 ALTER TABLE `heritage_main_kataoka` DISABLE KEYS */;
INSERT INTO `heritage_main_kataoka` VALUES (1,1,'/heritageKataoka/horyuji.jpeg\r\n','法隆寺地域の仏教建造物',29,NULL,NULL,NULL,NULL,NULL,NULL,NULL,1993,NULL,'0','2018-09-30 21:01:17','2018-09-17 06:00:00'),(2,1,'/heritageKataoka/himejijyo.jpeg\r\n','姫路城',28,NULL,NULL,NULL,NULL,NULL,NULL,NULL,1993,NULL,'0','2018-09-30 21:01:35','2018-09-17 06:00:00'),(3,1,'/heritageKataoka/kyoto.jpeg\r\n','古都京都の文化財（京都市、宇治市、大津市）',26,25,NULL,NULL,NULL,NULL,NULL,NULL,1994,NULL,'0','2018-09-30 21:01:52','2018-09-17 06:00:00'),(4,1,'/heritageKataoka/shirakawago.jpeg\r\n','白川郷・五箇山の合掌造り集落',21,16,NULL,NULL,NULL,NULL,NULL,NULL,1995,NULL,'0','2018-09-30 21:02:06','2018-09-17 06:00:00'),(5,1,'/heritageKataoka/genbakudomu.jpeg\r\n','原爆ドーム',34,NULL,NULL,NULL,NULL,NULL,NULL,NULL,1996,'負の世界遺産','0','2018-09-30 21:02:15','2018-09-17 06:00:00'),(6,1,'/heritageKataoka/itsukushima.jpeg\r\n','厳島神社',34,NULL,NULL,NULL,NULL,NULL,NULL,NULL,1996,NULL,'0','2018-09-30 21:02:20','2018-09-17 06:00:00'),(7,1,'/heritageKataoka/nara.jpeg\r\n','古都奈良の文化財',29,NULL,NULL,NULL,NULL,NULL,NULL,NULL,1998,NULL,'0','2018-09-30 21:02:25','2018-09-17 06:00:00'),(8,1,'/heritageKataoka/nikkoTemple.jpeg\r\n','日光の社寺',9,NULL,NULL,NULL,NULL,NULL,NULL,NULL,1999,NULL,'0','2018-09-30 21:02:30','2018-09-17 06:00:00'),(9,1,'/heritageKataoka/ryukyuKingdum.jpeg\r\n','琉球王国のグスク及び関連遺産群',47,NULL,NULL,NULL,NULL,NULL,NULL,NULL,2000,NULL,'0','2018-09-30 21:02:41','2018-09-17 06:00:00'),(10,1,'/heritageKataoka/mtKi.jpeg\r\n','紀伊山地の霊場と参詣道',30,29,24,NULL,NULL,NULL,NULL,NULL,2004,'文化的景観、2016年に軽微な変更','0','2018-09-30 21:02:50','2018-09-17 06:00:00'),(11,1,'/heritageKataoka/iwamiginzan.jpeg\r\n','石見銀山遺跡とその文化的景観',32,NULL,NULL,NULL,NULL,NULL,NULL,NULL,2007,'文化的景観、産業遺産、2010年の軽微な変更','0','2018-09-30 21:02:59','2018-09-17 06:00:00'),(12,1,'/heritageKataoka/hiraizumi.jpeg\r\n','平泉―仏国土（浄土）を表す建築・庭園及び考古学的遺跡群―',3,NULL,NULL,NULL,NULL,NULL,NULL,NULL,2011,NULL,'0','2018-09-30 21:03:15','2018-09-17 06:00:00'),(13,1,'/heritageKataoka/mtFuji.jpeg\r\n','富士山―信仰の対象と芸術の源泉',22,19,NULL,NULL,NULL,NULL,NULL,NULL,2013,NULL,'0','2018-09-30 21:03:10','2018-09-17 06:00:00'),(14,1,'/heritageKataoka/tomiokaseisijyo.jpeg\r\n','富岡製糸場と絹産業遺産群',10,NULL,NULL,NULL,NULL,NULL,NULL,NULL,2014,'産業遺産、近代化遺産','0','2018-09-30 21:03:20','2018-09-17 06:00:00'),(15,1,'/heritageKataoka/meijiRevol.jpg\r\n\r\n','明治日本の産業革命遺産 製鉄・製鋼、造船、石炭産業',35,40,41,42,43,46,3,22,2015,'産業遺産、近代化遺産、稼働遺産','0','2018-09-30 21:09:12','2018-09-17 06:00:00'),(16,1,'/heritageKataoka/luColuvu.jpeg\r\n','ル・コルビュジエの建築作品-近代建築運動への顕著な貢献-',13,NULL,NULL,NULL,NULL,NULL,NULL,NULL,2016,'現代建築、国境を越える世界遺産','0','2018-09-30 21:03:30','2018-09-17 06:00:00'),(17,1,'/heritageKataoka/okinoshima.jpeg\r\n','「神宿る島」宗像・沖ノ島と関連遺産群',40,NULL,NULL,NULL,NULL,NULL,NULL,NULL,2017,NULL,'0','2018-09-30 21:03:34','2018-09-17 06:00:00'),(18,1,'/heritageKataoka/nagasaki.jpeg\r\n','長崎と天草地方の潜伏キリシタン関連遺産',42,NULL,NULL,NULL,NULL,NULL,NULL,NULL,2018,NULL,'0','2018-09-30 21:03:39','2018-09-17 06:00:00'),(19,2,'/heritageKataoka/yakushima.jpeg\r\n','屋久島',46,NULL,NULL,NULL,NULL,NULL,NULL,NULL,1993,'屋久島国立公園、屋久島原生自然環境保全地域','0','2018-09-30 21:03:46','2018-09-17 06:00:00'),(20,2,'/heritageKataoka/mtSirakami.jpeg\r\n','白神山地',2,5,NULL,NULL,NULL,NULL,NULL,NULL,1993,'白神山地自然環境保全地域、','0','2018-09-30 21:03:52','2018-09-17 06:00:00'),(21,2,'/heritageKataoka/siretoko.jpeg\r\n','知床',1,NULL,NULL,NULL,NULL,NULL,NULL,NULL,2005,'知床国立公園、遠音別岳原生自然環境保全地域','0','2018-09-30 21:03:57','2018-09-17 06:00:00'),(22,2,'/heritageKataoka/ogasawara.jpg\r\n\r\n','小笠原諸島',13,NULL,NULL,NULL,NULL,NULL,NULL,NULL,2011,'小笠原国立公園、南硫黄島原生自然環境保全地域','0','2018-09-30 21:08:48','2018-09-17 06:00:00');
/*!40000 ALTER TABLE `heritage_main_kataoka` ENABLE KEYS */;
UNLOCK TABLES;

--
-- Table structure for table `icecream_main_sako`
--

DROP TABLE IF EXISTS `icecream_main_sako`;
/*!40101 SET @saved_cs_client     = @@character_set_client */;
/*!40101 SET character_set_client = utf8 */;
CREATE TABLE `icecream_main_sako` (
  `id` int(25) DEFAULT NULL,
  `name` varchar(256) DEFAULT NULL,
  `genre_id` int(25) DEFAULT NULL,
  `photo` varchar(256) DEFAULT NULL,
  `maker_id` int(25) DEFAULT NULL,
  `comment` varchar(256) DEFAULT NULL,
  `del_flg` int(11) DEFAULT NULL,
  `create_date` datetime DEFAULT NULL,
  `update_date` datetime DEFAULT NULL
) ENGINE=InnoDB DEFAULT CHARSET=utf8;
/*!40101 SET character_set_client = @saved_cs_client */;

--
-- Dumping data for table `icecream_main_sako`
--

LOCK TABLES `icecream_main_sako` WRITE;
/*!40000 ALTER TABLE `icecream_main_sako` DISABLE KEYS */;
INSERT INTO `icecream_main_sako` VALUES (1,'チョコモナカジャンボ',2,'/icecreamSako/janbomonaka.jpg',1,'真ん中にパリパリのチョコ！',0,'2018-10-16 00:00:00','2018-10-16 00:00:00'),(2,'ピノ',1,'/icecreamSako/pino.jpg',1,'箱を開けるわくわく感',0,'2018-10-16 00:00:00','2018-10-16 00:00:00'),(3,'パルム',1,'/icecreamSako/parm.jpg',1,'アイスの王道！',0,'2018-10-16 00:00:00','2018-10-16 00:00:00'),(4,'ザクレープ',2,'/icecreamSako/thecreap.jpg',1,'生地もおいしい',0,'2018-10-16 00:00:00','2018-10-16 00:00:00'),(5,'チーズスティック',1,'/icecreamSako/cheesestick.jpg',1,'まるでチーズケーキ！',0,'2018-10-16 00:00:00','2018-10-16 00:00:00'),(6,'MOW',1,'/icecreamSako/mow.jpg',1,'ミルク感',0,'2018-10-16 00:00:00','2018-10-16 00:00:00'),(7,'パピコ',4,'/icecreamSako/papico.jpg',2,'半分こできて良き',0,'2018-10-16 00:00:00','2018-10-16 00:00:00'),(8,'アイスの実',4,'/icecreamSako/icenomi.jpg',2,'かわいいしおいしい◎',0,'2018-10-16 00:00:00','2018-10-16 00:00:00'),(9,'ジャイアントコーン',2,'/icecreamSako/giantcone.jpg',2,'食べ応えもおいしさも抜群',0,'2018-10-16 00:00:00','2018-10-16 00:00:00'),(10,'panapp',3,'/icecreamSako/panapp.jpg',2,'にこちゃん以外も出るよ',0,'2018-10-16 00:00:00','2018-10-16 00:00:00'),(11,'スーパーカップ',3,'/icecreamSako/supercup.jpg',3,'コスパ最強',0,'2018-10-16 00:00:00','2018-10-16 00:00:00'),(12,'ガリガリ君(ソーダ)',4,'/icecreamSako/gerigerikun.jpg',4,'ロングセラー商品',0,'2018-10-16 00:00:00','2018-10-16 00:00:00'),(13,'雪見だいふく',2,'/icecreamSako/yukimidaihuku.jpg',5,'冬になったら食べたくなる！',0,'2018-10-16 00:00:00','2018-10-16 00:00:00'),(14,'爽',3,'/icecreamSako/sou.jpg',4,'シャープなキレのあるおいしさ',0,'2018-10-16 00:00:00','2018-10-16 00:00:00'),(15,'モナ王',2,'/icecreamSako/monaou.jpg',5,'パリッとしてる',0,'2018-10-16 00:00:00','2018-10-16 00:00:00'),(16,'あいすまんじゅう',1,'/icecreamSako/icemanjyu.jpg',6,'あんこ好きにはたまらない♪',0,'2018-10-16 00:00:00','2018-10-16 00:00:00'),(17,'SACRE',4,'/icecreamSako/sacre.jpg',7,'夏になったら食べたくなる！',0,'2018-10-16 00:00:00','2018-10-16 00:00:00'),(18,'あずきバー',4,'/icecreamSako/azukibar.jpg',8,'家族みんなだいすき！',0,'2018-10-16 00:00:00','2018-10-16 00:00:00'),(19,'ハーゲンダッツ(ミルク)',1,'/icecreamSako/haagendazs.jpg',9,'頑張った日のご褒美♪',0,'2018-10-16 00:00:00','2018-10-16 00:00:00'),(20,'ガツンと、みかん',4,'/icecreamSako/mikan.jpg',4,'まるごとみかん！',0,'2018-10-16 00:00:00','2018-10-16 00:00:00'),(21,'coolish',3,'/icecreamSako/coolish.jpg',5,'食べやすい',0,'2018-10-16 00:00:00','2018-10-16 00:00:00'),(22,'test',1,'/icecreamSako/201904021459217.jpg',1,'test',1,'2019-04-02 14:59:48','2019-04-02 14:59:48');
/*!40000 ALTER TABLE `icecream_main_sako` ENABLE KEYS */;
UNLOCK TABLES;

--
-- Table structure for table `idol_main_shintaku`
--

DROP TABLE IF EXISTS `idol_main_shintaku`;
/*!40101 SET @saved_cs_client     = @@character_set_client */;
/*!40101 SET character_set_client = utf8 */;
CREATE TABLE `idol_main_shintaku` (
  `id` int(11) NOT NULL,
  `name` varchar(256) NOT NULL,
  `age` int(2) DEFAULT NULL,
  `type_id` int(10) DEFAULT NULL,
  `unit_id` int(10) DEFAULT NULL,
  `song` varchar(256) DEFAULT NULL,
  `comment` varchar(256) DEFAULT NULL,
  `del_flg` varchar(1) DEFAULT NULL,
  `create_date` datetime NOT NULL,
  `update_date` datetime NOT NULL,
  PRIMARY KEY (`id`)
) ENGINE=InnoDB DEFAULT CHARSET=utf8;
/*!40101 SET character_set_client = @saved_cs_client */;

--
-- Dumping data for table `idol_main_shintaku`
--

LOCK TABLES `idol_main_shintaku` WRITE;
/*!40000 ALTER TABLE `idol_main_shintaku` DISABLE KEYS */;
INSERT INTO `idol_main_shintaku` VALUES (1,'双葉杏',17,1,9,'あんずのうた','全人類の推し','0','2019-06-10 12:00:00','2019-06-10 12:00:00'),(2,'渋谷凛',15,2,1,'Never say never','絶世の美女','0','2019-06-10 12:00:00','2019-06-10 12:00:00'),(3,'安部菜々',NULL,1,17,'メルヘンデビュー','永遠の17歳(実年齢は+10歳)','0','2019-06-10 12:00:00','2019-06-10 12:00:00'),(4,'一ノ瀬志希',18,1,7,'秘密のトワレ','アヤシイ科学実験が趣味','0','2019-06-10 12:00:00','2019-06-10 12:00:00'),(5,'赤城みりあ',11,3,22,'Romantic Now','みりあベンツ','0','2019-06-10 12:00:00','2019-06-10 12:00:00'),(6,'佐藤心',26,3,17,NULL,'過剰なぶりっ子','0','2019-06-10 12:00:00','2019-06-10 12:00:00'),(7,'輿水幸子',14,1,NULL,'To my darling...','自信過剰','0','2019-06-10 12:00:00','2019-06-10 12:00:00'),(8,'白坂小梅',13,2,NULL,'小さな恋の密室事件','ホラー好きで霊感が強く、色々見える(らしい)','0','2019-06-10 12:00:00','2019-06-10 12:00:00'),(9,'有浦柑奈',19,1,NULL,NULL,'ラブ＆ピース','0','2019-06-10 12:00:00','2019-06-10 12:00:00'),(10,'並木芽衣子',22,3,NULL,NULL,'帽子好き','0','2019-06-10 12:00:00','2019-06-10 12:00:00'),(11,'西園寺琴歌',17,1,NULL,NULL,'育ちの良いお嬢様','0','2019-06-10 12:00:00','2019-06-10 12:00:00'),(12,'大槻唯',17,3,13,'Radio Happy','おちゃらけたりさぼり気味','0','2019-06-10 12:00:00','2019-06-10 12:00:00'),(13,'松尾千鶴',15,2,NULL,NULL,'礼儀は正しいものの愛想はまったくない','0','2019-06-10 12:00:00','2019-06-10 12:00:00'),(14,'今井加奈',16,1,11,NULL,'ザ・お上りさん','0','2019-06-10 12:00:00','2019-06-10 12:00:00'),(15,'小早川紗枝',15,1,5,'花簪HANAKANZASHI','こんちきちん','0','2019-06-10 12:00:00','2019-06-10 12:00:00'),(16,'市原仁奈',9,3,22,'みんなのきもち','「〇〇の気持ちになるですよ」が決まり文句','0','2019-06-10 12:00:00','2019-06-10 12:00:00'),(17,'小日向美穂',17,1,NULL,'Naked Romance','とても恥ずかしがり屋','0','2019-06-10 12:00:00','2019-06-10 12:00:00'),(18,'北条加蓮',16,2,NULL,'薄荷 -ハッカ-','オールドスタイルのキャラクター','0','2019-06-10 12:00:00','2019-06-10 12:00:00'),(19,'南条光',14,3,22,NULL,'特撮好き','0','2019-06-10 12:00:00','2019-06-10 12:00:00'),(20,'安斎都',16,1,NULL,NULL,'探偵に憧れている','0','2019-06-10 12:00:00','2019-06-10 12:00:00'),(21,'難波笑美',17,3,NULL,NULL,'ステレオタイプの大阪人','0','2019-06-10 12:00:00','2019-06-10 12:00:00'),(22,'ヘレン',24,2,NULL,NULL,'自らを世界レベルと称する自信家','0','2019-06-10 12:00:00','2019-06-10 12:00:00'),(23,'五十嵐響子',15,1,NULL,'恋のHamburg♪','料理上手','0','2019-06-10 12:00:00','2019-06-10 12:00:00'),(24,'佐久間まゆ',16,1,NULL,'エヴリデイドリーム','ヤンデレ','0','2019-06-10 12:00:00','2019-06-10 12:00:00'),(25,'西島櫂',19,3,NULL,NULL,'水泳に打ち込むスイマー','0','2019-06-10 12:00:00','2019-06-10 12:00:00'),(26,'脇山珠美',16,2,2,NULL,'剣道女子高生','0','2019-06-10 12:00:00','2019-06-10 12:00:00'),(27,'池袋晶葉',14,1,NULL,NULL,'ロボット製作をする凄腕の技術者','0','2019-06-10 12:00:00','2019-06-10 12:00:00'),(28,'野々村そら',15,3,NULL,NULL,'性格はとにかくポジティブで底抜けに明るい','0','2019-06-10 12:00:00','2019-06-10 12:00:00'),(29,'榊原里美',17,1,NULL,NULL,'おっとり系のブラコン','0','2019-06-10 12:00:00','2019-06-10 12:00:00'),(30,'古澤頼子',17,2,NULL,NULL,'ポーカーフェイス','0','2019-06-10 12:00:00','2019-06-10 12:00:00'),(31,'藤原肇',16,2,6,NULL,'祖父譲りの頑固な性格','0','2019-06-10 12:00:00','2019-06-10 12:00:00'),(32,'櫻井桃華',12,1,22,'ラヴィアンローズ','他人を顎で使う傲慢なお嬢様','0','2019-06-10 12:00:00','2019-06-10 12:00:00'),(33,'浜川愛結奈',22,3,NULL,NULL,'自立心が強い','0','2019-06-10 12:00:00','2019-06-10 12:00:00'),(34,'島村卯月',17,1,1,'S(mile)ING！','メインキャラのためいつでもセンター','0','2019-06-10 12:00:00','2019-06-10 12:00:00'),(35,'浜口あやめ',15,3,2,NULL,'忍者好き','0','2019-06-10 12:00:00','2019-06-10 12:00:00'),(36,'ライラ',16,2,NULL,NULL,'外国出身アイドルの中でも特に日本語が怪しい','0','2019-06-10 12:00:00','2019-06-10 12:00:00'),(37,'藤居朋',19,2,15,NULL,'占い依存症','0','2019-06-10 12:00:00','2019-06-10 12:00:00'),(38,'井村雪菜',17,1,15,NULL,'化粧で化けるタイプ','0','2019-06-10 12:00:00','2019-06-10 12:00:00'),(39,'久川颯',14,2,21,NULL,'熱心にアイドルを目指す快活な性格の自信家','0','2019-06-10 12:00:00','2019-06-10 12:00:00'),(40,'上田鈴帆',14,3,NULL,NULL,'芸人にしか見えない','0','2019-06-10 12:00:00','2019-06-10 12:00:00'),(41,'緒方智恵理',16,1,9,'風色メロディ','彼女への誹謗中傷は気を付けましょう','0','2019-06-10 12:00:00','2019-06-10 12:00:00'),(42,'柊志乃',31,2,NULL,NULL,'ワイン好き','0','2019-06-10 12:00:00','2019-06-10 12:00:00'),(43,'奥山沙織',19,1,NULL,NULL,'田舎臭が漂う風貌','0','2019-06-10 12:00:00','2019-06-10 12:00:00'),(44,'ナターリア',14,3,NULL,NULL,'一部のプロデューサーから人気が高い','0','2019-06-10 12:00:00','2019-06-10 12:00:00'),(45,'吉岡沙紀',17,2,NULL,NULL,'ストリート系少女','0','2019-06-10 12:00:00','2019-06-10 12:00:00'),(46,'乙倉悠貴',13,1,NULL,'追い風Running','運動が好きな健康優良児','0','2019-06-10 12:00:00','2019-06-10 12:00:00'),(47,'久川凪',14,3,21,NULL,'淡々としていてナレーション気味な口調','0','2019-06-10 12:00:00','2019-06-10 12:00:00'),(48,'栗原ネネ',15,1,NULL,NULL,'健康志向が強い悪気のないお節介','0','2019-06-10 12:00:00','2019-06-10 12:00:00'),(49,'日野茜',17,3,14,'熱血乙女A','元気っ子','0','2019-06-10 12:00:00','2019-06-10 12:00:00'),(50,'速水奏',17,2,16,'Hotel Moonside','リーダー的存在','0','2019-06-10 12:00:00','2019-06-10 12:00:00'),(51,'日下部若葉',20,1,22,NULL,'20歳に見えない幼児体型','0','2019-06-10 12:00:00','2019-06-10 12:00:00'),(52,'工藤忍',16,1,NULL,NULL,'努力のアイドル','0','2019-06-10 12:00:00','2019-06-10 12:00:00'),(53,'姫川友紀',20,3,14,'気持ちいいよね 一等賞！','野球娘','0','2019-06-10 12:00:00','2019-06-10 12:00:00'),(54,'結城晴',12,2,NULL,NULL,'ボーイッシュ','0','2019-06-10 12:00:00','2019-06-10 12:00:00'),(55,'服部瞳子',25,2,NULL,NULL,'昔、一度デビューしたことがあるらしい','0','2019-06-10 12:00:00','2019-06-10 12:00:00'),(56,'黒崎ちとせ',19,1,20,NULL,'自称・吸血鬼の末裔','0','2019-06-10 12:00:00','2019-06-10 12:00:00'),(57,'星輝子',15,3,10,'毒茸伝説','「キノコは親友」と豪語する大のキノコ好き','0','2019-06-10 12:00:00','2019-06-10 12:00:00'),(58,'古賀小春',12,1,22,NULL,'お姫様になりたい女の子','0','2019-06-10 12:00:00','2019-06-10 12:00:00'),(59,'大和亜季',21,2,NULL,NULL,'アイドル界の自衛官','0','2019-06-10 12:00:00','2019-06-10 12:00:00'),(60,'堀裕子',16,3,3,'ミラクルテレパシー','超能力好き','0','2019-06-10 12:00:00','2019-06-10 12:00:00'),(61,'二宮飛鳥',14,2,18,'共鳴世界の存在論','14歳の正真正銘・中二病','0','2019-06-10 12:00:00','2019-06-10 12:00:00'),(62,'白菊ほたる',13,1,NULL,'谷の底で咲く花は','不幸体質','0','2019-06-10 12:00:00','2019-06-10 12:00:00'),(63,'椎名法子',13,1,11,NULL,'ドーナッツ大好きっ子','0','2019-06-10 12:00:00','2019-06-10 12:00:00'),(64,'槇原志保',19,3,NULL,NULL,'元ウェイトレス','0','2019-06-10 12:00:00','2019-06-10 12:00:00'),(65,'前川みく',15,1,NULL,'おねだり Shall We～？','猫好きで一貫した猫キャラで通している','0','2019-06-10 12:00:00','2019-06-10 12:00:00'),(66,'松山久美子',21,3,NULL,NULL,'自分の魅力を引き出すことに熱心','0','2019-06-10 12:00:00','2019-06-10 12:00:00'),(67,'瀬名詩織',19,2,NULL,NULL,'不思議な雰囲気を持つ令嬢','0','2019-06-10 12:00:00','2019-06-10 12:00:00'),(68,'新田美波',19,2,NULL,'ヴィーナスシンドローム','優等生的キャラクター','0','2019-06-10 12:00:00','2019-06-10 12:00:00'),(69,'的場梨沙',12,3,22,NULL,'マセガキ','0','2019-06-10 12:00:00','2019-06-10 12:00:00'),(70,'水本ゆかり',15,1,11,NULL,'正統派清楚系アイドル','0','2019-06-10 12:00:00','2019-06-10 12:00:00'),(71,'西川保奈美',16,2,NULL,NULL,'歌姫になるための意識が高い','0','2019-06-10 12:00:00','2019-06-10 12:00:00'),(72,'八神マキノ',18,2,NULL,NULL,'何事にも「論理」を求める性格','0','2019-06-10 12:00:00','2019-06-10 12:00:00'),(73,'本田未央',15,3,1,'ミツボシ☆☆★','某界隈から毎週日曜にネタにされている','0','2019-06-10 12:00:00','2019-06-10 12:00:00'),(74,'柳瀬美由紀',14,1,22,NULL,'歳不相応に幼い印象','0','2019-06-10 12:00:00','2019-06-10 12:00:00'),(75,'真鍋いつき',22,3,NULL,NULL,'汗っかき','0','2019-06-10 12:00:00','2019-06-10 12:00:00'),(76,'成宮由愛',13,2,22,NULL,'内気で人見知り','0','2019-06-10 12:00:00','2019-06-10 12:00:00'),(77,'三好紗南',14,3,NULL,NULL,'ゲーマー','0','2019-06-10 12:00:00','2019-06-10 12:00:00'),(78,'三村かな子',17,1,9,'ショコラ・ティアラ','むちむち','0','2019-06-10 12:00:00','2019-06-10 12:00:00'),(79,'東郷あい',23,2,NULL,NULL,'イケメン枠','0','2019-06-10 12:00:00','2019-06-10 12:00:00'),(80,'森久保乃々',14,2,10,NULL,'「むーりぃー」が口癖','0','2019-06-10 12:00:00','2019-06-10 12:00:00'),(81,'沢田麻理菜',26,3,NULL,NULL,'健康的なナイスバディを持つお姉さん','0','2019-06-10 12:00:00','2019-06-10 12:00:00'),(82,'横山千佳',9,1,22,NULL,'魔法少女に憧れている','0','2019-06-10 12:00:00','2019-06-10 12:00:00'),(83,'向井拓海',18,3,NULL,NULL,'不良娘','0','2019-06-10 12:00:00','2019-06-10 12:00:00'),(84,'橘ありす',12,2,22,'in fact','無愛想がかわいい','0','2019-06-10 12:00:00','2019-06-10 12:00:00'),(85,'村上巴',13,3,NULL,'おんなの道は星の道','義理堅い','0','2019-06-10 12:00:00','2019-06-10 12:00:00'),(86,'宮本フレデリカ',19,1,7,'き・ま・ぐ・れ Cafe au lait!','変なフランス語を必殺技のように使う','0','2019-06-10 12:00:00','2019-06-10 12:00:00'),(87,'多田李衣菜',17,2,8,'Twilight Sky','ロック好き','0','2019-06-10 12:00:00','2019-06-10 12:00:00'),(88,'メアリー・コクラン',11,3,22,NULL,'自信家で背伸びしたがり','0','2019-06-10 12:00:00','2019-06-10 12:00:00'),(89,'高峰のあ',24,2,NULL,NULL,'表情に乏しい','0','2019-06-10 12:00:00','2019-06-10 12:00:00'),(90,'鷹富士茄子',20,2,NULL,NULL,'ナスじゃないよ、カコだよ','0','2019-06-10 12:00:00','2019-06-10 12:00:00'),(91,'土屋亜子',15,3,4,NULL,'お金のためにアイドル活動をする銭ゲバ','0','2019-06-10 12:00:00','2019-06-10 12:00:00'),(92,'棟方愛海',14,1,NULL,NULL,'「やわらかいもの」にただならぬ興味を抱く','0','2019-06-10 12:00:00','2019-06-10 12:00:00'),(93,'斉藤洋子',20,3,NULL,NULL,'健康と美肌が自慢の元気っ子キャラ','0','2019-06-10 12:00:00','2019-06-10 12:00:00'),(94,'望月聖',13,2,NULL,NULL,'聖なる乙女','0','2019-06-10 12:00:00','2019-06-10 12:00:00'),(95,'高橋礼子',31,2,NULL,NULL,'デレステ最年長の1人','0','2019-06-10 12:00:00','2019-06-10 12:00:00'),(96,'財前時子',21,3,NULL,NULL,'女王様タイプのキャラクター','0','2019-06-10 12:00:00','2019-06-10 12:00:00'),(97,'冴島清美',15,3,NULL,NULL,'かなりの正義感の強さ','0','2019-06-10 12:00:00','2019-06-10 12:00:00'),(98,'持田亜里沙',21,1,NULL,NULL,'お姉さんキャラ','0','2019-06-10 12:00:00','2019-06-10 12:00:00'),(99,'首藤葵',13,3,NULL,NULL,'地元でローカルアイドルをやっていた','0','2019-06-10 12:00:00','2019-06-10 12:00:00'),(100,'高垣楓',25,2,16,'こいかぜ','泣きぼくろがチャームポイント','0','2019-06-10 12:00:00','2019-06-10 12:00:00'),(101,'砂塚あきら',15,2,NULL,NULL,'ファッションとSNSが趣味の現代っ子','0','2019-06-10 12:00:00','2019-06-10 12:00:00'),(102,'相馬夏美',25,3,NULL,NULL,'元CA','0','2019-06-10 12:00:00','2019-06-10 12:00:00'),(103,'桃井あずき',15,1,NULL,NULL,'セクシーさに自身がある','0','2019-06-10 12:00:00','2019-06-10 12:00:00'),(104,'篠原礼',27,2,NULL,NULL,'実は怖がり','0','2019-06-10 12:00:00','2019-06-10 12:00:00'),(105,'和久井留美',26,2,NULL,NULL,'秘書をやっていたがヤケになって辞めた','0','2019-06-10 12:00:00','2019-06-10 12:00:00'),(106,'片桐早苗',28,3,3,NULL,'前職は警察官の異色アイドル','0','2019-06-10 12:00:00','2019-06-10 12:00:00'),(107,'柳清良',23,1,NULL,NULL,'白衣の天使','0','2019-06-10 12:00:00','2019-06-10 12:00:00'),(108,'塩見周子',18,2,5,'青の一番星','自由奔放でノリが軽い','0','2019-06-10 12:00:00','2019-06-10 12:00:00'),(109,'仙崎恵磨',21,3,NULL,NULL,'パワフルでボーイッシュなキャラ','0','2019-06-10 12:00:00','2019-06-10 12:00:00'),(110,'遊佐こずえ',11,1,22,NULL,'独特な世界観を持つ少女','0','2019-06-10 12:00:00','2019-06-10 12:00:00'),(111,'高森藍子',16,3,NULL,'お散歩カメラ','カメラおばさん','0','2019-06-10 12:00:00','2019-06-10 12:00:00'),(112,'佐城雪美',10,2,22,NULL,'とても寡黙な少女','0','2019-06-10 12:00:00','2019-06-10 12:00:00'),(113,'佐々木千枝',11,2,22,NULL,'クール系アイドルでは貴重なロリコンホイホイ','0','2019-06-10 12:00:00','2019-06-10 12:00:00'),(114,'村松さくら',15,1,4,NULL,'運営から人柱扱いを受けている(らしい)','0','2019-06-10 12:00:00','2019-06-10 12:00:00'),(115,'小松伊吹',19,3,NULL,NULL,'ストリート系のギャル','0','2019-06-10 12:00:00','2019-06-10 12:00:00'),(116,'三船美優',26,2,NULL,NULL,'デレステの中でも特に落ち着いた大人の女性','0','2019-06-10 12:00:00','2019-06-10 12:00:00'),(117,'楊菲菲',15,1,NULL,NULL,'ffdy','0','2019-06-10 12:00:00','2019-06-10 12:00:00'),(118,'鷺沢文香',19,2,NULL,'Bright Blue','根暗','0','2019-06-10 12:00:00','2019-06-10 12:00:00'),(119,'イヴ・サンタクロース',19,3,NULL,NULL,'謎の存在','0','2019-06-10 12:00:00','2019-06-10 12:00:00'),(120,'小室千奈美',19,2,NULL,NULL,'上から目線で高飛車','0','2019-06-10 12:00:00','2019-06-10 12:00:00'),(121,'ケイト',20,2,NULL,NULL,'そばかすが特徴的なイギリス人','0','2019-06-10 12:00:00','2019-06-10 12:00:00'),(122,'相葉夕美',18,3,NULL,'lilac time','お花畑','0','2019-06-10 12:00:00','2019-06-10 12:00:00'),(123,'小関麗奈',13,3,22,NULL,'自称・世界的アイドル(予定)','0','2019-06-10 12:00:00','2019-06-10 12:00:00'),(124,'松原早耶',18,1,NULL,NULL,'頑張ることが苦手な女の子','0','2019-06-10 12:00:00','2019-06-10 12:00:00'),(125,'愛野渚',18,3,NULL,NULL,'バスケ部員','0','2019-06-10 12:00:00','2019-06-10 12:00:00'),(126,'福山舞',10,1,22,NULL,'礼儀の正しい優等生','0','2019-06-10 12:00:00','2019-06-10 12:00:00'),(127,'藤本里奈',18,1,13,NULL,'自分の頭の悪さを自虐している','0','2019-06-10 12:00:00','2019-06-10 12:00:00'),(128,'黒川千秋',20,2,NULL,NULL,'正統派美少女','0','2019-06-10 12:00:00','2019-06-10 12:00:00'),(129,'木村夏樹',18,3,8,'Rockin\' Emotion','男勝りな口調や態度','0','2019-06-10 12:00:00','2019-06-10 12:00:00'),(130,'間中美里',20,1,11,NULL,'掴みどころのない楽天家','0','2019-06-10 12:00:00','2019-06-10 12:00:00'),(131,'キャシー・グラハム',15,3,NULL,NULL,'アメリカ出身の外国人','0','2019-06-10 12:00:00','2019-06-10 12:00:00'),(132,'水野翠',18,2,NULL,NULL,'弓道少女','0','2019-06-10 12:00:00','2019-06-10 12:00:00'),(133,'桐生つかさ',18,2,NULL,NULL,'高校生ながらアパレル系の社長の経歴を持つ','0','2019-06-10 12:00:00','2019-06-10 12:00:00'),(134,'兵頭レナ',27,1,NULL,NULL,'負けず嫌い','0','2019-06-10 12:00:00','2019-06-10 12:00:00'),(135,'喜多日菜子',15,3,NULL,NULL,'白馬の王子様が現れるのを妄想している','0','2019-06-10 12:00:00','2019-06-10 12:00:00'),(136,'原田美世',20,1,NULL,NULL,'バイクと車が好き','0','2019-06-10 12:00:00','2019-06-10 12:00:00'),(137,'北川真尋',17,3,NULL,NULL,'眼鏡キャラでは初の体育会系','0','2019-06-10 12:00:00','2019-06-10 12:00:00'),(138,'桐野アヤ',19,2,NULL,NULL,'男勝りで粗暴','0','2019-06-10 12:00:00','2019-06-10 12:00:00'),(139,'喜多見柚',15,3,NULL,NULL,'明るい現代っ子','0','2019-06-10 12:00:00','2019-06-10 12:00:00'),(140,'江上椿',19,1,NULL,NULL,'写真を撮ることは好きでも撮られるのは嫌い','0','2019-06-10 12:00:00','2019-06-10 12:00:00'),(141,'太田優',21,1,NULL,NULL,'歳のわりにお気楽','0','2019-06-10 12:00:00','2019-06-10 12:00:00'),(142,'衛藤美紗希',22,3,19,NULL,'元OL','0','2019-06-10 12:00:00','2019-06-10 12:00:00'),(143,'大沼くるみ',13,1,22,NULL,'ドジで泣き虫などんくさいタイプ','0','2019-06-10 12:00:00','2019-06-10 12:00:00'),(144,'木場真奈美',25,2,NULL,NULL,'何でもできるすごい人','0','2019-06-10 12:00:00','2019-06-10 12:00:00'),(145,'岸部彩華',19,2,19,NULL,'キャバ嬢のような風貌','0','2019-06-10 12:00:00','2019-06-10 12:00:00'),(146,'中野有香',18,1,11,'恋色エナジー','押忍！！！','0','2019-06-10 12:00:00','2019-06-10 12:00:00'),(147,'神崎蘭子',14,2,18,'華蕾夢ミル狂詩曲～魂ノ導～','重度の中二病を患っている','0','2019-06-10 12:00:00','2019-06-10 12:00:00'),(148,'杉坂海',18,3,15,NULL,'言動がガサツ・男っぽい','0','2019-06-10 12:00:00','2019-06-10 12:00:00'),(149,'水木聖來',23,2,NULL,NULL,'犬好き','0','2019-06-10 12:00:00','2019-06-10 12:00:00'),(150,'相原雪乃',22,1,NULL,NULL,'ぽっちゃり','0','2019-06-10 12:00:00','2019-06-10 12:00:00'),(151,'城ヶ崎美嘉',17,3,13,'TOKIMEKIエスカレート','カリスマJK','0','2019-06-10 12:00:00','2019-06-10 12:00:00'),(152,'川嶋瑞樹',28,2,NULL,NULL,'元・女子アナ','0','2019-06-10 12:00:00','2019-06-10 12:00:00'),(153,'大西由里子',20,1,NULL,NULL,'ガチ腐女子','0','2019-06-10 12:00:00','2019-06-10 12:00:00'),(154,'丹羽仁美',18,1,NULL,NULL,'歴女','0','2019-06-10 12:00:00','2019-06-10 12:00:00'),(155,'諸星きらり',17,3,NULL,'ましゅまろ☆キッス','巨人','0','2019-06-10 12:00:00','2019-06-10 12:00:00'),(156,'神谷奈緒',17,2,NULL,'2nd SIDE','正統派ツンデレ','0','2019-06-10 12:00:00','2019-06-10 12:00:00'),(157,'矢口美羽',14,3,NULL,NULL,'礼儀正しい頑張り屋さん','0','2019-06-10 12:00:00','2019-06-10 12:00:00'),(158,'早坂美玲',14,1,10,NULL,'アクの強いファッションで否応なく目につく','0','2019-06-10 12:00:00','2019-06-10 12:00:00'),(159,'上条春菜',18,2,12,NULL,'赤メガネ','0','2019-06-10 12:00:00','2019-06-10 12:00:00'),(160,'夢見りあむ',19,3,NULL,NULL,'ザコメンタル','0','2019-06-10 12:00:00','2019-06-10 12:00:00'),(161,'城ヶ崎莉嘉',12,3,NULL,'DOKIDOKIリズム','見た目はギャルでも中身は子供','0','2019-06-10 12:00:00','2019-06-10 12:00:00'),(162,'岡崎泰葉',16,2,NULL,NULL,'闇を感じる完璧主義者','0','2019-06-10 12:00:00','2019-06-10 12:00:00'),(163,'大石泉',15,2,4,NULL,'IQ150以上と噂されるほど頭脳明晰','0','2019-06-10 12:00:00','2019-06-10 12:00:00'),(164,'道明寺歌鈴',17,1,2,NULL,'ドジでノロマな巫女','0','2019-06-10 12:00:00','2019-06-10 12:00:00'),(165,'梅木音葉',19,2,NULL,NULL,'絶対音感を持つ','0','2019-06-10 12:00:00','2019-06-10 12:00:00'),(166,'海老原菜帆',17,3,NULL,NULL,'かなり馴れ馴れしい','0','2019-06-10 12:00:00','2019-06-10 12:00:00'),(167,'及川雫',16,3,3,NULL,'実家の牧場宣伝のためにアイドルになった','0','2019-06-10 12:00:00','2019-06-10 12:00:00'),(168,'氏家むつみ',13,2,NULL,NULL,'文学少女','0','2019-06-10 12:00:00','2019-06-10 12:00:00'),(169,'松本沙理奈',22,2,NULL,NULL,'実はグラビアアイドルを目指している','0','2019-06-10 12:00:00','2019-06-10 12:00:00'),(170,'赤西瑛梨華',16,1,NULL,NULL,'芸人志向強め','0','2019-06-10 12:00:00','2019-06-10 12:00:00'),(171,'浅野風香',16,1,NULL,NULL,'臆病なメガネ','0','2019-06-10 12:00:00','2019-06-10 12:00:00'),(172,'十時愛梨',18,3,NULL,'アップルパイ・プリンセス','天然ボケ','0','2019-06-10 12:00:00','2019-06-10 12:00:00'),(173,'伊集院惠',21,2,NULL,NULL,'新しい体験をすることが好きなミーハー','0','2019-06-10 12:00:00','2019-06-10 12:00:00'),(174,'辻野あかり',15,1,NULL,NULL,'なんJ民に踊らされた田舎っ子','0','2019-06-10 12:00:00','2019-06-10 12:00:00'),(175,'依田芳乃',16,3,6,NULL,'純和風女子','0','2019-06-10 12:00:00','2019-06-10 12:00:00'),(176,'月宮雅',18,1,19,NULL,'甘やかされて育ったママっ子','0','2019-06-10 12:00:00','2019-06-10 12:00:00'),(177,'松永涼',18,2,NULL,NULL,'サバサバした姉御肌のイケメン女子','0','2019-06-10 12:00:00','2019-06-10 12:00:00'),(178,'龍崎薫',9,3,22,NULL,'パッション部門のロリコンホイホイ','0','2019-06-10 12:00:00','2019-06-10 12:00:00'),(179,'関裕美',14,1,NULL,'楽園','おでこを出した髪型がチャームポイント','0','2019-06-10 12:00:00','2019-06-10 12:00:00'),(180,'荒木比奈',20,2,12,NULL,'風貌はいかにも冴えないオタク','0','2019-06-10 12:00:00','2019-06-10 12:00:00'),(181,'涼宮星花',19,1,NULL,NULL,'浮世離れで天然ボケなお嬢様','0','2019-06-10 12:00:00','2019-06-10 12:00:00'),(182,'若林智香',17,3,NULL,NULL,'チアガール','0','2019-06-10 12:00:00','2019-06-10 12:00:00'),(183,'アナスタシア',15,2,NULL,'You\'re star shine on me','日本語は少し苦手','0','2019-06-10 12:00:00','2019-06-10 12:00:00'),(184,'綾瀬穂乃香',17,2,NULL,NULL,'気負いすぎる生真面目さん','0','2019-06-10 12:00:00','2019-06-10 12:00:00'),(185,'白雪千夜',17,1,20,NULL,'万事に無関心な雰囲気','0','2019-06-10 12:00:00','2019-06-10 12:00:00'),(186,'浅利七海',14,2,NULL,NULL,'舌足らずな独特な喋り方が特徴的','0','2019-06-10 12:00:00','2019-06-10 12:00:00'),(187,'大原みちる',15,1,NULL,NULL,'無類のパン好き','0','2019-06-10 12:00:00','2019-06-10 12:00:00'),(188,'相川千夏',23,2,NULL,NULL,'見た目に反して意外とアクティブ','0','2019-06-10 12:00:00','2019-06-10 12:00:00');
/*!40000 ALTER TABLE `idol_main_shintaku` ENABLE KEYS */;
UNLOCK TABLES;

--
-- Table structure for table `jojo_appearance_shirasaka`
--

DROP TABLE IF EXISTS `jojo_appearance_shirasaka`;
/*!40101 SET @saved_cs_client     = @@character_set_client */;
/*!40101 SET character_set_client = utf8 */;
CREATE TABLE `jojo_appearance_shirasaka` (
  `appearance_id` int(11) NOT NULL,
  `appearance` varchar(256) DEFAULT NULL,
  `del_flg` varchar(1) DEFAULT NULL,
  `create_date` datetime DEFAULT NULL,
  `update_date` datetime DEFAULT NULL,
  PRIMARY KEY (`appearance_id`)
) ENGINE=InnoDB DEFAULT CHARSET=utf8;
/*!40101 SET character_set_client = @saved_cs_client */;

--
-- Dumping data for table `jojo_appearance_shirasaka`
--

LOCK TABLES `jojo_appearance_shirasaka` WRITE;
/*!40000 ALTER TABLE `jojo_appearance_shirasaka` DISABLE KEYS */;
INSERT INTO `jojo_appearance_shirasaka` VALUES (0,NULL,NULL,'2019-05-10 10:30:00','2019-05-10 10:30:00'),(1,'第5部','0','2019-05-10 10:30:00','2019-05-10 10:30:00'),(2,'第4部','0','2019-05-10 10:30:00','2019-05-10 10:30:00'),(3,'第3部','0','2019-05-10 10:30:00','2019-05-10 10:30:00');
/*!40000 ALTER TABLE `jojo_appearance_shirasaka` ENABLE KEYS */;
UNLOCK TABLES;

--
-- Table structure for table `jojo_main_shirasaka`
--

DROP TABLE IF EXISTS `jojo_main_shirasaka`;
/*!40101 SET @saved_cs_client     = @@character_set_client */;
/*!40101 SET character_set_client = utf8 */;
CREATE TABLE `jojo_main_shirasaka` (
  `stand_id` int(11) NOT NULL,
  `stand_name` varchar(256) DEFAULT NULL,
  `stand_user_name` varchar(256) DEFAULT NULL,
  `sex_id` int(11) DEFAULT NULL,
  `ability` varchar(256) DEFAULT NULL,
  `appearance_id` int(1) DEFAULT NULL,
  `comment` varchar(256) DEFAULT NULL,
  `del_flg` varchar(1) DEFAULT NULL,
  `create_date` datetime DEFAULT NULL,
  `update_date` datetime DEFAULT NULL,
  PRIMARY KEY (`stand_id`)
) ENGINE=InnoDB DEFAULT CHARSET=utf8;
/*!40101 SET character_set_client = @saved_cs_client */;

--
-- Dumping data for table `jojo_main_shirasaka`
--

LOCK TABLES `jojo_main_shirasaka` WRITE;
/*!40000 ALTER TABLE `jojo_main_shirasaka` DISABLE KEYS */;
INSERT INTO `jojo_main_shirasaka` VALUES (1,'ゴールド・エクスペリエンス','ジョルノ・ジョバァーナ',1,'触れた物質に生命を与える。',1,'父親は時間を止められるし、本人は命を操作できるし。まさにチート。','0','2019-05-10 10:30:00','2019-05-10 10:30:00'),(2,'スティッキー・フィンガー','ブローノ・ブチャラティ',1,'殴った相手にジッパーを取り付ける。',1,'相手をバラバラにしたり、瞬間移動したりできるの便利。','0','2019-05-10 10:30:00','2019-05-10 10:30:00'),(3,'エアロスミス','ナランチャ・ギルガ',1,'二酸化炭素排出量から敵の位置を特定し、戦闘機で攻撃する。',1,'物語の中で割とキーパーソンのような立ち位置にいます。','0','2019-05-10 10:30:00','2019-05-10 10:30:00'),(4,'ムーディ・ブルース','レオーネ・アバッキオ',1,'人やスタンドの過去をリプレイできる。',1,'この能力を持っているのがアバッキオでよかったと思えます。','0','2019-05-10 10:30:00','2019-05-10 10:30:00'),(5,'セックス・ピストルズ','グイード・ミスタ',1,'6体で協力して弾丸を操作する。',1,'一見強そうですが、日本では銃が使えないので国外のみ有効です。','0','2019-05-10 10:30:00','2019-05-10 10:30:00'),(6,'スパイス・ガール','トリッシュ・ウナ',2,'どんな物質も柔らかく出来る。',1,'能力はさておき、スタンド自信に自我があるっていう激熱展開が好きです。','0','2019-05-10 10:30:00','2019-05-10 10:30:00'),(7,'パープル・ヘイズ','パンナコッタ・フーゴ',1,'両拳のカプセルに仕込まれた殺人ウイルスで攻撃する。',1,'フーッ、フーッてスタンドが狂気じみている感じが好きです。','0','2019-05-10 10:30:00','2019-05-10 10:30:00'),(8,'キング・クリムゾン','ディアボロ',1,'時間を消し去ることが出来る。また未来を予知する「エピタフ」の能力も備わっている。',1,'あー、また時間系の能力ね。強い強い。','0','2019-05-10 10:30:00','2019-05-10 10:30:00'),(9,'クレイジー・ダイヤモンド','東方仗助',1,'高速パンチが打てるスタンドで、壊れた物をもとの形に戻すことが出来る。',2,'世界一やさしい能力と言われていました。','0','2019-05-10 10:30:00','2019-05-10 10:30:00'),(10,'ザ・ハンド','虹村億泰',1,'右手でつかんだものを空間ごと削り取れる。',2,'いや、強すぎでしょ。','0','2019-05-10 10:30:00','2019-05-10 10:30:00'),(11,'エコーズ','広瀬康一',1,'ACT1～ACT３と姿を変え、それぞれで能力が異なる。最終形態ACT３では殴った物体を重くできる。',2,'第5部でも少し登場したほど、人気のキャラ。僕も好き。','0','2019-05-10 10:30:00','2019-05-10 10:30:00'),(12,'ヘブンズ・ドアー','岸部露伴',1,'自信の書いた絵を相手に見せることで、相手を本にすることが出来る。本にされた相手には性格などの情報が記載されていて、文章を書き込めばその通りに行動させることが出来る。',2,'有名な「だが断る」の人。','0','2019-05-10 10:30:00','2019-05-10 10:30:00'),(13,'アース・ウィンド・アンド・ファイヤー','ヌ・ミキタカゾ・ンシ',3,'自分の力以上のものや複雑な機械などを除いて、なんにでも返信できる。',2,'宇宙人かもしれないしそうじゃないかもしれない人。','0','2019-05-10 10:30:00','2019-05-10 10:30:00'),(14,'ハイウェイ・スター','噴上裕也',1,'部屋を作り出し、そこに入り込んだ人のにおいを覚えて追跡する能力。追い付かれた者は、体内に侵入され養分を吸い取られる。',2,'岸部露伴に「だが断る」を言わせた人。','0','2019-05-10 10:30:00','2019-05-10 10:30:00'),(15,'キラー・クイーン','吉良吉影',1,'触れた物を爆弾に変える能力。スイッチを使った起爆型にもできる。',2,'言葉の言い回しで謎にブチ切れるという謎個性が好きです。','0','2019-05-10 10:30:00','2019-05-10 10:30:00'),(16,'スター・プラチナ','空条承太郎',1,'けた外れのスピードとパワー、正確性を持つスタンド。途中から時も止められるようになった。',3,'有名な「オラオラオラァ」の連呼の人。','0','2019-05-10 10:30:00','2019-05-10 10:30:00'),(17,'ハーミット・パープル','ジョセフ・ジョースター',1,'念写を行うことが出来る。戦闘向きではない。',3,'第2部から続投。承太郎のおじいちゃんで、東方仗助のパパ','0','2019-05-10 10:30:00','2019-05-10 10:30:00'),(18,'マジシャンズ・レッド','モハメド・アヴドゥル',1,'鉄さえも溶かせる灼熱の炎を操れる。',3,'マジで最強だと思ったスタンド。トリッシュのスタンドを目覚めさせてくれてありがとう。','0','2019-05-10 10:30:00','2019-05-10 10:30:00'),(19,'ハイエロファント・グリーン','花京院典明',1,'人型のスタンドで、ひも状に姿を変えることが出来る。',3,'「レロレロレロ」といってサクランボをなめるシーンは有名。','0','2019-05-10 10:30:00','2019-05-10 10:30:00'),(20,'シルバー・チャリオッツ','ジャン＝ピエール・ポルナレフ',1,'切れ味の鋭いレイピアを操る中世騎士のようなスタンド。',3,'第5部にも少し登場します。','0','2019-05-10 10:30:00','2019-05-10 10:30:00'),(21,'ザ・フール','イギー',3,'砂を操ることが出来るスタンド。',3,'生意気なくそ犬だったのに、なぜか最後はすごく悲しい。','0','2019-05-10 10:30:00','2019-05-10 10:30:00'),(22,'ザ・ワールド','DIO',1,'高いスピードと高いパワーを持ち、9秒間時間を止めることもできる。',3,'初代チートキャラ。その後のストーリーにも大きな影響を与えます。','0','2019-05-10 10:30:00','2019-05-10 10:30:00');
/*!40000 ALTER TABLE `jojo_main_shirasaka` ENABLE KEYS */;
UNLOCK TABLES;

--
-- Table structure for table `jojo_sex_shirasaka`
--

DROP TABLE IF EXISTS `jojo_sex_shirasaka`;
/*!40101 SET @saved_cs_client     = @@character_set_client */;
/*!40101 SET character_set_client = utf8 */;
CREATE TABLE `jojo_sex_shirasaka` (
  `sex_id` int(11) NOT NULL,
  `sex` varchar(256) DEFAULT NULL,
  `del_flg` int(1) DEFAULT NULL,
  `create_date` datetime DEFAULT NULL,
  `update_date` datetime DEFAULT NULL,
  PRIMARY KEY (`sex_id`)
) ENGINE=InnoDB DEFAULT CHARSET=utf8;
/*!40101 SET character_set_client = @saved_cs_client */;

--
-- Dumping data for table `jojo_sex_shirasaka`
--

LOCK TABLES `jojo_sex_shirasaka` WRITE;
/*!40000 ALTER TABLE `jojo_sex_shirasaka` DISABLE KEYS */;
INSERT INTO `jojo_sex_shirasaka` VALUES (0,NULL,NULL,'2019-05-10 10:30:00','2019-05-10 10:30:00'),(1,'男性',0,'2019-05-10 10:30:00','2019-05-10 10:30:00'),(2,'女性',0,'2019-05-10 10:30:00','2019-05-10 10:30:00'),(3,'不明',0,'2019-05-10 10:30:00','2019-05-10 10:30:00');
/*!40000 ALTER TABLE `jojo_sex_shirasaka` ENABLE KEYS */;
UNLOCK TABLES;

--
-- Table structure for table `kyary_main_sahota`
--

DROP TABLE IF EXISTS `kyary_main_sahota`;
/*!40101 SET @saved_cs_client     = @@character_set_client */;
/*!40101 SET character_set_client = utf8 */;
CREATE TABLE `kyary_main_sahota` (
  `NO` int(11) DEFAULT NULL,
  `id` int(11) DEFAULT NULL,
  `song_title` varchar(256) DEFAULT NULL,
  `name_id` int(11) DEFAULT NULL,
  `type_id` int(4) DEFAULT NULL,
  `release_year` int(4) DEFAULT NULL,
  `song_time` varchar(5) DEFAULT NULL,
  `comment` varchar(256) DEFAULT NULL,
  `del_flg` varchar(1) DEFAULT NULL,
  `create_date` datetime DEFAULT NULL,
  `update_date` datetime DEFAULT NULL
) ENGINE=InnoDB DEFAULT CHARSET=utf8;
/*!40101 SET character_set_client = @saved_cs_client */;

--
-- Dumping data for table `kyary_main_sahota`
--

LOCK TABLES `kyary_main_sahota` WRITE;
/*!40000 ALTER TABLE `kyary_main_sahota` DISABLE KEYS */;
INSERT INTO `kyary_main_sahota` VALUES (1,1,'きゃりーのマーチ',1,1,2011,'1:07','導入歌','0','2019-06-11 12:00:00','2019-06-20 11:21:55'),(2,2,'チェリーボンボン',1,1,2011,'3:38','海外で人気がある','0','2019-06-11 12:00:00','2019-06-11 12:00:00'),(3,3,'PONPONPON',1,1,2011,'4:02','デビュー曲','0','2019-06-11 12:00:00','2019-06-11 12:00:00'),(4,4,'ちょうどいいの',1,1,2011,'3:19','ヒミツのアイテム','0','2019-06-11 12:00:00','2019-06-11 12:00:00'),(5,5,'ピンポンがなんない',1,1,2011,'4:44','シチュー','0','2019-06-11 12:00:00','2019-06-11 12:00:00'),(6,6,'jelly',1,1,2011,'4:32','CAPSULEのカバー','0','2019-06-11 12:00:00','2019-06-11 12:00:00'),(7,7,'PONPONPON extended',1,1,2011,'6:01','デビュー曲','0','2019-06-11 12:00:00','2019-06-11 12:00:00'),(8,8,'ぱみゅぱみゅレボリューション',2,1,2012,'1:00','導入歌','0','2019-06-11 12:00:00','2019-06-11 12:00:00'),(9,9,'つけまつける',2,1,2012,'4:21','豆しぱみゅぱみゅCMソング','0','2019-06-11 12:00:00','2019-06-11 12:00:00'),(10,10,'PONPONPON',2,1,2012,'4:02','バンタンCMソング','0','2019-06-11 12:00:00','2019-06-11 12:00:00'),(11,11,'みんなのうた',2,1,2012,'5:03','手を上げる','0','2019-06-11 12:00:00','2019-06-11 12:00:00'),(12,12,'きゃりーANAN',2,1,2012,'3:18','求人情報サービス「an」CMソング','0','2019-06-11 12:00:00','2019-06-11 12:00:00'),(13,13,'CANDY CANDY',2,1,2012,'3:51','グリコ「BREO」CMソング','0','2019-06-11 12:00:00','2019-06-11 12:00:00'),(14,14,'Drinker',2,1,2012,'4:17','お酒','0','2019-06-11 12:00:00','2019-06-11 12:00:00'),(15,15,'おねだり44℃',2,1,2012,'3:39','ケンタッキー「クラッシャーズ」CMソング','0','2019-06-11 12:00:00','2019-06-11 12:00:00'),(16,16,'スキすぎてキレそう',2,1,2012,'5:19','キレそう','0','2019-06-11 12:00:00','2019-06-11 12:00:00'),(17,17,'ぎりぎりセーフ',2,1,2012,'3:13','間に合った','0','2019-06-11 12:00:00','2019-06-11 12:00:00'),(18,18,'おやすみ',2,1,2012,'4:42','おやすみ','0','2019-06-11 12:00:00','2019-06-11 12:00:00'),(19,19,'ちゃんちゃかちゃんちゃん',2,1,2012,'4:46','初期ライブのアンコール曲','0','2019-06-11 12:00:00','2019-06-11 12:00:00'),(20,20,'なんだこれくしょん',3,1,2013,'0:47','導入歌','0','2019-06-11 12:00:00','2019-06-11 12:00:00'),(21,21,'にんじゃりばんばん',3,1,2013,'4:26','au TVCMソング','0','2019-06-11 12:00:00','2019-06-11 12:00:00'),(22,22,'きみのみかた',22,3,2019,'3:04','「クオリティーファースト」CMソング','0','2019-06-19 15:34:22','2019-06-11 12:00:00'),(23,23,'きみがいいねくれたら',23,3,2019,'3:43','テレビドラマ「向かいのバズる家族」主題歌','0','2019-06-19 15:21:22','2019-06-11 12:00:00'),(24,24,'インベーダーインベーダー',3,1,2013,'4:11','ジ―ユーCMソング','0','2019-06-11 12:00:00','2019-06-11 12:00:00'),(25,25,'み',3,1,2013,'4:11','グリコ「アイスの実」キャンペーンソング','0','2019-06-11 12:00:00','2019-06-11 12:00:00'),(26,26,'ファッションモンスター',3,1,2013,'4:37','ジ―ユーCMソング','0','2019-06-11 12:00:00','2019-06-11 12:00:00'),(27,27,'さいごのアイスクリーム',3,1,2013,'4:10','いちご味','0','2019-06-11 12:00:00','2019-06-11 12:00:00'),(28,28,'のりことのりお',3,1,2013,'3:17','au TVCMソング','0','2019-06-11 12:00:00','2019-06-11 12:00:00'),(29,29,'ふりそでーしょん',3,1,2013,'4:05','はたち','0','2019-06-11 12:00:00','2019-06-11 12:00:00'),(30,30,'くらくら',3,1,2013,'2:49','ケンタッキー「クラッシャーズ」CMソング','0','2019-06-11 12:00:00','2019-06-11 12:00:00'),(31,31,'おとななこども',3,1,2013,'5:31','「SUZUKI MRワゴン」 CMソング','0','2019-06-11 12:00:00','2019-06-11 12:00:00'),(32,32,'ピカピカふぁんたじん',4,1,2014,'1:12','導入歌','0','2019-06-11 12:00:00','2019-06-11 12:00:00'),(33,33,'きらきらキラー',4,1,2014,'4:16','L.U.C.K','0','2019-06-11 12:00:00','2019-06-11 12:00:00'),(34,34,'ゆめのはじまりんりん-album mix-',4,1,2014,'4:04','CHINTAI CMソング','0','2019-06-11 12:00:00','2019-06-11 12:00:00'),(35,35,'もったいないとらんど',4,1,2014,'4:01','au TVCMソング','0','2019-06-11 12:00:00','2019-06-11 12:00:00'),(36,36,'シリアスひとみ',4,1,2014,'5:18','ひとみシリアス','0','2019-06-11 12:00:00','2019-06-11 12:00:00'),(37,37,'do do pi do',4,1,2014,'4:39','CAPSULEのカバー','0','2019-06-11 12:00:00','2019-06-11 12:00:00'),(38,38,'ファミリーパーティー -album mix-',4,1,2014,'3:39','『映画クレヨンしんちゃん　ガチンコ！逆襲のロボとーちゃん』主題歌','0','2019-06-11 12:00:00','2019-06-11 12:00:00'),(39,39,'Ring a Bell',4,1,2014,'4:09','英語','0','2019-06-11 12:00:00','2019-06-11 12:00:00'),(40,40,'トーキョーハイウェイ',4,1,2014,'5:09','サイバーナビPV','0','2019-06-11 12:00:00','2019-06-11 12:00:00'),(41,41,'こいこいこい',4,1,2014,'3:17','グリコ「アイスの実」CMソング','0','2019-06-11 12:00:00','2019-06-11 12:00:00'),(42,42,'すんごいオーラ -album mix-',4,1,2014,'3:40','「サンスターOra2」CMソング','0','2019-06-11 12:00:00','2019-06-11 12:00:00'),(43,43,'エクスプローラー',4,1,2014,'4:03','au TVCMソング','0','2019-06-11 12:00:00','2019-06-11 12:00:00'),(44,44,'ピカピカふぁんたミックス',4,1,2014,'1:18','itunes store限定','0','2019-06-11 12:00:00','2019-06-11 12:00:00'),(45,45,'KPP ON STAGE',5,1,2016,'0:55','導入歌','0','2019-06-11 12:00:00','2019-06-11 12:00:00'),(46,46,'PONPONPON',5,1,2016,'4:02','バンタンCMソング','0','2019-06-11 12:00:00','2019-06-11 12:00:00'),(47,47,'チェリーボンボン',5,1,2016,'3:38','海外で人気がある','0','2019-06-11 12:00:00','2019-06-11 12:00:00'),(48,48,'つけまつける',5,1,2016,'4:21','つけまつげ','0','2019-06-11 12:00:00','2019-06-11 12:00:00'),(49,49,'きゃりーANAN',5,1,2016,'3:18','求人情報サービス「an」CMソング','0','2019-06-11 12:00:00','2019-06-11 12:00:00'),(50,50,'CANDY CANDY',5,1,2016,'3:51','グリコ「BREO」CMソング','0','2019-06-11 12:00:00','2019-06-11 12:00:00'),(51,51,'ファッションモンスター',5,1,2016,'4:37','ジ―ユーCMソング','0','2019-06-11 12:00:00','2019-06-11 12:00:00'),(52,52,'キミに100パーセント',5,1,2016,'3:20','「クレヨンしんちゃん」オープニングテーマ','0','2019-06-11 12:00:00','2019-06-11 12:00:00'),(53,53,'ふりそでーしょん',5,1,2016,'4:05','はたち','0','2019-06-11 12:00:00','2019-06-11 12:00:00'),(54,54,'ファミリーパーティー -album mix-',5,1,2016,'3:39','『映画クレヨンしんちゃん　ガチンコ！逆襲のロボとーちゃん』主題歌','0','2019-06-11 12:00:00','2019-06-11 12:00:00'),(55,55,'Super Scooter Happy',5,1,2016,'5:54','トマト達','0','2019-06-11 12:00:00','2019-06-11 12:00:00'),(56,56,'ゆめのはじまりんりん-album mix-',5,1,2016,'4:04','CHINTAI CMソング','0','2019-06-11 12:00:00','2019-06-11 12:00:00'),(57,57,'にんじゃりばんばん',5,1,2016,'4:26','にんじゃ','0','2019-06-11 12:00:00','2019-06-11 12:00:00'),(58,58,'もったいないとらんど',5,1,2016,'4:01','au TVCMソング','0','2019-06-11 12:00:00','2019-06-11 12:00:00'),(59,59,'5iVE YEARS MONSTER',5,1,2016,'2:53','5周年記念','0','2019-06-11 12:00:00','2019-06-11 12:00:00'),(60,60,'きらきらキラー',5,1,2016,'4:16','au TVCMソング','0','2019-06-11 12:00:00','2019-06-11 12:00:00'),(61,61,'インベーダーインベーダー',5,1,2016,'4:11','ジ―ユーCMソング','0','2019-06-11 12:00:00','2019-06-11 12:00:00'),(62,62,'完全形態',5,1,2016,'3:39','「AQUOS　４K」CMソング','0','2019-06-11 12:00:00','2019-06-11 12:00:00'),(63,63,'トーキョーハイウェイ',5,1,2016,'5:09','サイバーナビPV','0','2019-06-11 12:00:00','2019-06-11 12:00:00'),(64,64,'Crazy Party Night ～ぱんぷきんの逆襲～',5,1,2016,'4:14','コカコーラCMソング','0','2019-06-11 12:00:00','2019-06-11 12:00:00'),(65,65,'No No No',5,1,2016,'4:08','グリコ「アイスの実」CMソング','0','2019-06-11 12:00:00','2019-06-11 12:00:00'),(66,66,'もんだいガール',5,1,2016,'4:36','ドラマ「問題のあるレストラン」主題歌','0','2019-06-11 12:00:00','2019-06-11 12:00:00'),(67,67,'コスメティックコースター',5,1,2016,'3:25','USJ KPP XR ride','0','2019-06-11 12:00:00','2019-06-11 12:00:00'),(68,68,'最＆高',5,1,2016,'3:32','b','0','2019-06-11 12:00:00','2019-06-11 12:00:00'),(69,69,'バーチャルぱみゅぱみゅ',6,1,2018,'1:40','導入歌','0','2019-06-11 12:00:00','2019-06-11 12:00:00'),(70,70,'キズナミ',6,1,2018,'3:48','映画「モンスターストライク THE MOVIE ソラノカナタ」主題歌','0','2019-06-11 12:00:00','2019-06-11 12:00:00'),(71,71,'原宿いやほい',6,1,2018,'3:41','原宿','0','2019-06-11 12:00:00','2019-06-11 12:00:00'),(72,72,'音ノ国',6,1,2018,'4:03','奏で','0','2019-06-11 12:00:00','2019-06-11 12:00:00'),(73,73,'きみのみかた',6,1,2018,'3:04','「クオリティーファースト」CMソング','0','2019-06-11 12:00:00','2019-06-11 12:00:00'),(74,74,'ちゃみ ちゃみ ちゃーみん',6,1,2018,'4:36','ちゃみ','0','2019-06-11 12:00:00','2019-06-11 12:00:00'),(75,75,'演歌ナトリウム',6,1,2018,'2:49','さいさい','0','2019-06-11 12:00:00','2019-06-11 12:00:00'),(76,76,'恋ノ花',6,1,2018,'4:39','CAPSULEのカバー','0','2019-06-11 12:00:00','2019-06-11 12:00:00'),(77,77,'とどけぱんち',6,1,2018,'2:58','グリコ「アイスの実」CMソング','0','2019-06-11 12:00:00','2019-06-11 12:00:00'),(78,78,'最＆高(Japamyu Edit)',6,1,2018,'4:33','b','0','2019-06-11 12:00:00','2019-06-11 12:00:00'),(79,79,'つけまつける',7,2,2012,'4:21','つけまつげ','0','2019-06-11 12:00:00','2019-06-11 12:00:00'),(80,80,'きゃりーANAN',7,2,2012,'3:18','求人情報サービス「an」CMソング','0','2019-06-11 12:00:00','2019-06-11 12:00:00'),(81,81,'チェリーボンボン extended mix',7,2,2012,'5:02','海外で人気がある','0','2019-06-11 12:00:00','2019-06-11 12:00:00'),(82,82,'CANDY CANDY',8,2,2012,'3:51','グリコ「BREO」CMソング','0','2019-06-11 12:00:00','2019-06-11 12:00:00'),(83,83,'でもでもまだまだ',8,2,2012,'4:12','有馬記念予告動画','0','2019-06-11 12:00:00','2019-06-11 12:00:00'),(84,84,'ちょうどいいの Extended Mix',8,2,2012,'4:24','ヒミツのアイテム','0','2019-06-11 12:00:00','2019-06-11 12:00:00'),(85,85,'ファッションモンスター',9,2,2012,'4:37','ジ―ユーCMソング','0','2019-06-11 12:00:00','2019-06-11 12:00:00'),(86,86,'100%のじぶんに',9,2,2012,'3:27','「SUZUKI MRワゴン」 CMソング','0','2019-06-11 12:00:00','2019-06-11 12:00:00'),(87,87,'つけまつける-extended mix-',9,2,2012,'4:56','つけまつげ','0','2019-06-11 12:00:00','2019-06-11 12:00:00'),(88,88,'キミに100パーセント',10,2,2013,'3:20','「クレヨンしんちゃん」オープニングテーマ','0','2019-06-11 12:00:00','2019-06-11 12:00:00'),(89,89,'ふりそでーしょん',10,2,2013,'4:05','はたち','0','2019-06-11 12:00:00','2019-06-11 12:00:00'),(90,90,'CANDY CANDY(Etended Mix)',10,2,2013,'5:16','グリコ「BREO」CMソング','0','2019-06-11 12:00:00','2019-06-11 12:00:00'),(91,91,'にんじゃりばんばん',11,2,2013,'4:26','にんじゃ','0','2019-06-11 12:00:00','2019-06-11 12:00:00'),(92,92,'Unite Unite',11,2,2013,'3:13','ファンに人気','0','2019-06-11 12:00:00','2019-06-11 12:00:00'),(93,93,'みんなのうた-extended mix-',11,2,2013,'5:47','手を上げる','0','2019-06-11 12:00:00','2019-06-11 12:00:00'),(94,94,'インベーダーインベーダー',12,2,2013,'4:11','ジ―ユーCMソング','0','2019-06-11 12:00:00','2019-06-11 12:00:00'),(95,95,'Point of view',12,2,2013,'3:35','「アゲるテレビ」オープニングテーマ','0','2019-06-11 12:00:00','2019-06-11 12:00:00'),(96,96,'ファッションモンスター',12,2,2013,'4:55','ジ―ユーCMソング','0','2019-06-11 12:00:00','2019-06-11 12:00:00'),(97,97,'もったいないとらんど',13,2,2013,'4:01','au TVCMソング','0','2019-06-11 12:00:00','2019-06-11 12:00:00'),(98,98,'すんごいオーラ',13,2,2013,'2:56','「サンスターOra2」CMソング','0','2019-06-11 12:00:00','2019-06-11 12:00:00'),(99,99,'にんじゃりばんばん -extended mix-',13,2,2013,'5:43','にんじゃ','0','2019-06-11 12:00:00','2019-06-11 12:00:00'),(100,100,'もったいないとらんど -instrumental-',13,2,2013,'4:01','au TVCMソング','0','2019-06-11 12:00:00','2019-06-11 12:00:00'),(101,101,'すんごいオーラ -instrumental-',13,2,2013,'2:56','「サンスターOra2」CMソング','0','2019-06-11 12:00:00','2019-06-11 12:00:00'),(102,102,'ゆめのはじまりんりん',14,2,2014,'3:21','CHINTAI CMソング','0','2019-06-11 12:00:00','2019-06-11 12:00:00'),(103,103,'スローモ',14,2,2014,'3:33','「ALOOK」CMソング','0','2019-06-11 12:00:00','2019-06-11 12:00:00'),(104,104,'もったいないとらんど -extended mix-',14,2,2014,'4:50','au TVCMソング','0','2019-06-11 12:00:00','2019-06-11 12:00:00'),(105,105,'ゆめのはじまりんりん -instrumental-',14,2,2014,'3:21','CHINTAI CMソング','0','2019-06-11 12:00:00','2019-06-11 12:00:00'),(106,106,'スローモ -instrumental-',14,2,2014,'3:34','「ALOOK」CMソング','0','2019-06-11 12:00:00','2019-06-11 12:00:00'),(107,107,'ファミリーパーティー',15,2,2014,'3:35','『映画クレヨンしんちゃん　ガチンコ！逆襲のロボとーちゃん』主題歌','0','2019-06-11 12:00:00','2019-06-11 12:00:00'),(108,108,'Scanty Skimpy',15,2,2014,'3:38','聞いたことない','0','2019-06-11 12:00:00','2019-06-11 12:00:00'),(109,109,'インベーダーインベーダー -extended mix-',15,2,2014,'5:28','ジ―ユーCMソング','0','2019-06-11 12:00:00','2019-06-11 12:00:00'),(110,110,'ファミリーパーティー -instrumental-',15,2,2014,'3:36','『映画クレヨンしんちゃん　ガチンコ！逆襲のロボとーちゃん』主題歌','0','2019-06-11 12:00:00','2019-06-11 12:00:00'),(111,111,'Scanty Skimpy -instrumental-',15,2,2014,'3:38','聞いたことない','0','2019-06-11 12:00:00','2019-06-11 12:00:00'),(112,112,'きらきらキラー',16,2,2014,'4:16','au TVCMソング','0','2019-06-11 12:00:00','2019-06-11 12:00:00'),(113,113,'きらきらキラー -extended mix-',16,2,2014,'5:11','au TVCMソング','0','2019-06-11 12:00:00','2019-06-11 12:00:00'),(114,114,'もんだいガール',17,2,2015,'4:36','ドラマ「問題のあるレストラン」主題歌','0','2019-06-11 12:00:00','2019-06-11 12:00:00'),(115,115,'KISEKAE',17,2,2015,'4:06','ニンテンドー３DS　CMソング','0','2019-06-11 12:00:00','2019-06-11 12:00:00'),(116,116,'MY ROOM',17,2,2015,'4:34','CHINTAI CMソング','0','2019-06-11 12:00:00','2019-06-11 12:00:00'),(117,117,'CANDY CANDY -remix-',17,2,2015,'4:31','グリコ「BREO」CMソング','0','2019-06-11 12:00:00','2019-06-11 12:00:00'),(118,118,'もんだいガール -instrumental-',17,2,2015,'4:36','ドラマ「問題のあるレストラン」主題歌','0','2019-06-11 12:00:00','2019-06-11 12:00:00'),(119,119,'KISEKAE -instrumental-',17,2,2015,'4:06','ニンテンドー３DS　CMソング','0','2019-06-11 12:00:00','2019-06-11 12:00:00'),(120,120,'MY ROOM -instrumental-',17,2,2015,'4:34','CHINTAI CMソング','0','2019-06-11 12:00:00','2019-06-11 12:00:00'),(121,121,'Crazy Party Night ～ぱんぷきんの逆襲～',18,2,2015,'4:14','コカコーラCMソング','0','2019-06-11 12:00:00','2019-06-11 12:00:00'),(122,122,'No No No',18,2,2015,'4:08','グリコ「アイスの実」CMソング','0','2019-06-11 12:00:00','2019-06-11 12:00:00'),(123,123,'おしえてダンスフロア',18,2,2015,'3:05','SHARP AQUOS 4K CMソング','0','2019-06-11 12:00:00','2019-06-11 12:00:00'),(124,124,'きまま',18,2,2015,'3:15','「とびだせどうぶつの森」CMソング','0','2019-06-11 12:00:00','2019-06-11 12:00:00'),(125,125,'Crazy Party Night ～ぱんぷきんの逆襲～ -instrumental-',18,2,2015,'4:14','コカコーラCMソング','0','2019-06-11 12:00:00','2019-06-11 12:00:00'),(126,126,'No No No -instrumental-',18,2,2015,'4:08','グリコ「アイスの実」CMソング','0','2019-06-11 12:00:00','2019-06-11 12:00:00'),(127,127,'おしえてダンスフロア -instrumental-',18,2,2015,'3:05','SHARP AQUOS 4K CMソング','0','2019-06-11 12:00:00','2019-06-11 12:00:00'),(128,128,'きまま -instrumental-',18,2,2015,'3:15','「とびだせどうぶつの森」CMソング','0','2019-06-11 12:00:00','2019-06-11 12:00:00'),(129,129,'最&高',19,2,2016,'3:32','b','0','2019-06-11 12:00:00','2019-06-11 12:00:00'),(130,130,'コスメティックコースター',19,2,2016,'3:25','USJ KPP XR ride','0','2019-06-11 12:00:00','2019-06-11 12:00:00'),(131,131,'もんだいガール -extended mix-',19,2,2016,'5:29','ドラマ「問題のあるレストラン」主題歌','0','2019-06-11 12:00:00','2019-06-11 12:00:00'),(132,132,'最&高 -instrumental-',19,2,2016,'3:32','b','0','2019-06-11 12:00:00','2019-06-11 12:00:00'),(133,133,'コスメティックコースター instrumental-',19,2,2016,'3:25','USJ KPP XR ride','0','2019-06-11 12:00:00','2019-06-11 12:00:00'),(134,134,'Crazy Crazy',20,2,2017,'3:46','feat.Charli XCX','0','2019-06-11 12:00:00','2019-06-11 12:00:00'),(135,135,'Crazy Crazy -remix-',20,2,2017,'4:43','feat.Charli XCX','0','2019-06-11 12:00:00','2019-06-11 12:00:00'),(136,136,'原宿いやほい',20,2,2017,'3:41','原宿','0','2019-06-11 12:00:00','2019-06-11 12:00:00'),(137,137,'原宿いやほい -extended mix-',20,2,2017,'5:38','原宿','0','2019-06-11 12:00:00','2019-06-11 12:00:00'),(138,138,'良すた',21,2,2017,'2:58','イオンイースターキャンペーンCMソング','0','2019-06-11 12:00:00','2019-06-11 12:00:00'),(139,139,'とどけぱんち',21,2,2017,'2:56','グリコ「アイスの実」CMソング','0','2019-06-11 12:00:00','2019-06-11 12:00:00'),(140,140,'最&高 -extended mix-',21,2,2017,'4:24','b','0','2019-06-11 12:00:00','2019-06-11 12:00:00'),(141,141,'良すた -instrumental-',21,2,2017,'2:58','イオンイースターキャンペーンCMソング','0','2019-06-11 12:00:00','2019-06-11 12:00:00'),(142,142,'とどけぱんち -instrumental-',21,2,2017,'2:56','グリコ「アイスの実」CMソング','0','2019-06-11 12:00:00','2019-06-11 12:00:00'),(143,143,'きみのみかた',22,3,2018,'3:04','「クオリティーファースト」CMソング','0','2019-06-11 12:00:00','2019-06-11 12:00:00'),(NULL,160,'あああ',0,0,NULL,NULL,'','0','2019-06-19 16:03:01',NULL),(NULL,161,'かか',0,2,NULL,'','','0','2019-06-19 16:25:57','2019-06-19 16:50:44'),(NULL,162,'pp',0,0,NULL,NULL,'','0','2019-06-19 16:55:57','2019-06-19 16:55:57');
/*!40000 ALTER TABLE `kyary_main_sahota` ENABLE KEYS */;
UNLOCK TABLES;

--
-- Table structure for table `league_uezu`
--

DROP TABLE IF EXISTS `league_uezu`;
/*!40101 SET @saved_cs_client     = @@character_set_client */;
/*!40101 SET character_set_client = utf8 */;
CREATE TABLE `league_uezu` (
  `id` int(11) NOT NULL,
  `league` varchar(256) DEFAULT NULL,
  `del_flg` varchar(1) DEFAULT NULL,
  `create_date` datetime NOT NULL,
  `update_date` datetime NOT NULL,
  PRIMARY KEY (`id`)
) ENGINE=InnoDB DEFAULT CHARSET=utf8;
/*!40101 SET character_set_client = @saved_cs_client */;

--
-- Dumping data for table `league_uezu`
--

LOCK TABLES `league_uezu` WRITE;
/*!40000 ALTER TABLE `league_uezu` DISABLE KEYS */;
INSERT INTO `league_uezu` VALUES (0,NULL,'0','2019-05-21 00:00:00','2019-05-21 00:00:00'),(1,'アメリカンリーグ','0','2019-05-21 00:00:00','2019-05-21 00:00:00'),(2,'ナショナルリーグ','0','2019-05-21 00:00:00','2019-05-21 00:00:00');
/*!40000 ALTER TABLE `league_uezu` ENABLE KEYS */;
UNLOCK TABLES;

--
-- Table structure for table `location_kataoka`
--

DROP TABLE IF EXISTS `location_kataoka`;
/*!40101 SET @saved_cs_client     = @@character_set_client */;
/*!40101 SET character_set_client = utf8 */;
CREATE TABLE `location_kataoka` (
  `id` int(2) NOT NULL,
  `location` varchar(20) NOT NULL,
  `del_flg` varchar(1) DEFAULT NULL,
  `create_date` timestamp NOT NULL DEFAULT current_timestamp() ON UPDATE current_timestamp(),
  `update_date` timestamp NOT NULL DEFAULT '0000-00-00 00:00:00'
) ENGINE=InnoDB DEFAULT CHARSET=utf8;
/*!40101 SET character_set_client = @saved_cs_client */;

--
-- Dumping data for table `location_kataoka`
--

LOCK TABLES `location_kataoka` WRITE;
/*!40000 ALTER TABLE `location_kataoka` DISABLE KEYS */;
INSERT INTO `location_kataoka` VALUES (0,'','0','2018-09-26 23:49:26','2018-09-17 06:00:00'),(1,'北海道','0','2018-09-17 06:00:00','2018-09-17 06:00:00'),(2,'青森県','0','2018-09-17 06:00:00','2018-09-17 06:00:00'),(3,'岩手県','0','2018-09-17 06:00:00','2018-09-17 06:00:00'),(4,'宮城県','0','2018-09-17 06:00:00','2018-09-17 06:00:00'),(5,'秋田県','0','2018-09-17 06:00:00','2018-09-17 06:00:00'),(6,'山形県','0','2018-09-17 06:00:00','2018-09-17 06:00:00'),(7,'福島県','0','2018-09-17 06:00:00','2018-09-17 06:00:00'),(8,'茨城県','0','2018-09-17 06:00:00','2018-09-17 06:00:00'),(9,'栃木県','0','2018-09-17 06:00:00','2018-09-17 06:00:00'),(10,'群馬県','0','2018-09-17 06:00:00','2018-09-17 06:00:00'),(11,'埼玉県','0','2018-09-17 06:00:00','2018-09-17 06:00:00'),(12,'千葉県','0','2018-09-17 06:00:00','2018-09-17 06:00:00'),(13,'東京都','0','2018-09-17 06:00:00','2018-09-17 06:00:00'),(14,'神奈川県','0','2018-09-17 06:00:00','2018-09-17 06:00:00'),(15,'新潟県','0','2018-09-17 06:00:00','2018-09-17 06:00:00'),(16,'富山県','0','2018-09-17 06:00:00','2018-09-17 06:00:00'),(17,'石川県','0','2018-09-17 06:00:00','2018-09-17 06:00:00'),(18,'福井県','0','2018-09-17 06:00:00','2018-09-17 06:00:00'),(19,'山梨県','0','2018-09-17 06:00:00','2018-09-17 06:00:00'),(20,'長野県','0','2018-09-17 06:00:00','2018-09-17 06:00:00'),(21,'岐阜県','0','2018-09-17 06:00:00','2018-09-17 06:00:00'),(22,'静岡県','0','2018-09-17 06:00:00','2018-09-17 06:00:00'),(23,'愛知県','0','2018-09-17 06:00:00','2018-09-17 06:00:00'),(24,'三重県','0','2018-09-17 06:00:00','2018-09-17 06:00:00'),(25,'滋賀県','0','2018-09-17 06:00:00','2018-09-17 06:00:00'),(26,'京都府','0','2018-09-17 06:00:00','2018-09-17 06:00:00'),(27,'大阪府','0','2018-09-17 06:00:00','2018-09-17 06:00:00'),(28,'兵庫県','0','2018-09-17 06:00:00','2018-09-17 06:00:00'),(29,'奈良県','0','2018-09-17 06:00:00','2018-09-17 06:00:00'),(30,'和歌山県','0','2018-09-17 06:00:00','2018-09-17 06:00:00'),(31,'鳥取県','0','2018-09-17 06:00:00','2018-09-17 06:00:00'),(32,'島根県','0','2018-09-17 06:00:00','2018-09-17 06:00:00'),(33,'岡山県','0','2018-09-17 06:00:00','2018-09-17 06:00:00'),(34,'広島県','0','2018-09-17 06:00:00','2018-09-17 06:00:00'),(35,'山口県','0','2018-09-17 06:00:00','2018-09-17 06:00:00'),(36,'徳島県','0','2018-09-17 06:00:00','2018-09-17 06:00:00'),(37,'香川県','0','2018-09-17 06:00:00','2018-09-17 06:00:00'),(38,'愛媛県','0','2018-09-17 06:00:00','2018-09-17 06:00:00'),(39,'高知県','0','2018-09-17 06:00:00','2018-09-17 06:00:00'),(40,'福岡県','0','2018-09-17 06:00:00','2018-09-17 06:00:00'),(41,'佐賀県','0','2018-09-17 06:00:00','2018-09-17 06:00:00'),(42,'長崎県','0','2018-09-17 06:00:00','2018-09-17 06:00:00'),(43,'熊本県','0','2018-09-17 06:00:00','2018-09-17 06:00:00'),(44,'大分県','0','2018-09-17 06:00:00','2018-09-17 06:00:00'),(45,'宮崎県','0','2018-09-17 06:00:00','2018-09-17 06:00:00'),(46,'鹿児島県','0','2018-09-17 06:00:00','2018-09-17 06:00:00'),(47,'沖縄県','0','2018-09-17 06:00:00','2018-09-17 06:00:00');
/*!40000 ALTER TABLE `location_kataoka` ENABLE KEYS */;
UNLOCK TABLES;

--
-- Table structure for table `location_takehara`
--

DROP TABLE IF EXISTS `location_takehara`;
/*!40101 SET @saved_cs_client     = @@character_set_client */;
/*!40101 SET character_set_client = utf8 */;
CREATE TABLE `location_takehara` (
  `location_id` int(2) NOT NULL,
  `location_name` varchar(20) NOT NULL,
  `del_flg` varchar(1) DEFAULT NULL,
  `create_date` datetime NOT NULL,
  `update_date` datetime NOT NULL,
  PRIMARY KEY (`location_id`)
) ENGINE=InnoDB DEFAULT CHARSET=utf8;
/*!40101 SET character_set_client = @saved_cs_client */;

--
-- Dumping data for table `location_takehara`
--

LOCK TABLES `location_takehara` WRITE;
/*!40000 ALTER TABLE `location_takehara` DISABLE KEYS */;
INSERT INTO `location_takehara` VALUES (0,'','0','2019-05-20 00:00:00','2019-05-20 00:00:00'),(1,'城東','0','2019-05-20 00:00:00','2019-05-20 00:00:00'),(2,'城西','0','2019-05-20 00:00:00','2019-05-20 00:00:00'),(3,'城南','0','2019-05-20 00:00:00','2019-05-20 00:00:00'),(4,'城北','0','2019-05-20 00:00:00','2019-05-20 00:00:00'),(5,'分類無し','0','2019-05-20 00:00:00','2019-05-20 00:00:00');
/*!40000 ALTER TABLE `location_takehara` ENABLE KEYS */;
UNLOCK TABLES;

--
-- Table structure for table `maker_sako`
--

DROP TABLE IF EXISTS `maker_sako`;
/*!40101 SET @saved_cs_client     = @@character_set_client */;
/*!40101 SET character_set_client = utf8 */;
CREATE TABLE `maker_sako` (
  `maker_id` int(11) DEFAULT NULL,
  `maker` varchar(256) DEFAULT NULL,
  `del_flg` int(11) DEFAULT NULL,
  `create_date` datetime DEFAULT NULL,
  `update_date` datetime DEFAULT NULL
) ENGINE=InnoDB DEFAULT CHARSET=utf8;
/*!40101 SET character_set_client = @saved_cs_client */;

--
-- Dumping data for table `maker_sako`
--

LOCK TABLES `maker_sako` WRITE;
/*!40000 ALTER TABLE `maker_sako` DISABLE KEYS */;
INSERT INTO `maker_sako` VALUES (1,'森永製菓',0,'2018-10-16 00:00:00','2018-10-16 00:00:00'),(2,'glico',0,'2018-10-16 00:00:00','2018-10-16 00:00:00'),(3,'meiji',0,'2018-10-16 00:00:00','2018-10-16 00:00:00'),(4,'AKAGI',0,'2018-10-16 00:00:00','2018-10-16 00:00:00'),(5,'LOTTE',0,'2018-10-16 00:00:00','2018-10-16 00:00:00'),(6,'丸永製菓',0,'2018-10-16 00:00:00','2018-10-16 00:00:00'),(7,'FUTABA',0,'2018-10-16 00:00:00','2018-10-16 00:00:00'),(8,'井村屋',0,'2018-10-16 00:00:00','2018-10-16 00:00:00'),(9,'ハーゲンダッツ',0,'2018-10-16 00:00:00','2018-10-16 00:00:00'),(0,'',0,'2018-10-19 00:00:00','2018-10-19 00:00:00');
/*!40000 ALTER TABLE `maker_sako` ENABLE KEYS */;
UNLOCK TABLES;

--
-- Table structure for table `mcu_main_hayashi`
--

DROP TABLE IF EXISTS `mcu_main_hayashi`;
/*!40101 SET @saved_cs_client     = @@character_set_client */;
/*!40101 SET character_set_client = utf8 */;
CREATE TABLE `mcu_main_hayashi` (
  `id` int(11) NOT NULL,
  `character_name` varchar(256) NOT NULL,
  `type_id` int(11) DEFAULT NULL,
  `sex_id` int(11) DEFAULT NULL,
  `appearance_year` int(4) NOT NULL,
  `appearance_time` int(3) DEFAULT NULL,
  `comment` varchar(256) DEFAULT NULL,
  `del_flg` varchar(1) DEFAULT NULL,
  `create_date` datetime NOT NULL,
  `update_date` datetime NOT NULL,
  PRIMARY KEY (`id`)
) ENGINE=InnoDB DEFAULT CHARSET=utf8;
/*!40101 SET character_set_client = @saved_cs_client */;

--
-- Dumping data for table `mcu_main_hayashi`
--

LOCK TABLES `mcu_main_hayashi` WRITE;
/*!40000 ALTER TABLE `mcu_main_hayashi` DISABLE KEYS */;
INSERT INTO `mcu_main_hayashi` VALUES (1,'アイアンマン',1,1,2008,9,'地球を救った偉大なIT野郎','0','2019-05-29 12:00:00','2019-05-29 12:00:00'),(2,'キャプテン・アメリカ',1,1,2011,8,'ムジョルニアを持てる正義の堅物','0','2019-05-29 12:00:00','2019-05-29 12:00:00'),(3,'スパイダーマン',1,1,2016,4,'トニーの弟子、NEXTアイアンマン','0','2019-05-29 12:00:00','2019-05-29 12:00:00'),(4,'ソー',7,1,2011,7,'最高にクールバカな神様','0','2019-05-29 12:00:00','2019-05-29 12:00:00'),(5,'ハルク',1,1,2008,6,'昔は暴れん坊','0','2019-05-29 12:00:00','2019-05-29 12:00:00'),(6,'ブラック・ウィドウ',1,2,2010,7,'ラックスの人','0','2019-05-29 12:00:00','2019-05-29 12:00:00'),(7,'ドクター・ストレンジ',1,1,2016,4,'高慢な魔法使い','0','2019-05-29 12:00:00','2019-05-29 12:00:00'),(8,'スター・ロード',8,1,2014,4,'おまぬけダンサー賞金稼ぎ','0','2019-05-29 12:00:00','2019-05-29 12:00:00'),(9,'グルート',5,3,2014,4,'可愛い木','0','2019-05-29 12:00:00','2019-05-29 12:00:00'),(10,'ロケット',4,1,0,4,'最高なアライグマ','0','2019-05-29 12:00:00','2019-05-29 12:00:00'),(11,'ガモーラ',6,2,2014,4,'気高い戦士で優しい姉','0','2019-05-29 12:00:00','2019-05-29 12:00:00'),(12,'ドラックス',6,1,2014,4,'頭が足りないお父さん','0','2019-05-29 12:00:00','2019-05-29 12:00:00'),(13,'マンティス',6,2,2017,3,'天然を超えた天然','0','2019-05-29 12:00:00','2019-05-29 12:00:00'),(14,'ネビュラ',6,2,2014,4,'素直になれない妹','0','2019-05-29 12:00:00','2019-05-29 12:00:00'),(15,'ブラックパンサー',1,1,2016,4,'ワカンダフォーエバー','0','2019-05-29 12:00:00','2019-05-29 12:00:00'),(16,'シュリ',1,2,2018,2,'ワカンダ産のIT娘','0','2019-05-29 12:00:00','2019-05-29 12:00:00'),(17,'ウィンター・ソルジャー',1,1,2014,6,'アダマンチウムの左腕','0','2019-05-29 12:00:00','2019-05-29 12:00:00'),(18,'スカーレット・ウィッチ',1,2,2015,4,'マジで美人','0','2019-05-29 12:00:00','2019-05-29 12:00:00'),(19,'ファルコン',1,1,2014,5,'羽が印象的なNEXTキャプテン','0','2019-05-29 12:00:00','2019-05-29 12:00:00'),(20,'サノス',6,1,2014,6,'曲がった正義の悪い奴','0','2019-05-29 12:00:00','2019-05-29 12:00:00'),(21,'オコエ',1,2,2018,2,'忠実なワカンダの女戦士','0','2019-05-29 12:00:00','2019-05-29 12:00:00'),(22,'ウォ―マシン',1,1,2010,6,'アイアンマン風なやつ','0','2019-05-29 12:00:00','2019-05-29 12:00:00'),(23,'ヴィジョン',2,3,2015,7,'ジャービスマン','0','2019-05-29 12:00:00','2019-05-29 12:00:00'),(24,'ロキ',7,1,2012,6,'憎めない嘘つき','0','2019-05-29 12:00:00','2019-05-29 12:00:00'),(25,'ウォン',1,1,2016,3,'可愛い中国系魔法使い','0','2019-05-29 12:00:00','2019-05-29 12:00:00'),(26,'アントマン',1,1,2015,5,'子供思いのおっちょこちょいパパ','0','2019-05-29 12:00:00','2019-05-29 12:00:00'),(27,'ワスプ',1,2,2018,2,'キャリアウーマン','0','2019-05-29 12:00:00','2019-05-29 12:00:00'),(28,'ハンク・ピム',1,1,2015,3,'ピム粒子の開発者、強情おじさん','0','2019-05-29 12:00:00','2019-05-29 12:00:00'),(29,'ジャネット',1,2,2018,2,'ハンクの嫁、元ワスプ','0','2019-05-29 12:00:00','2019-05-29 12:00:00'),(30,'ゴースト',1,2,2018,1,'体がおかしくなってしまった人','0','2019-05-29 12:00:00','2019-05-29 12:00:00'),(31,'ビル・フォスター',1,1,2018,1,'ゴーストを手伝うおじさん','0','2019-05-29 12:00:00','2019-05-29 12:00:00'),(32,'キャシー',1,2,2015,3,'アントマンの子供、かわいい','0','2019-05-29 12:00:00','2019-05-29 12:00:00'),(33,'ルイス',1,1,2015,2,'アントマンの友達、話が長い','0','2019-05-29 12:00:00','2019-05-29 12:00:00'),(34,'マギー',1,2,2015,2,'アントマンの元嫁','0','2019-05-29 12:00:00','2019-05-29 12:00:00'),(35,'キャプテン・マーベル',1,2,2019,2,'最後に出てきた最強','0','2019-05-29 12:00:00','2019-05-29 12:00:00'),(36,'グース',6,3,2019,1,'ネコよりのクラーケン','0','2019-05-29 12:00:00','2019-05-29 12:00:00'),(37,'ロナン',6,1,2014,2,'復習に燃えるクリー人','0','2019-05-29 12:00:00','2019-05-29 12:00:00'),(38,'カエシリウス',1,1,2016,1,'ヴォルデモート','0','2019-05-29 12:00:00','2019-05-29 12:00:00'),(39,'エンシェント・ワン',1,2,2016,2,'優しき魔法使いの偉大なる母','0','2019-05-29 12:00:00','2019-05-29 12:00:00'),(40,'キルモンガー',1,1,2018,1,'復習にとりつかれたワカンダ人','0','2019-05-29 12:00:00','2019-05-29 12:00:00'),(41,'ヴァルキリー',7,2,2017,3,'故郷を捨てた女戦士','0','2019-05-29 12:00:00','2019-05-29 12:00:00'),(42,'ヘイムダル',7,1,2011,3,'アスガルドの門番','0','2019-05-29 12:00:00','2019-05-29 12:00:00'),(43,'ヘラ',7,2,2017,1,'死の神、ムジョルニアを壊した','0','2019-05-29 12:00:00','2019-05-29 12:00:00'),(44,'オーディン',7,1,2011,3,'ロキ、ソーのパパ','0','2019-05-29 12:00:00','2019-05-29 12:00:00'),(45,'ホーガン',7,1,2011,2,'浅野忠信が演じたアスガルド人','0','2019-05-29 12:00:00','2019-05-29 12:00:00'),(46,'コーグ',6,1,2017,2,'劇中でfortniteしてたね','0','2019-05-29 12:00:00','2019-05-29 12:00:00');
/*!40000 ALTER TABLE `mcu_main_hayashi` ENABLE KEYS */;
UNLOCK TABLES;

--
-- Table structure for table `member_sasaki`
--

DROP TABLE IF EXISTS `member_sasaki`;
/*!40101 SET @saved_cs_client     = @@character_set_client */;
/*!40101 SET character_set_client = utf8 */;
CREATE TABLE `member_sasaki` (
  `id` int(2) NOT NULL,
  `member` varchar(2) DEFAULT NULL,
  `del_flg` varchar(1) DEFAULT NULL,
  `create_date` datetime NOT NULL,
  `update_date` datetime NOT NULL,
  PRIMARY KEY (`id`)
) ENGINE=InnoDB DEFAULT CHARSET=utf8;
/*!40101 SET character_set_client = @saved_cs_client */;

--
-- Dumping data for table `member_sasaki`
--

LOCK TABLES `member_sasaki` WRITE;
/*!40000 ALTER TABLE `member_sasaki` DISABLE KEYS */;
INSERT INTO `member_sasaki` VALUES (0,' ','0','2018-03-01 00:00:00','2018-03-01 00:00:00'),(1,'1','0','2018-03-01 00:00:00','2018-03-01 00:00:00'),(2,'2','0','2018-03-01 00:00:00','2018-03-01 00:00:00'),(3,'3','0','2018-03-01 00:00:00','2018-03-01 00:00:00'),(4,'4','0','2018-03-01 00:00:00','2018-03-01 00:00:00'),(5,'5','0','2018-03-01 00:00:00','2018-03-01 00:00:00');
/*!40000 ALTER TABLE `member_sasaki` ENABLE KEYS */;
UNLOCK TABLES;

--
-- Table structure for table `mlb_main_uezu`
--

DROP TABLE IF EXISTS `mlb_main_uezu`;
/*!40101 SET @saved_cs_client     = @@character_set_client */;
/*!40101 SET character_set_client = utf8 */;
CREATE TABLE `mlb_main_uezu` (
  `id` int(11) NOT NULL,
  `team_name` varchar(256) NOT NULL,
  `founding_year` int(4) DEFAULT NULL,
  `membership_year` int(4) DEFAULT NULL,
  `headquarters` varchar(256) NOT NULL,
  `league_id` int(11) DEFAULT NULL,
  `district_id` int(11) DEFAULT NULL,
  `del_flg` varchar(1) DEFAULT NULL,
  `create_date` datetime NOT NULL,
  `update_date` datetime NOT NULL,
  PRIMARY KEY (`id`)
) ENGINE=InnoDB DEFAULT CHARSET=utf8;
/*!40101 SET character_set_client = @saved_cs_client */;

--
-- Dumping data for table `mlb_main_uezu`
--

LOCK TABLES `mlb_main_uezu` WRITE;
/*!40000 ALTER TABLE `mlb_main_uezu` DISABLE KEYS */;
INSERT INTO `mlb_main_uezu` VALUES (1,'Baltimore Orioles (BAL)/ボルチモア・オリオールズ',1894,1901,'メリーランド州ボルチモア/オリオールパーク・アット・カムデンヤーズ',1,1,'0','2019-05-21 00:00:00','2019-05-21 00:00:00'),(2,'Boston Red Sox (BOS)/ボストン・レッドソックス',1901,1901,'マサチューセッツ州ボストン/フェンウェイ・パーク',1,1,'0','2019-05-21 00:00:00','2019-05-21 00:00:00'),(3,'New York Yankees (NYY)/ニューヨーク・ヤンキース',1901,1901,'ニューヨーク州ニューヨーク・ブロンクス/ヤンキー・スタジアム',1,1,'0','2019-05-21 00:00:00','2019-05-21 00:00:00'),(4,'Tampa Bay Rays (TB)/タンパベイ・レイズ',1998,1998,'フロリダ州セントピーターズバーグ/トロピカーナ・フィールド',1,1,'0','2019-05-21 00:00:00','2019-05-21 00:00:00'),(5,'Toronto Blue Jays (TOR)/トロント・ブルージェイズ',1977,1977,'オンタリオ州トロント/ロジャーズ・センター',1,1,'0','2019-05-21 00:00:00','2019-05-21 00:00:00'),(6,'Chicago White Sox (CWS)/シカゴ・ホワイトソックス',1894,1901,'イリノイ州シカゴ/ギャランティード・レート・フィールド',1,2,'0','2019-05-21 00:00:00','2019-05-21 00:00:00'),(7,'Cleveland Indians (CLE)/クリーブランド・インディアンズ',1894,1901,'オハイオ州クリーブランド/プログレッシブ・フィールド',1,2,'0','2019-05-21 00:00:00','2019-05-21 00:00:00'),(8,'Detroit Tigers (DET)/デトロイト・タイガース',1894,1901,'ミシガン州デトロイト/コメリカ・パーク',1,2,'0','2019-05-21 00:00:00','2019-05-21 00:00:00'),(9,'Kansas City Royals (KC)/カンザスシティ・ロイヤルズ',1969,1969,'ミズーリ州カンザスシティ/カウフマン・スタジアム',1,2,'0','2019-05-21 00:00:00','2019-05-21 00:00:00'),(10,'Minnesota Twins (MIN)/ミネソタ・ツインズ',1894,1901,'ミネソタ州ミネアポリス/ターゲット・フィールド',1,2,'0','2019-05-21 00:00:00','2019-05-21 00:00:00'),(11,'Houston Astros (HOU)/ヒューストン・アストロズ',1962,2013,'テキサス州ヒューストン/ミニッツメイド・パーク',1,3,'0','2019-05-21 00:00:00','2019-05-21 00:00:00'),(12,'Los Angeles Angels of Anaheim (LAA)/ロサンゼルス・エンゼルス・オブ・アナハイム',1961,1961,'カリフォルニア州アナハイム/エンゼル・スタジアム・オブ・アナハイム',1,3,'0','2019-05-21 00:00:00','2019-05-21 00:00:00'),(13,'Oakland Athletics (OAK)/オークランド・アスレチックス',1901,1901,'カリフォルニア州オークランド/オークランド・アラメダ・カウンティ・コロシアム',1,3,'0','2019-05-21 00:00:00','2019-05-21 00:00:00'),(14,'Seattle Mariners (SEA)/シアトル・マリナーズ',1977,1977,'ワシントン州シアトル/T-モバイル・パーク',1,3,'0','2019-05-21 00:00:00','2019-05-21 00:00:00'),(15,'Texas Rangers (TEX)/テキサス・レンジャーズ',1961,1961,'テキサス州アーリントン/グローブライフ・パーク・イン・アーリントン',1,3,'0','2019-05-21 00:00:00','2019-05-21 00:00:00'),(16,'Atlanta Braves (ATL)/アトランタ・ブレーブス',1871,1876,'ジョージア州カンバーランド/サントラスト・パーク',2,1,'0','2019-05-21 00:00:00','2019-05-21 00:00:00'),(17,'Miami Marlins (MIA)/マイアミ・マーリンズ',1993,1993,'フロリダ州マイアミ/マーリンズ・パーク',2,1,'0','2019-05-21 00:00:00','2019-05-21 00:00:00'),(18,'New York Mets (NYM)/ニューヨーク・メッツ',1962,1962,'ニューヨーク州ニューヨーク・クイーンズ/シティ・フィールド',2,1,'0','2019-05-21 00:00:00','2019-05-21 00:00:00'),(19,'Philadelphia Phillies (PHI)/フィラデルフィア・フィリーズ',1883,1883,'ペンシルベニア州フィラデルフィア/シチズンズ・バンク・パーク',2,1,'0','2019-05-21 00:00:00','2019-05-21 00:00:00'),(20,'Washington Nationals (WSH)/ワシントン・ナショナルズ',1969,1969,'ワシントンD.C./ナショナルズ・パーク',2,1,'0','2019-05-21 00:00:00','2019-05-21 00:00:00'),(21,'Chicago Cubs (CHC)/シカゴ・カブス',1870,1876,'イリノイ州シカゴ/リグレー・フィールド',2,2,'0','2019-05-21 00:00:00','2019-05-21 00:00:00'),(22,'Cincinnati Reds (CIN)/シンシナティ・レッズ',1882,1890,'オハイオ州シンシナティ/グレート・アメリカン・ボール・パーク',2,2,'0','2019-05-21 00:00:00','2019-05-21 00:00:00'),(23,'Milwaukee Brewers (MIL)/ミルウォーキー・ブルワーズ',1969,1998,'ウィスコンシン州ミルウォーキー/ミラー・パーク',2,2,'0','2019-05-21 00:00:00','2019-05-21 00:00:00'),(24,'Pittsburgh Pirates (PIT)/ピッツバーグ・パイレーツ',1882,1887,'ペンシルベニア州ピッツバーグ/PNCパーク',2,2,'0','2019-05-21 00:00:00','2019-05-21 00:00:00'),(25,'St. Louis Cardinals (STL)/セントルイス・カージナルス',1882,1892,'ミズーリ州セントルイス/ブッシュ・スタジアム',2,2,'0','2019-05-21 00:00:00','2019-05-21 00:00:00'),(26,'Arizona Diamondbacks (ARI)/アリゾナ・ダイヤモンドバックス',1998,1998,'アリゾナ州フェニックス/チェイス・フィールド',2,3,'0','2019-05-21 00:00:00','2019-05-21 00:00:00'),(27,'Colorado Rockies (COL)/コロラド・ロッキーズ',1993,1993,'コロラド州デンバー/クアーズ・フィールド',2,3,'0','2019-05-21 00:00:00','2019-05-21 00:00:00'),(28,'Los Angeles Dodgers (LAD)/ロサンゼルス・ドジャース',1883,1890,'カリフォルニア州ロサンゼルス/ドジャー・スタジアム',2,3,'0','2019-05-21 00:00:00','2019-05-21 00:00:00'),(29,'San Diego Padres (SD)/サンディエゴ・パドレス',1969,1969,'カリフォルニア州サンディエゴ/ペトコ・パーク',2,3,'0','2019-05-21 00:00:00','2019-05-21 00:00:00'),(30,'San Francisco Giants (SF)/サンフランシスコ・ジャイアンツ',1883,1883,'カリフォルニア州サンフランシスコ/オラクル・パーク',2,3,'0','2019-05-21 00:00:00','2019-05-21 00:00:00');
/*!40000 ALTER TABLE `mlb_main_uezu` ENABLE KEYS */;
UNLOCK TABLES;

--
-- Table structure for table `mobile_legends_main_sakuma`
--

DROP TABLE IF EXISTS `mobile_legends_main_sakuma`;
/*!40101 SET @saved_cs_client     = @@character_set_client */;
/*!40101 SET character_set_client = utf8 */;
CREATE TABLE `mobile_legends_main_sakuma` (
  `id` int(2) NOT NULL,
  `mobale_chara` varchar(256) NOT NULL,
  `type1_id` int(1) DEFAULT NULL,
  `type2_id` int(1) DEFAULT NULL,
  `feature1_id` int(1) DEFAULT NULL,
  `feature2_id` int(1) DEFAULT NULL,
  `comment` varchar(256) DEFAULT NULL,
  `del_flg` varchar(1) DEFAULT NULL,
  `create_date` datetime NOT NULL,
  `update_date` datetime NOT NULL
) ENGINE=InnoDB DEFAULT CHARSET=utf8;
/*!40101 SET character_set_client = @saved_cs_client */;

--
-- Dumping data for table `mobile_legends_main_sakuma`
--

LOCK TABLES `mobile_legends_main_sakuma` WRITE;
/*!40000 ALTER TABLE `mobile_legends_main_sakuma` DISABLE KEYS */;
INSERT INTO `mobile_legends_main_sakuma` VALUES (0,'アウラド',5,NULL,3,7,'序盤からソウルスナッチを稼げていれば、終盤の場面で敵チームの後衛をULTで狙い撃ちすることが可能。','0','2019-07-09 15:00:00','2019-07-09 15:00:00'),(1,'アリス',6,NULL,6,1,'序盤からミニオンを倒して得たブラッドオーブを回収して得られる永久バフが強力。','0','2019-07-09 15:00:00','2019-07-24 10:50:15'),(2,'アルカード',5,1,6,2,'スキル攻撃後に通常攻撃を行うと、付近の敵ヒーローとの間合いを一気に詰めて強化攻撃を行うといった追撃・追跡性能に優れている。\r\nそして見た目はD◯Cの某キャラクターに似ている。','0','2019-07-09 15:00:00','2019-07-09 15:00:00'),(3,'アルゴス',5,NULL,6,7,'ULTは、一定時間自身が無敵になるという効果を持っている。無敵状態で敵に攻撃を与えた分だけ、無敵状態解除後の体力が回復する。一部に調整が入ったが、未だに玄人ヒーローである。','0','2019-07-09 15:00:00','2019-07-09 15:00:00'),(4,'アルファ',5,NULL,6,2,'ベータという相棒とともに戦う。 \r\n固定ダメージをパッシブに持つ珍しいヒーローの1人で、減速、回復、吹き飛ばしなど、できることが多い器用な存在。 ','0','2019-07-09 15:00:00','2019-07-09 15:00:00'),(5,'アンジェラ',2,NULL,1,9,'ULTを使用せれば選んだ味方一人に憑依し、シールドと自身のパッシブ効果を与えられるのが強力。','0','2019-07-09 15:00:00','2019-07-09 15:00:00'),(6,'イスンシン',4,NULL,5,9,'ハンターとして遠距離も得意であるが、敵と密着状態になることで通常攻撃が高火力/減速効果付きの近距離特化型となる。ULTによる場所を問わない攻撃もあり、全てのレンジに対応できる。','0','2019-07-09 15:00:00','2019-07-09 15:00:00'),(7,'ヴェル',6,NULL,8,9,'スキルレベルが上がると、2つのスキルから状況に応じて選択する特殊なヒーローである。ULTはダメージ増加か、範囲コントロールが選択できる。','0','2019-07-09 15:00:00','2019-07-09 15:00:00'),(8,'ヴェルス',6,NULL,7,9,'全てのスキルが広範囲かつCC能力に優れ、少人数のチームファイトから集団戦において強さを誇る。','0','2019-07-09 15:00:00','2019-07-09 15:00:00'),(9,'ウラノス',3,NULL,1,9,'恐らく現段階で一番硬いタンクである。スキル調整が入り、ブリンクができることとULTに減速効果や自身への回復などが付与された。\r\n余談だが、友人が使用した時、1試合に受けたダメージが33万になっていた。','0','2019-07-09 15:00:00','2019-07-09 15:00:00'),(10,'エウドラ',6,NULL,7,5,'スキルが目標にむかって放たれるので初心者でも扱いやすいヒーロー。特にULTが高火力。','0','2019-07-09 15:00:00','2019-07-09 15:00:00'),(11,'エスタス',2,NULL,1,9,'ランキングやマッチングでは見ることが少なく、乱闘では大活躍するサポート。回復能力が高い。','0','2019-07-09 15:00:00','2019-07-09 15:00:00'),(12,'エスメラルダ',6,3,1,9,'自身に大量のシールドを展開しながら敵に大ダメージを与えることができ、さらに魔法ダメージなので対策されづらい。','0','2019-07-09 15:00:00','2019-07-09 15:00:00'),(13,'エレシル',4,NULL,5,NULL,'最大の特徴は「移動しながら攻撃が可能」というもの。敵の移動速度を80％も下げるスキルも相まって、自身だけでなく、味方全体が敵に追いつくアシストもできる。','0','2019-07-09 15:00:00','2019-07-09 15:00:00'),(14,'オーロラ',6,NULL,8,7,'オーロラの最大の特徴は5回目のスキルヒット時にCC能力を付与するパッシブ能力。敵を氷塊にして、一時的に一切の行動を封じる。','0','2019-07-09 15:00:00','2019-07-09 15:00:00'),(15,'オデット',6,NULL,7,9,'集団戦において強力なヒーロー。ULTは、自身を中心とした広範囲のドーム型フィールドを発生させ、その範囲内にいる敵に深刻なダメージを与えることができる。','0','2019-07-09 15:00:00','2019-07-09 15:00:00'),(16,'カーディアン',3,NULL,1,9,'パッシブ効果も強力で吸収効果を持たない相手ならカウンターで倒せてしまうことがある。\r\nまた、ULTも強力で近くにいるだけで味方の被ダメを軽減することができる。','0','2019-07-09 15:00:00','2019-07-09 15:00:00'),(17,'ガイ',3,NULL,4,8,'敵をスタンさせたり、壁に押し付けて攻撃を仕掛けることができる。敵を弾いて自陣タワーに強制的に連れ込んでタワーを利用した攻撃をすれば、HPが満タンの敵でもキルをとることが出来る。','0','2019-07-09 15:00:00','2019-07-09 15:00:00'),(18,'カグラ',6,NULL,2,5,'攻撃と移動両方こなせる高いスキル効果を持ち、特に自身の状態異常を解除できる【羅生傘】は強力。\r\nそして日本語版CVは花澤香菜である。','0','2019-07-09 15:00:00','2019-07-09 15:00:00'),(19,'カチャ',5,2,4,NULL,'強力な拘束効果を持つULTで敵を自陣に引きずり出すことができ、【スキルオーダーサークル】でミニオンを比較的早く処理することが可能。','0','2019-07-09 15:00:00','2019-07-09 15:00:00'),(20,'カティタ',6,NULL,7,6,'多彩な移動スキルで敵を翻弄。\r\nパッシブのHP回復とULTの無敵状態などにより耐久もある。','0','2019-07-09 15:00:00','2019-07-09 15:00:00'),(21,'ガトートカチャ',3,NULL,8,2,'パッシブによる防御力バフが強力で、ULTで敵陣に突っ込み、【金剛不破】でヘイト集め味方と共に敵を殲滅するのが得意。','0','2019-07-09 15:00:00','2019-07-09 15:00:00'),(22,'カリナ',1,6,6,5,'キルをすることでスキルの冷却時間が短縮されるためサベージ(5人連続キル)を狙いやすい。またパッシブスキルに固定ダメージを持つため、タンクも溶かすことが出来る。\r\nセリナの姉でもある。','0','2019-07-09 15:00:00','2019-07-09 15:00:00'),(23,'ガレック',3,NULL,4,8,'パッシブスキルと【ナチュラルパワー】の行動制限無効が強力で、メイジタイプには無類の強さを誇る。','0','2019-07-09 15:00:00','2019-07-09 15:00:00'),(24,'キャリー',4,NULL,5,7,'パッシブの効果でモンスターを早く倒すことと、敵に最大HPに応じた固定ダメージを与えられるので序盤からダメージを出すことができる。','0','2019-07-09 15:00:00','2019-07-09 15:00:00'),(25,'グィネヴィア',5,6,6,7,'【サイコアタック】で敵を複数吹き飛ばすことができ、その後逃げ足も速い。【サイコキネシス】の恩恵でスキル回転も早い。','0','2019-07-09 15:00:00','2019-07-09 15:00:00'),(26,'グールド',6,NULL,2,9,'パッシブの効果でULTを当て続けれれば、敵に大ダメージを与えることが可能。','0','2019-07-09 15:00:00','2019-07-09 15:00:00'),(27,'クッフラー',3,NULL,8,2,'スキルの効果で相手の移動スキルを封じれるのが極めて強力。さらに自身に防御バフをつけながら自身の最大HPに基づく魔法ダメージを出せるので火力も申し分ない。','0','2019-07-09 15:00:00','2019-07-09 15:00:00'),(28,'クラウド',4,NULL,5,7,'パッシブの効果とデモンハントのパッシブスキルの相性が良く、序盤から効率よく育つことができる。','0','2019-07-09 15:00:00','2019-07-09 15:00:00'),(29,'クリント',4,NULL,7,9,'誰よりもスキルを使用する必要のあるヒーロー。スキル使用後の通常攻撃１発の射程と威力が上がり、貫通効果も付与される。','0','2019-07-09 15:00:00','2019-07-09 15:00:00'),(30,'グレンジャー',4,NULL,5,7,'武器が6発までの弾丸を充填でき、6発目は必ずクリティカルヒットとなる。攻撃速度はないが、その分火力が出るヒーローであり、ULTは長距離射程のバズーカ。','0','2019-07-09 15:00:00','2019-07-09 15:00:00'),(31,'悟空',5,NULL,6,3,'分身を作り高火力を出すキャラクター。タワーへの攻撃速度が早く、放っておくと、バックドアされる可能性がある。','0','2019-07-09 15:00:00','2019-07-09 15:00:00'),(32,'ゴセン',1,6,6,7,'パッシブスキルによるダメージ比例回復＆高火力。【シャドーキル】やULTで柔軟に動ける。LOLのザヤに近い技を持つ。\r\nそしてイケメンである。','0','2019-07-09 15:00:00','2019-07-09 15:00:00'),(33,'サイクロプス',6,NULL,2,9,'ULTは単体を拘束することに長けたスキル。発動条件が非常に楽で、敵ヒーローがULTの広い射程内に入った瞬間にスキルを使うだけで確実に当てることができる。','0','2019-07-09 15:00:00','2019-07-09 15:00:00'),(34,'ザスク',6,NULL,3,9,'ULTに調整が入り、かなり強化された。【ナイトメア】を召喚することで、タワーなどのターゲットを取れるため、タワー折りが強い。また、','0','2019-07-09 15:00:00','2019-07-09 15:00:00'),(35,'サナ',6,NULL,9,8,'サナの特徴的なULTであるULTの継続ダメージを与えながら相手を追い回す幽霊(敵ヒーローのコピー)を作りだす能力。','0','2019-07-09 15:00:00','2019-07-09 15:00:00'),(36,'ジェイソン',3,NULL,8,2,'まさにトランスフォーマー。ULTで車に変化し、他レーンのカバーをカ敵に衝突すればスタン、その直後に継続的なダメージを与える。\r\nオデッソンは有名で、オデットのULTとの相性が良い。','0','2019-07-09 15:00:00','2019-07-09 15:00:00'),(37,'ジミー',4,6,2,9,'ハンターの強力な通常攻撃に魔法攻撃力が加味され、敵は対策しにくい。\r\nまた、移動速度も速く、長い射程で敵を牽制するのも得意。','0','2019-07-09 15:00:00','2019-07-09 15:00:00'),(38,'シュウ',5,NULL,6,8,'制限効果の高いULTを持ち、【瞬歩】によるシールド＆物理貫通と行動制限無効を駆使して一気に間合いを詰めて攻撃できる。\r\n唯一、格ゲーのような演出が入る。','0','2019-07-09 15:00:00','2019-07-09 15:00:00'),(39,'嫦娥',6,NULL,5,9,'スキル調整が大幅に入ったヒーロー。ULTが特に強くなり、4秒間に自身の移動速度＋20％。その間は前方に向けて30個の飛星を乱射する。','0','2019-07-09 15:00:00','2019-07-09 15:00:00'),(40,'子龍',5,1,6,2,'前方の敵を子龍の背後に移動させる事ができる能力を持つ。敵にとって不利な位置に持ち込み、子竜が最も得意とする近距離戦を強いる事ができる。','0','2019-07-09 15:00:00','2019-07-09 15:00:00'),(41,'セイバー',1,NULL,6,8,'ULTを使うことで敵を約2秒間行動不能にさせることができる。そのため、動きの捉えずらいヒーローが相手であっても、効果範囲に入った瞬間に使用するだけで確定で拘束する事ができ、カウンターとして活躍する。','0','2019-07-09 15:00:00','2019-07-09 15:00:00'),(42,'星夢',6,NULL,2,9,'イビルの力でULTを使った時のイビルインパクト連発による殲滅力。\r\nグローリーの力を使ったときは無敵状態となる。','0','2019-07-09 15:00:00','2019-07-09 15:00:00'),(43,'セリナ',1,6,5,7,'【アビスアロウ】による長時間スタン\r\nパッシブの追加ダメージで序盤から高火力。\r\n【アビストラップ】は罠としても索敵にも使える。','0','2019-07-09 15:00:00','2019-07-09 15:00:00'),(44,'ディアス',5,NULL,6,7,'編集していた中で一番新しいヒーロー。ULTで減速だけでなく、防御力-75%を与えられるため、超高火力になる。','0','2019-07-09 15:00:00','2019-07-09 15:00:00'),(45,'ディガー',2,NULL,8,9,'スキルが一新して、【オート爆弾アラーム】で序盤に的に大量にダメージを与えることができ、使い勝手が良くなった。他のサポートスキルも集団戦やガンクに非常に有用である。','0','2019-07-09 15:00:00','2019-07-09 15:00:00'),(46,'ティグラル',3,NULL,8,2,'敵を自分の方へ引き寄せ、スタンさせるスキルを持つ。うまく使いこなせれば集団戦におけるイニシエーターとして優秀。','0','2019-07-09 15:00:00','2019-07-09 15:00:00'),(47,'ディスラー',5,NULL,2,7,'序盤から終盤まで耐久力と安定した火力がある。ULTはエリア内にいるヒーローを処刑台に繋げ、行動が制限される。','0','2019-07-09 15:00:00','2019-07-09 15:00:00'),(48,'デームス',5,NULL,5,7,'パッシブと回転の早いスキルによってモンスターを手早く倒し早く育つことができる。','0','2019-07-09 15:00:00','2019-07-09 15:00:00'),(49,'ナタリア',1,NULL,6,7,'ブッシュ(草むら)に入ると、姿を隠すステルス状態になる。その性能を活かすことで敵ジャングルを荒らすことが出来る他、ハンターやメイジなどを一方的に倒すことが可能である。','0','2019-07-09 15:00:00','2019-07-09 15:00:00'),(50,'ナナ',6,2,9,8,'敵ヒーローを変身させるスキルを持ち、強力な範囲攻撃のULTを持つメイジ属性の強いサポートヒーロー。\r\nパッシブが強化され、致命的なダメージを受けても2秒間無敵状態となり、移動速度が70%アップする。','0','2019-07-09 15:00:00','2019-07-09 15:00:00'),(51,'ハーリー',6,NULL,7,9,'【エスケープ】を駆使して戦場を自在に動き回り、単体キルに特化したULTで敵を奇襲するのが得意。\r\nメイジではあるが、動きはアサシン。','0','2019-07-09 15:00:00','2019-07-09 15:00:00'),(52,'ハカート',1,NULL,6,7,'瞬間火力の高さと、ダメージを受けた時に敵を沈黙状態にさせるのが強力。対アサシンに対しても強い。また、ULTで敵の視界を奪うことができる。','0','2019-07-09 15:00:00','2019-07-09 15:00:00'),(53,'バターン',5,NULL,6,7,'ULTがゴムゴムのガトリングを彷彿させる。【デストロイアタック】を使用し、敵を4秒間閉じ込めた後のULTが強力。','0','2019-07-09 15:00:00','2019-07-09 15:00:00'),(54,'ハナビ',4,NULL,1,5,'パッシブスキルに物理吸収を持ち、シールドを得ることで移動速度バフと妨害効果を無効にできる。\r\nULTによる範囲攻撃で複数ヒーローにバインドを与えることができる。','0','2019-07-09 15:00:00','2019-07-09 15:00:00'),(55,'隼',1,NULL,6,7,'【四方影】を駆使して戦場を駆け巡り一対一の状況を作ることができれば、ULTで敵を一方的に倒すことが可能。','0','2019-07-09 15:00:00','2019-07-09 15:00:00'),(56,'ハリス',6,NULL,6,7,'【時空跳躍】で移動＋シールド付与でメイジとは思えない高耐久＆追撃。\r\nULTによるCD短縮でスキルをバンバン打てる。','0','2019-07-09 15:00:00','2019-07-09 15:00:00'),(57,'バルモンド',5,3,6,1,'ただのファイターではなく、タンクでもあるヒーロー。ファイターとしての火力、タンクとしての耐久力を誇る。','0','2019-07-09 15:00:00','2019-07-09 15:00:00'),(58,'半蔵',1,NULL,5,7,'【霊魄喰奪】が発動すれば、モンスターを一瞬で狩ることができ、敵陣のバフモンスターを奪うことができる。またULTで幽体離脱が出来、本体が攻撃されない限りは死なず、敵を一方的に追うことができる。','0','2019-07-09 15:00:00','2019-07-09 15:00:00'),(59,'ヒルダ',5,3,1,2,'ブッシュ（草むら）に隠れているとHP回復と5秒間HP上限10％分を吸収する強力なシールドを得る事が出来る。そのためリコールせず、留まり続けることが出来る。','0','2019-07-09 15:00:00','2019-07-09 15:00:00'),(60,'ファーサ',6,NULL,2,9,'ULTは広範囲を攻撃でき、さらにスキルで地形を無視した移動が可能となるヒーロー。','0','2019-07-09 15:00:00','2019-07-09 15:00:00'),(61,'ファニー',1,NULL,6,5,'使いこなすと環境をぶっ壊すOPヒーローである。立体機動装置を持ち、戦場を縦横無尽に動けるだけでなく、捉えることができない。','0','2019-07-09 15:00:00','2019-07-09 15:00:00'),(62,'フランコ',3,NULL,4,NULL,'【アイアンフック】で遠くのヒーロー・ミニオン・モンスターを1体だけ引き寄せる能力を持つ。また、非戦闘時は移動速度が上がるパッシブを持つ。','0','2019-07-09 15:00:00','2019-07-09 15:00:00'),(63,'ブルーノ',4,NULL,5,NULL,'スキル回りが早く、スキルを多用することで本領を発揮するヒーロー。【ボレーショット】使用後、地面に残ったボールを回収することで、冷却時間が大幅短縮されるという能力を持つ。','0','2019-07-09 15:00:00','2019-07-09 15:00:00'),(64,'フレイヤ',5,NULL,6,7,'近接特化型のヒーロー。他の近接型とは異なり、ストレートな火力では勝負せず、自身の防御を固めつつスタンを与え、有利な状況を生み出す戦闘スタイル。','0','2019-07-09 15:00:00','2019-07-09 15:00:00'),(65,'ベイン',5,NULL,3,NULL,'最近リメイクが入り、スキルが一新された。様々なレンジで戦うことができ、回復を持つため比較的安定した戦いができる。ULTは魚群を召喚し、敵にもタワーにもダメージが入る。\r\n昔の見た目は骸骨だったのにタコにされた。','0','2019-07-09 15:00:00','2019-07-09 15:00:00'),(66,'ヘラクレス',3,NULL,1,9,'スキルが魔法ダメージである点と、その火力の高さで、魔法防御力の低い敵に十分なダメージを与えることができる。またULTが味方の移動速度を上げる道を作る。','0','2019-07-09 15:00:00','2019-07-09 15:00:00'),(67,'マーティス',5,NULL,5,7,'相手の行動を制限したり、状態異常無効の移動スキルで敵を翻弄。\r\nULTによる集団連続キルができる。','0','2019-07-09 15:00:00','2019-07-09 15:00:00'),(68,'マイシータール',5,NULL,4,8,'【ホーリーハルバード】で敵を引き寄せてULTを使用することで敵を逃すことなく倒すことが強力。','0','2019-07-09 15:00:00','2019-07-09 15:00:00'),(69,'マイヤ',4,NULL,5,NULL,'通常攻撃力強化や単体攻撃に優れるスキルがあり、ステルスを使えばターゲットに取られなくなるため、特にハンター同士の殴り合いでは優位に立ちやすい。','0','2019-07-09 15:00:00','2019-07-09 15:00:00'),(70,'マファセス',2,6,4,8,'2019年の特定の日にログインすることで無料で貰えることができたヒーロー。 ULTはエリア内にいるヒーローが死んだ場合、即座に復活することができ、最大10秒動くことができる。','0','2019-07-09 15:00:00','2019-07-09 15:00:00'),(71,'ミノタウロス',3,2,8,NULL,'ダメージを受けて凶暴状態になるとステータスが強化される。\r\n凶暴状態でのスキル効果が高く、ULTで範囲打ち上げを持つ。','0','2019-07-09 15:00:00','2019-07-09 15:00:00'),(72,'メタルヘッド',5,NULL,6,7,'【ワイルドキャスト】による敵または味方を「投げる」能力が特徴。投げる事で、味方を前方へ移動させて追跡・追撃・逃げの手助け、または敵を自陣へと投げ込み孤立させるなど、位置的有利を築く。','0','2019-07-09 15:00:00','2019-07-09 15:00:00'),(73,'モスコブ',4,NULL,3,7,'通常攻撃は貫通するため、ミニオン処理が早く、常に複数の敵に攻撃することができる。また、【デススピア】は敵に吹き飛ばし効果を与える。','0','2019-07-09 15:00:00','2019-07-09 15:00:00'),(74,'ライラ',4,NULL,5,NULL,'大器晩成型のヒーローであり、スキルレベルがMAXになると、射程距離が他のハンターよりも長くなり、射程距離限界地点の敵に対しては威力が30%上がる。',NULL,'2019-07-09 15:00:00','2019-07-09 15:00:00'),(75,'ラインロック',5,NULL,3,7,'ULTの移動速度＆防御バフによる汎用性の高さ。\r\nパッシブスキルはHP30%以下の敵に通常攻撃がクリティカルヒットする。','0','2019-07-09 15:00:00','2019-07-09 15:00:00'),(76,'ラズリー',4,1,5,7,'最大の特徴である「射程距離」を活かして、敵の攻撃が当たらず自分だけが攻撃できる距離を保つことで一方的な攻撃をすることが可能である。\r\nハーリーの義理の姉でもある。','0','2019-07-09 15:00:00','2019-07-09 15:00:00'),(77,'ラファエル',2,NULL,1,NULL,'エスタスと同じく、ランキングやマッチングではほぼ見られず、乱闘で大活躍するヒーロー。味方の回復だけでなく、移動速度アップをスキルに持つ。','0','2019-07-09 15:00:00','2019-07-09 15:00:00'),(78,'ラプラプ',5,1,6,7,'ULTはスタンと十分なダメージを与えられるスキル。その攻撃範囲と距離はファイターとしては恵まれていて、近接戦から逃れようとする敵を捕らえる、もしくは仕留めることができる。特に重剣モードの際は、総合火力が段違い。','0','2019-07-09 15:00:00','2019-07-09 15:00:00'),(79,'ランスロット',1,NULL,6,7,'彼はモバレジェ公式に愛されるスキン王である。パッシブにより敵に追加ダメージを与え、スキルの瞬間火力も高い。また、ULTを使うタイミングにより、CC無効となる。','0','2019-07-09 15:00:00','2019-07-09 15:00:00'),(80,'ルビー',5,NULL,8,NULL,'パッシブによりスキル吸収が付与されているため、敵をスキルでコントロールしながら、HPを吸収して高い耐久力を持つ。','0','2019-07-09 15:00:00','2019-07-09 15:00:00'),(81,'ロイン',3,2,8,3,'世界一可愛いタンクである。ULTは前方の広範囲の敵を減速させ、直後にスタンを与えるという、優秀なCCスキルを持つ。強力な効果でありながらも、射程が長いため、比較的安全な位置から当てることが可能。\r\nまた、バリアを駆使するヒーローであり、遠距離攻撃を防いだり、味方にバリア能力を付与してサポートすることができる。','0','2019-07-09 15:00:00','2019-07-09 15:00:00'),(82,'ロジャー',5,4,5,7,'最大の特徴は、戦況に応じて、近接特化のファイター(狼)と遠距離特化のハンター(人間)にロールチェンジすることができる。','0','2019-07-09 15:00:00','2019-07-09 15:00:00'),(85,'ラカン',2,NULL,0,NULL,'League of Legendsのキャラ','0','2019-07-23 17:00:40','2019-07-23 17:00:40'),(86,'カミール001',5,3,0,NULL,'League of Legendsのキャラ','0','2019-07-23 17:02:33','2019-07-23 17:15:25'),(87,'イレリア００２',0,NULL,0,NULL,'League of Legendsのキャラ','0','2019-07-23 17:03:25','2019-07-23 17:12:34'),(88,'ザヤ',1,NULL,2,7,'League of Legendsのキャラ','0','2019-07-24 10:10:04','2019-07-24 10:10:04'),(89,'test',0,NULL,0,NULL,NULL,'1','2019-07-24 10:12:10','2019-07-24 10:12:10');
/*!40000 ALTER TABLE `mobile_legends_main_sakuma` ENABLE KEYS */;
UNLOCK TABLES;

--
-- Table structure for table `month_nakai`
--

DROP TABLE IF EXISTS `month_nakai`;
/*!40101 SET @saved_cs_client     = @@character_set_client */;
/*!40101 SET character_set_client = utf8 */;
CREATE TABLE `month_nakai` (
  `month_id` int(11) NOT NULL,
  `month` varchar(256) DEFAULT NULL,
  `del_flg` varchar(1) NOT NULL,
  `create_date` datetime NOT NULL,
  `update_date` datetime NOT NULL
) ENGINE=InnoDB DEFAULT CHARSET=utf8;
/*!40101 SET character_set_client = @saved_cs_client */;

--
-- Dumping data for table `month_nakai`
--

LOCK TABLES `month_nakai` WRITE;
/*!40000 ALTER TABLE `month_nakai` DISABLE KEYS */;
INSERT INTO `month_nakai` VALUES (0,NULL,'0','2018-10-15 00:00:00','2018-10-15 00:00:00'),(1,'1月','0','2018-10-09 00:00:00','2018-10-09 00:00:00'),(2,'2月','0','2018-10-09 00:00:00','2018-10-09 00:00:00'),(3,'3月','0','2018-10-09 00:00:00','2018-10-09 00:00:00'),(4,'4月','0','2018-10-09 00:00:00','2018-10-09 00:00:00'),(5,'5月','0','2018-10-09 00:00:00','2018-10-09 00:00:00'),(6,'6月','0','2018-10-09 00:00:00','2018-10-09 00:00:00'),(7,'7月','0','2018-10-09 00:00:00','2018-10-09 00:00:00'),(8,'8月','0','2018-10-09 00:00:00','2018-10-09 00:00:00'),(9,'9月','0','2018-10-09 00:00:00','2018-10-09 00:00:00'),(10,'10月','0','2018-10-09 00:00:00','2018-10-09 00:00:00'),(11,'11月','0','2018-10-09 00:00:00','2018-10-09 00:00:00'),(12,'12月','0','2018-10-09 00:00:00','2018-10-09 00:00:00');
/*!40000 ALTER TABLE `month_nakai` ENABLE KEYS */;
UNLOCK TABLES;

--
-- Table structure for table `movie_actor`
--

DROP TABLE IF EXISTS `movie_actor`;
/*!40101 SET @saved_cs_client     = @@character_set_client */;
/*!40101 SET character_set_client = utf8 */;
CREATE TABLE `movie_actor` (
  `id` int(11) NOT NULL,
  `name` varchar(255) NOT NULL,
  `del_flg` int(1) DEFAULT NULL,
  `create_date` varchar(14) NOT NULL,
  `update_date` varchar(14) NOT NULL,
  PRIMARY KEY (`id`)
) ENGINE=InnoDB DEFAULT CHARSET=utf8;
/*!40101 SET character_set_client = @saved_cs_client */;

--
-- Dumping data for table `movie_actor`
--

LOCK TABLES `movie_actor` WRITE;
/*!40000 ALTER TABLE `movie_actor` DISABLE KEYS */;
INSERT INTO `movie_actor` VALUES (0,'',0,'2017/11/08','2017/11/08'),(1,'トム・ハンクス',0,'2017/11/08','2017/11/08'),(2,'トビー・マグワイア',0,'2017/11/08','2017/11/08'),(3,'ジェームズ・マカヴォイ',0,'2017/11/08','2017/11/08'),(4,'ナタリー・ポートマン',0,'2017/11/08','2017/11/08'),(5,'アン・ハサウェイ',0,'2017/11/08','2017/11/08');
/*!40000 ALTER TABLE `movie_actor` ENABLE KEYS */;
UNLOCK TABLES;

--
-- Table structure for table `movie_main`
--

DROP TABLE IF EXISTS `movie_main`;
/*!40101 SET @saved_cs_client     = @@character_set_client */;
/*!40101 SET character_set_client = utf8 */;
CREATE TABLE `movie_main` (
  `id` int(11) NOT NULL,
  `movie_title` varchar(255) NOT NULL,
  `genre_id` int(11) DEFAULT NULL,
  `actor_id` int(11) DEFAULT NULL,
  `release_year` int(4) NOT NULL,
  `run_time` int(3) DEFAULT NULL,
  `comment` varchar(255) DEFAULT NULL,
  `del_flg` int(1) DEFAULT NULL,
  `create_date` datetime NOT NULL,
  `update_date` datetime NOT NULL,
  PRIMARY KEY (`id`),
  KEY `genre_id` (`genre_id`),
  KEY `actor_id` (`actor_id`),
  CONSTRAINT `movie_main_ibfk_1` FOREIGN KEY (`genre_id`) REFERENCES `genre` (`id`),
  CONSTRAINT `movie_main_ibfk_2` FOREIGN KEY (`actor_id`) REFERENCES `movie_actor` (`id`)
) ENGINE=InnoDB DEFAULT CHARSET=utf8;
/*!40101 SET character_set_client = @saved_cs_client */;

--
-- Dumping data for table `movie_main`
--

LOCK TABLES `movie_main` WRITE;
/*!40000 ALTER TABLE `movie_main` DISABLE KEYS */;
INSERT INTO `movie_main` VALUES (1,'スパイダーマン3',1,2,2007,155,'スパイダーマンの映画の中では一番好き',0,'2017-11-08 00:00:00','2017-11-08 00:00:00'),(2,'X-MEN FC',1,3,2011,132,'X-MEN誕生秘話、ばちぼこ面白い。',0,'2017-11-08 00:00:00','2019-01-22 13:58:25'),(3,'レオン',1,4,1994,110,'マチルダがかわいい',0,'2017-11-08 00:00:00','2017-11-08 00:00:00'),(4,'ダークナイトライジング',1,5,2012,165,'DCコミック頑張れ',0,'2017-11-08 00:00:00','2017-11-08 00:00:00'),(5,'ベイビードライバー',1,NULL,2017,113,'続編が制作されるそう',0,'2017-11-08 00:00:00','2017-11-08 00:00:00'),(6,'トランス',2,3,2013,101,'ダニー・ボイル監督',0,'2017-11-08 00:00:00','2017-11-08 00:00:00'),(7,'フィルス',2,3,2013,97,'スコットランドの最悪刑事',0,'2017-11-08 00:00:00','2017-11-08 00:00:00'),(8,'華麗なるギャツビー',2,2,2013,143,'豪華絢爛',0,'2017-11-08 00:00:00','2017-11-08 00:00:00'),(9,'ブリッジオブスパイ',2,1,2015,144,'アカデミー助演男優賞受賞',0,'2017-11-08 00:00:00','2017-11-08 00:00:00'),(10,'ダ・ヴィンチ・コード',2,1,2006,174,'オドレイ・トトゥ老けたなあ',0,'2017-11-08 00:00:00','2017-11-08 00:00:00'),(11,'フォレストガンプ',3,1,1994,142,'言わずと知れた名言の宝庫',0,'2017-11-08 00:00:00','2017-11-08 00:00:00'),(12,'完全なるチェックメイト',3,2,2014,116,'ボビーフィッシャー',0,'2017-11-08 00:00:00','2017-11-08 00:00:00'),(13,'あの頃僕らは',3,2,2001,90,'若かりしディカプリオ',0,'2017-11-08 00:00:00','2017-11-08 00:00:00'),(14,'レミゼラブル',3,5,2012,160,'歌部分はアテレコではありません',0,'2017-11-08 00:00:00','2017-11-08 00:00:00'),(15,'グリーンマイル',3,1,1999,189,'『ショーシャンクの空に』もいいです',0,'2017-11-08 00:00:00','2017-11-08 00:00:00'),(16,'ブラックスワン',4,4,2011,108,'下手なホラーより怖いかも',0,'2017-11-08 00:00:00','2017-11-08 00:00:00'),(17,'IT chapter1',4,NULL,2017,135,'TVムービー編もどうぞ',0,'2017-11-08 00:00:00','2017-11-08 00:00:00'),(18,'キャリー',4,NULL,1976,98,'スティーブン・キングの処女作',0,'2017-11-08 00:00:00','2017-11-08 00:00:00'),(19,'スプリット',4,3,2017,117,'シャマラン作品を見ておくと吉',0,'2017-11-08 00:00:00','2017-11-08 00:00:00'),(20,'ミスターガラス',4,3,2019,129,'スプリットの続編',0,'2017-11-08 00:00:00','2017-11-08 00:00:00'),(21,'マイ・インターン',5,5,2015,121,'『プラダを着た悪魔』もおすすめ',0,'2017-11-08 00:00:00','2017-11-08 00:00:00'),(22,'ターミナル',5,1,2004,128,'空港に住んでみたい',0,'2017-11-08 00:00:00','2017-11-08 00:00:00'),(23,'ペネロピ',5,3,2008,104,'現代のおとぎ話',0,'2017-11-08 00:00:00','2017-11-08 00:00:00'),(24,'アリスインワンダーランド',5,5,2010,113,'映像美すごい',0,'2017-11-08 00:00:00','2017-11-08 00:00:00'),(25,'キャッツ＆ドッグス',5,2,2001,87,'犬はかわいい',0,'2017-11-08 00:00:00','2017-11-08 00:00:00'),(26,'つぐない',NULL,3,2007,130,'陰鬱な時にはおすすめしません',0,'2017-11-08 00:00:00','2017-11-08 00:00:00'),(27,'プライドと偏見',NULL,NULL,2005,135,'コリン・ファースのドラマ版も良き',0,'2017-11-08 00:00:00','2017-11-08 00:00:00'),(28,'グレイテストショーマン',3,NULL,2017,105,'個人的にラ・ラ・ランド越え',0,'2017-11-08 00:00:00','2017-11-08 00:00:00'),(29,'ビッグ',5,1,1988,130,'素敵な気持になれる',0,'2017-11-08 00:00:00','2017-11-08 00:00:00'),(30,'IT chapter2',4,3,2019,NULL,'やたら豪華な俳優陣',0,'2017-11-08 00:00:00','2017-11-08 00:00:00');
/*!40000 ALTER TABLE `movie_main` ENABLE KEYS */;
UNLOCK TABLES;

--
-- Table structure for table `muscle_izawa`
--

DROP TABLE IF EXISTS `muscle_izawa`;
/*!40101 SET @saved_cs_client     = @@character_set_client */;
/*!40101 SET character_set_client = utf8 */;
CREATE TABLE `muscle_izawa` (
  `id` int(2) DEFAULT NULL,
  `photo` varchar(255) DEFAULT NULL,
  `menu` varchar(255) DEFAULT NULL,
  `body` int(2) DEFAULT NULL,
  `com` varchar(255) DEFAULT NULL,
  `del_flg` int(1) DEFAULT NULL,
  UNIQUE KEY `id` (`id`,`photo`,`menu`,`body`,`com`,`del_flg`),
  UNIQUE KEY `id_2` (`id`,`photo`,`menu`,`body`,`com`,`del_flg`)
) ENGINE=InnoDB DEFAULT CHARSET=utf8;
/*!40101 SET character_set_client = @saved_cs_client */;

--
-- Dumping data for table `muscle_izawa`
--

LOCK TABLES `muscle_izawa` WRITE;
/*!40000 ALTER TABLE `muscle_izawa` DISABLE KEYS */;
INSERT INTO `muscle_izawa` VALUES (1,'/izawaimage/Bench-press-1-2-289x300.png','バーベルベンチプレス',1,'大胸筋トレーニングの王道とも言えるのが「筋トレBIG3」の一つであるバーベルベンチプレスです。肩甲骨を寄せ、顎をやや引いて行うのがポイントです。',0),(4,'/izawaimage/Dumbbell-bench-press-2-215x300.png','ダンベルプレス',1,'自宅でのダンベルトレーニングのなかで、大胸筋を鍛えるのに最適な種目がダンベルプレスです。ベンチがない場合は、床の上で行っても効果を得ることが可能です。',0),(5,'/izawaimage/main-qimg-c200b655392c1a5c23e9ee1613bc8ce3-300x178.png','ダンベルフライ',1,'ダンベルプレスの仕上げとして効果的なのがダンベルフライです。腕を閉じたフィニッシュのポジションでやや腕を上に持ち上げる動きを加えるとさらに効果が高まります。',0),(6,'/izawaimage/Dumbbell-bent-arm-pullover-2-300x279.png','ベントアームダンベルプルオーバー',1,'大胸筋に縦方向の刺激を加えるとともに、胸郭を広げる作用もあるのがベントアームプルオーバーで、大胸筋トレーニングの仕上げにも最適な種目です。広背筋狙いのプルオーバーと違い、肘を曲げるのがポイントです。',0),(7,'/izawaimage/300px-Dips-300x273.png','ディップス',1,'自重トレーニング種目のなかでも、大胸筋下部に効果の高い種目がディップスです。特別な道具がなくても、椅子を二つ使うことで代用できます。',0),(8,'/izawaimage/17-01-15-09-14-15-858_deco-300x225.jpg','懸垂',2,'自重トレーニングで広背筋・僧帽筋を鍛えるスタンダードな種目が懸垂です。順手のノーマルグリップで行えば広背筋に、縦持ちのパラレルグリップで行えば僧帽筋に負荷がかかります。',0),(9,'/izawaimage/800px-Body-row-2-270x300.png','斜め懸垂',2,'懸垂ができない方におすすめなのが斜め懸垂です。自宅で行う場合は、テーブルの下に仰向けに入り、テーブルの縁を持って行うことで代用できます。',0),(10,'/izawaimage/Rear-deltoid-row-1-3-275x300.png','ダンベルローイング',2,'ダンベル筋トレで背筋トレーニングの基本となるのがダンベルローイングです。標準的なやり方だと僧帽筋を中心に効きますが、頭を低くし前方から引く軌道で行うと広背筋に負荷が強くかかります。',0),(11,'/izawaimage/Straight-arm-pullover-2-300x260.png','ストレートアームダンベルプルオーバー',2,'ダンベルプルオーバーは意識の仕方で大胸筋にも広背筋にも効果のあるダンベル筋トレです。肘を伸ばすとともに肘を内側に閉じ気味で動作を行うと広背筋に負荷が集まります。',0),(12,'/izawaimage/Barbell-rear-delt-row-1-288x300.png','デッドリフト',2,'ジムで行うバーベル筋トレで背筋に高負荷を加えられるのが「筋トレBIG3」の一つであるデッドリフトです。腰椎保護のため背中を丸めないように最大の注意を払ってください。なお、デッドリフトにかぎらず、背筋トレーニングで握力が先になくなってしまう人はリストストラップがとても有効です',0),(13,'/izawaimage/Reverse-grip-bent-over-rows-2-284x300.png','バーベルベントオーバーロー',2,'バーベルベントオーバーローは、デッドリフトとと並び代表的な背筋のバーベルトレーニングです。膝がつま先より前に出ないように注意し、胸を張り、背中をやや反らせて行ってください。',0),(14,'/izawaimage/17-01-16-18-08-14-691_deco-300x233.jpg','ワイドグリップ腕立て伏せ',3,'通常の腕立て伏せより手幅を広く構えるワイドグリップでの腕立て伏せは三角筋に強い負荷がかかります。プッシュアップバーの使用がおすすめです。',0),(15,'/izawaimage/17-02-01-16-34-56-568_deco-300x225.jpg','ダンベルショルダープレス',3,'ダンベルでの三角筋トレーニングのベースとなる種目がダンベルショルダープレスです。三角筋全体に効果がありますが、特に前部と側部に効果的です。なお、肩関節保護のために、肘が体幹より後ろにならないように動作するのがポイントです。',0),(16,'/izawaimage/5ad150fc550d8093e0e3d6e42acc4716-300x288.jpg','ダンベルアップライトロー',3,'三角筋は体幹の筋肉と連動しやすいので、上手く鍛えるのが難しい部位ですが、ダンベルアップライトローなら初心者でも比較的簡単に効かせることが可能です',0),(17,'/izawaimage/dubbellfrontraise-235x300.jpg','ダンベルフロントレイズ',3,'三角筋前部を集中的に鍛えることのできるのがダンベルフロントレイズです。反動を使うと僧帽筋に刺激が逃げてしまうので注意してください。慣れるまでは左右交互に挙上するオルタネイト動作で行うことをおすすめします',0),(18,'/izawaimage/Dumbbell-lateral-raises-1-3-272x300.png','ダンベルサイドレイズ',3,'三角筋中部を集中的に鍛えることのできるダンベル種目がダンベルサイドレイズです。反動を使わないことがポイントで、もし、膝の屈伸を使わないと挙上できないのであれば、その重量設定は重すぎます。',0),(19,'/izawaimage/Seated-military-shoulder-press-1-236x300.png','バーベルショルダープレス',3,'バーベルトレーニングで三角筋を鍛えるのスタンダードな種目がバーベルショルダープレスです。反動を使わずに、上げる時も下げる時もゆっくりと動作をするのが最大のポイントになります。',0),(20,'/izawaimage/Chin-ups-1-crop-300x235.png','リバース懸垂',4,'手を逆手にするリバースグリップで行う懸垂は、自宅で上腕二頭筋を鍛えるのに最適な自重トレーニングです。手幅を拳一つ分ほどに狭めるとより効果的です。',0),(21,'/izawaimage/Alternating_bicep_curl_with_dumbbell_2.svg-crop-247x300.png','ダンベルカール',4,'自宅でのダンベルトレーニングで上腕二頭筋に効果的なのがダンベルカールです。挙上するときに小指が上になるように旋回させると長頭(力こぶの高さ)に、逆方向に旋回させると短頭(力こぶの太さ)に効果があります。なお、アームブラスターと呼ばれるギアを併用すると、完全に反動をなくした状態で上腕二頭筋に負荷を爆発的に集中することができます。',0),(22,'/izawaimage/Bicep_hammer_curl_with_dumbbell_2.svg-crop-278x300.png','ダンベルハンマーカール',4,'10ダンベルを縦にグリップして行うダンベルハンマーカールは、上腕二頭筋のなかでも長頭(外側)に効果的なやり方です。',0),(23,'/izawaimage/Wide_grip_standing_biceps_curl_with_barbell_2.svg-300x277.png','バーベルカール',4,'上腕二頭筋を鍛えるスタンダードな種目がバーベルカールです。ただし、通常のバーベルでは上手くならないと手首を痛めがちなので、できれば曲線のついたWバーやEZバーを使うようにするとよいでしょう。',0),(24,'/izawaimage/Drag-curl-2-241x300.jpg','バーベルリバースカール',4,'バーベルリバースカールは上腕二頭筋の長頭と上腕筋、さらには前腕筋群にも効果的なバーベルトレーニングです。握力に自身のない方はリストストラップを併用することをおすすめします。',0),(25,'/izawaimage/Close_triceps_pushup_1.svg-300x153.png','ダイヤモンド腕立て伏せ',5,'自宅で自重トレーニングで上腕三頭筋短頭を鍛えるのにおすすめなのが、両手でダイヤモンド型を作って行うナローグリップでの腕立て伏せです。肘をできる限り開かずに動作することで、上腕三頭筋への負荷が高まります。',0),(26,'/izawaimage/Standing-triceps-extension-2-1-horz-1-300x198.jpg','ダンベルフレンチプレス',5,'自宅でのダンベルトレーニングのなかでも上腕三頭筋を集中的に鍛えられるのが、ダンベルフレンチプレス(別名ダンベルトライセプスエクステンション)です。肘をしっかりと固定し、上腕三頭筋だけで動作をするようにするのがポイントとなります。',0),(27,'/izawaimage/Dumbbell-incline-bench-press-1-crop-crop2-300x230.png','ダンベルトライセプスプレス',5,'ダンベルプレスとは逆方向にダンベルをグリップするダンベルトライセプスプレスは上腕三頭筋に負荷を集中させることが可能です。',0),(28,'/izawaimage/Rear-deltoid-row-1-crop-1-300x238.png','ダンベルキックバック',5,'上腕三頭筋のなかでも長頭に効果的なのがダンベルキックバックです。腕を完全に伸ばせる重量設定で行うのが最大のポイントです。',0),(29,'/izawaimage/Close_grip_barbell_bench_press-2-300x209.png','ナローグリップベンチプレス',5,'ジムで上腕三頭筋を鍛える定番トレーニング種目がナローグリップベンチプレスです。通常のベンチプレスと違い、肩甲骨を寄せずに行うことで上腕三頭筋に刺激が集中します。',0),(30,'/izawaimage/cable-wrist-curl-231x300.png','リストカール',6,'前腕筋の基本的な筋トレメニューがリストカールです。リストカールで前腕屈筋群を鍛えたら、バランスよくリバースリストカールで前腕伸筋群も鍛えるようにしましょう。また、縦方向の筋力を養うのにはリストハンマーで鍛える必要があります。',0),(31,'/izawaimage/Leg-raises-1-300x254.png','レッグレイズ',6,'腹直筋下部に効果の高い腹筋運動がレッグレイズです。息を吐きながら脚を持ち上げていきましょう。また、負荷を逃がさないためと腰椎への負担をかけないために、セット中は足を床につけないように注意してください。',0),(32,'/izawaimage/Front-squat-to-bench-2-858x1024-crop-300x300.png','自重スクワット',6,'自宅で行う自重トレーニングとして最適な種目が自重スクワットです。胸を張り、背中を反らせたニーベントスタイルが動作の基本です。また、膝関節を痛めないために、膝がつま先より前にでないように気をつけてください。',0),(33,'/izawaimage/Barbell_squat_2.svg-1-250x300.png','バーベルスクワット',6,'バーベルトレーニングのなかで、もっとも基本的なトレーニング種目が「筋トレBIG3」の一つであるバーベルスクワットです。自重スクワット同様にニーベントスタイルを作り、やや斜め後方に腰を下ろしてください。',0),(37,NULL,'バーベルベンチプレス＠やんべこうた食いしん坊',6,'111',1),(38,'	\r\n/izawaimage/10yen.jpg','乞食じゃないよ藤木だよ',6,'10円をいただくために登録するが1日でサービス停止',0),(39,NULL,'腹直筋トレーニング',6,'お腹の筋肉を鍛えます',1);
/*!40000 ALTER TABLE `muscle_izawa` ENABLE KEYS */;
UNLOCK TABLES;

--
-- Table structure for table `music`
--

DROP TABLE IF EXISTS `music`;
/*!40101 SET @saved_cs_client     = @@character_set_client */;
/*!40101 SET character_set_client = utf8 */;
CREATE TABLE `music` (
  `id` int(11) unsigned NOT NULL AUTO_INCREMENT,
  `title` varchar(255) CHARACTER SET utf8 NOT NULL DEFAULT '',
  `author` varchar(255) CHARACTER SET utf8 DEFAULT 'unknown',
  `rating` int(11) DEFAULT 0,
  `comment` varchar(255) DEFAULT NULL,
  `category_id` int(11) unsigned DEFAULT 0,
  `video_url` varchar(255) DEFAULT NULL,
  `create_date` datetime DEFAULT NULL,
  `update_date` datetime DEFAULT NULL,
  `version` int(11) DEFAULT 0,
  PRIMARY KEY (`id`),
  KEY `fk_music_type` (`category_id`),
  CONSTRAINT `fk_music_type` FOREIGN KEY (`category_id`) REFERENCES `music_category` (`id`) ON DELETE SET NULL ON UPDATE CASCADE
) ENGINE=InnoDB AUTO_INCREMENT=15 DEFAULT CHARSET=utf8mb4;
/*!40101 SET character_set_client = @saved_cs_client */;

--
-- Dumping data for table `music`
--

LOCK TABLES `music` WRITE;
/*!40000 ALTER TABLE `music` DISABLE KEYS */;
INSERT INTO `music` VALUES (4,'心太软','任贤齐',5,'年代比较久远的一首歌，当年很流行，现在依然有很多人喜欢。',3,'https://www.youtube.com/embed/ZSWeurc1yMw','2018-03-19 15:12:14','2018-03-19 15:12:14',5),(9,'漂洋过海来看你','娃娃',5,'',3,'https://www.youtube.com/embed/hNQohQBFnwI','2018-03-19 16:05:12','2018-03-19 16:05:12',2),(10,'雪の華','中島美嘉',5,'',6,'https://www.youtube.com/embed/mF5Qq2YheTg','2018-03-19 17:18:19','2019-03-28 15:26:31',2),(11,'MY ALL','濱崎步',5,'',5,'https://www.youtube.com/embed/PKptgq8jTYw','2018-03-19 17:27:07','2018-03-19 17:27:07',1),(12,'Time after time ～花舞う街で～','仓木麻衣',5,'',4,'https://www.youtube.com/embed/Ep_W5rYXyi0','2018-03-19 17:28:57','2018-03-19 17:28:57',1),(13,'夢的點滴','松隆子',5,'',6,'https://www.youtube.com/embed/Vn6xGeMY9w8','2018-03-19 17:31:46','2018-03-19 17:31:46',1),(14,'big big world','Emilia',5,'',5,'https://www.youtube.com/embed/wpkS2DU_qMs','2018-03-19 17:33:04','2018-03-19 17:33:04',0);
/*!40000 ALTER TABLE `music` ENABLE KEYS */;
UNLOCK TABLES;

--
-- Table structure for table `music_category`
--

DROP TABLE IF EXISTS `music_category`;
/*!40101 SET @saved_cs_client     = @@character_set_client */;
/*!40101 SET character_set_client = utf8 */;
CREATE TABLE `music_category` (
  `id` int(11) unsigned NOT NULL AUTO_INCREMENT,
  `category` varchar(255) NOT NULL DEFAULT '',
  `create_date` datetime DEFAULT NULL,
  `update_date` datetime DEFAULT NULL,
  `is_delete` tinyint(1) NOT NULL DEFAULT 0,
  `delete_date` datetime DEFAULT NULL,
  `version` int(11) DEFAULT 0,
  PRIMARY KEY (`id`)
) ENGINE=InnoDB AUTO_INCREMENT=7 DEFAULT CHARSET=utf8mb4;
/*!40101 SET character_set_client = @saved_cs_client */;

--
-- Dumping data for table `music_category`
--

LOCK TABLES `music_category` WRITE;
/*!40000 ALTER TABLE `music_category` DISABLE KEYS */;
INSERT INTO `music_category` VALUES (0,'',NULL,NULL,0,NULL,0),(1,'DJ',NULL,NULL,0,NULL,0),(2,'Light',NULL,NULL,0,NULL,0),(3,'China',NULL,NULL,0,NULL,0),(4,'ACG',NULL,NULL,0,NULL,0),(5,'Pop',NULL,NULL,0,NULL,0),(6,'Classical',NULL,NULL,0,NULL,0);
/*!40000 ALTER TABLE `music_category` ENABLE KEYS */;
UNLOCK TABLES;

--
-- Table structure for table `national_shiono`
--

DROP TABLE IF EXISTS `national_shiono`;
/*!40101 SET @saved_cs_client     = @@character_set_client */;
/*!40101 SET character_set_client = utf8 */;
CREATE TABLE `national_shiono` (
  `id` int(11) DEFAULT NULL,
  `national` varchar(30) DEFAULT NULL,
  `del_flg` varchar(1) DEFAULT NULL,
  `create_date` datetime DEFAULT NULL,
  `update_date` datetime DEFAULT NULL
) ENGINE=InnoDB DEFAULT CHARSET=utf8;
/*!40101 SET character_set_client = @saved_cs_client */;

--
-- Dumping data for table `national_shiono`
--

LOCK TABLES `national_shiono` WRITE;
/*!40000 ALTER TABLE `national_shiono` DISABLE KEYS */;
INSERT INTO `national_shiono` VALUES (1,'アルゼンチン','0','2019-05-17 15:05:00','2019-05-17 15:05:00'),(2,'イタリア','0','2019-05-17 15:05:00','2019-05-17 15:05:00'),(3,'イングランド','0','2019-05-17 15:05:00','2019-05-17 15:05:00'),(4,'エジプト','0','2019-05-17 15:05:00','2019-05-17 15:05:00'),(5,'クロアチア','0','2019-05-17 15:05:00','2019-05-17 15:05:00'),(6,'スペイン','0','2019-05-17 15:05:00','2019-05-17 15:05:00'),(7,'ドイツ','0','2019-05-17 15:05:00','2019-05-17 15:05:00'),(8,'フランス','0','2019-05-17 15:05:00','2019-05-17 15:05:00'),(9,'ベルギー','0','2019-05-17 15:05:00','2019-05-17 15:05:00'),(10,'ポルトガル','0','2019-05-17 15:05:00','2019-05-17 15:05:00'),(11,'韓国','0','2019-05-17 15:05:00','2019-05-17 15:05:00'),(12,'日本','0','2019-05-17 15:05:00','2019-05-17 15:05:00'),(13,'ウルグアイ','0','2019-05-17 15:05:00','2019-05-17 15:05:00'),(14,'ブラジル','0','2019-05-17 15:05:00','2019-05-17 15:05:00'),(15,'セネガル','0','2019-05-17 15:05:00','2019-05-17 15:05:00'),(0,'','0','2019-05-17 15:05:00','2019-05-17 15:05:00');
/*!40000 ALTER TABLE `national_shiono` ENABLE KEYS */;
UNLOCK TABLES;

--
-- Table structure for table `player_main_shiono`
--

DROP TABLE IF EXISTS `player_main_shiono`;
/*!40101 SET @saved_cs_client     = @@character_set_client */;
/*!40101 SET character_set_client = utf8 */;
CREATE TABLE `player_main_shiono` (
  `id` int(11) DEFAULT NULL,
  `player_name` varchar(30) DEFAULT NULL,
  `national_id` int(11) DEFAULT NULL,
  `team_id` int(11) DEFAULT NULL,
  `birth_day` varchar(10) DEFAULT NULL,
  `position_name` varchar(5) DEFAULT NULL,
  `del_flg` varchar(1) DEFAULT NULL,
  `create_date` datetime DEFAULT NULL,
  `update_date` datetime DEFAULT NULL
) ENGINE=InnoDB DEFAULT CHARSET=utf8;
/*!40101 SET character_set_client = @saved_cs_client */;

--
-- Dumping data for table `player_main_shiono`
--

LOCK TABLES `player_main_shiono` WRITE;
/*!40000 ALTER TABLE `player_main_shiono` DISABLE KEYS */;
INSERT INTO `player_main_shiono` VALUES (1,'セルヒオ・アグエロ',1,1,'1988.06.02','FW','0','2019-05-17 15:05:00','2019-05-17 15:05:00'),(2,'リオネル・メッシ',1,2,'1987.06.24','FW','0','2019-05-17 15:05:00','2019-05-17 15:05:00'),(3,'アンヘル・ディ・マリア',1,3,'1988.02.14','MF','0','2019-05-17 15:05:00','2019-05-17 15:05:00'),(4,'パウロ・ディバラ',1,4,'1993.11.15','FW','0','2019-05-17 15:05:00','2019-05-17 15:05:00'),(5,'ジャンルイジ・ブッフォン',2,3,'1978.01.28','GK','0','2019-05-17 15:05:00','2019-05-17 15:05:00'),(6,'ラヒーム・スターリング',3,1,'1994.12.08','FW','0','2019-05-17 15:05:00','2019-05-17 15:05:00'),(7,'ハリー・ケイン',3,5,'1993.07.28','FW','0','2019-05-17 15:05:00','2019-05-17 15:05:00'),(8,'モハメド・サラー',4,6,'1992.06.15','FW','0','2019-05-17 15:05:00','2019-05-17 15:05:00'),(9,'ルカ・モドリッチ',5,7,'1985.09.09','MF','0','2019-05-17 15:05:00','2019-05-17 15:05:00'),(10,'ダビド・デ・ヘア',6,8,'1990.11.07','GK','0','2019-05-17 15:05:00','2019-05-17 15:05:00'),(11,'セルヒオ・ラモス',6,7,'1986.03.30','DF','0','2019-05-17 15:05:00','2019-05-17 15:05:00'),(12,'ジェラール・ピケ',6,2,'1987.02.02','DF','0','2019-05-17 15:05:00','2019-05-17 15:05:00'),(13,'イスコ',6,7,'1992.04.21','MF','0','2019-05-17 15:05:00','2019-05-17 15:05:00'),(14,'ダビド・シルバ',6,1,'1986.01.08','MF','0','2019-05-17 15:05:00','2019-05-17 15:05:00'),(15,'フェルナンド・トーレス',6,9,'1984.03.20','FW','0','2019-05-17 15:05:00','2019-05-17 15:05:00'),(16,'マヌエル・ノイアー',7,10,'1986.03.27','GK','0','2019-05-17 15:05:00','2019-05-17 15:05:00'),(17,'テア・シュテーゲン',7,2,'1992.04.30','GK','0','2019-05-17 15:05:00','2019-05-17 15:05:00'),(18,'マッツ・フンメルス',7,10,'1988.12.16','DF','0','2019-05-17 15:05:00','2019-05-17 15:05:00'),(19,'トニ・クロース',7,7,'1990.01.04','MF','0','2019-05-17 15:05:00','2019-05-17 15:05:00'),(20,'リロイ・サネ',7,1,'1996.01.11','FW','0','2019-05-17 15:05:00','2019-05-17 15:05:00'),(21,'メスト・エジル',7,11,'1988.10.15','MF','0','2019-05-17 15:05:00','2019-05-17 15:05:00'),(22,'マルコ・ロイス',7,12,'1989.05.31','FW','0','2019-05-17 15:05:00','2019-05-17 15:05:00'),(23,'ラファエル・ヴァラン',8,7,'1993.04.25','DF','0','2019-05-17 15:05:00','2019-05-17 15:05:00'),(24,'ポール・ポグバ',8,8,'1993.03.19','MF','0','2019-05-17 15:05:00','2019-05-17 15:05:00'),(25,'フランク・リベリ',8,10,'1983.04.07','FW','0','2019-05-17 15:05:00','2019-05-17 15:05:00'),(26,'カリム・ベンゼマ',8,7,'1987.12.19','FW','0','2019-05-17 15:05:00','2019-05-17 15:05:00'),(27,'キリアン・ムバッペ',8,3,'1998.12.20','FW','0','2019-05-17 15:05:00','2019-05-17 15:05:00'),(28,'アントワーヌ・グリエーズマン',8,13,'1991.03.21','FW','0','2019-05-17 15:05:00','2019-05-17 15:05:00'),(29,'ティボー・クルトワ',9,7,'1992.05.11','GK','0','2019-05-17 15:05:00','2019-05-17 15:05:00'),(30,'ビンセント・コンパニ',9,1,'1986.04.10','DF','0','2019-05-17 15:05:00','2019-05-17 15:05:00'),(31,'ヤン・フェルトンゲン',9,5,'1987.04.24','DF','0','2019-05-17 15:05:00','2019-05-17 15:05:00'),(32,'ケビン・デ・ブルイネ',9,1,'1991.06.28','MF','0','2019-05-17 15:05:00','2019-05-17 15:05:00'),(33,'エデン・アザール',9,14,'1991.01.07','FW','0','2019-05-17 15:05:00','2019-05-17 15:05:00'),(34,'ロメル・ルカク',9,8,'1993.05.13','FW','0','2019-05-17 15:05:00','2019-05-17 15:05:00'),(35,'ドリース・メルテンス',9,15,'1987.05.06','FW','0','2019-05-17 15:05:00','2019-05-17 15:05:00'),(36,'ベルナルド・シウバ',10,1,'1994.08.10','MF','0','2019-05-17 15:05:00','2019-05-17 15:05:00'),(37,'クリスティアーノ・ロナウド',10,4,'1985.02.05','FW','0','2019-05-17 15:05:00','2019-05-17 15:05:00'),(38,'ソン・フンミン',11,5,'1992.07.08','FW','0','2019-05-17 15:05:00','2019-05-17 15:05:00'),(39,'長友佑都',12,16,'1986.09.12','DF','0','2019-05-17 15:05:00','2019-05-17 15:05:00'),(40,'長谷部誠',12,17,'1984.01.18','MF','0','2019-05-17 15:05:00','2019-05-17 15:05:00'),(41,'香川真司',12,18,'1989.03.17','MF','0','2019-05-17 15:05:00','2019-05-17 15:05:00'),(42,'本田圭佑',12,19,'1986.06.13','MF','0','2019-05-17 15:05:00','2019-05-17 15:05:00'),(43,'大迫勇也',12,20,'1990.05.18','FW','0','2019-05-17 15:05:00','2019-05-17 15:05:00'),(44,'ルイス・スアレス',13,2,'1987.01.24','FW','0','2019-05-17 15:05:00','2019-05-17 15:05:00'),(45,'エジソン・カバーニ',13,3,'1987.02.14','FW','0','2019-05-17 15:05:00','2019-05-17 15:05:00'),(46,'マルセロ',14,7,'1988.05.12','DF','0','2019-05-17 15:05:00','2019-05-17 15:05:00'),(47,'ウィリアン',14,14,'1988.08.09','MF','0','2019-05-17 15:05:00','2019-05-17 15:05:00'),(48,'コウチーニョ',14,2,'1992.06.12','FW','0','2019-05-17 15:05:00','2019-05-17 15:05:00'),(49,'ネイマール',14,3,'1992.02.05','FW','0','2019-05-17 15:05:00','2019-05-17 15:05:00'),(50,'サディオ・マネ',15,6,'1992.04.10','FW','0','2019-05-17 15:05:00','2019-05-17 15:05:00'),(53,'レナト・サンチェス',0,0,'','','1','2019-06-18 11:28:40','2019-06-18 11:28:40'),(54,'レナト・サンチェス',0,0,'','','1','2019-06-18 11:41:36','2019-06-18 11:41:36');
/*!40000 ALTER TABLE `player_main_shiono` ENABLE KEYS */;
UNLOCK TABLES;

--
-- Table structure for table `pokemon_main_jsuzuki`
--

DROP TABLE IF EXISTS `pokemon_main_jsuzuki`;
/*!40101 SET @saved_cs_client     = @@character_set_client */;
/*!40101 SET character_set_client = utf8 */;
CREATE TABLE `pokemon_main_jsuzuki` (
  `id` int(11) NOT NULL,
  `pokemon_name` varchar(256) NOT NULL,
  `area_id` int(11) DEFAULT NULL,
  `type1_id` int(11) DEFAULT NULL,
  `type2_id` int(11) DEFAULT NULL,
  `hp` int(11) DEFAULT NULL,
  `attack` int(11) DEFAULT NULL,
  `defense` int(11) DEFAULT NULL,
  `special_attack` int(11) DEFAULT NULL,
  `special_defense` int(11) DEFAULT NULL,
  `speed` int(11) DEFAULT NULL,
  `parameter` int(11) DEFAULT NULL,
  `del_flg` varchar(1) DEFAULT NULL,
  `create_date` datetime NOT NULL,
  `update_date` datetime NOT NULL
) ENGINE=InnoDB DEFAULT CHARSET=utf8;
/*!40101 SET character_set_client = @saved_cs_client */;

--
-- Dumping data for table `pokemon_main_jsuzuki`
--

LOCK TABLES `pokemon_main_jsuzuki` WRITE;
/*!40000 ALTER TABLE `pokemon_main_jsuzuki` DISABLE KEYS */;
INSERT INTO `pokemon_main_jsuzuki` VALUES (1,'フシギダネ',1,4,9,45,49,49,65,65,45,318,'0','2019-07-10 00:00:00','2019-07-10 00:00:00'),(2,'フシギソウ',1,4,9,60,62,63,80,80,60,405,'0','2019-07-10 00:00:00','2019-07-10 00:00:00'),(3,'フシギバナ',1,4,9,80,82,83,100,100,80,525,'0','2019-07-10 00:00:00','2019-07-10 00:00:00'),(4,'ヒトカゲ',1,2,NULL,39,52,43,60,50,65,309,'0','2019-07-10 00:00:00','2019-07-10 00:00:00'),(5,'リザード',1,2,NULL,58,64,58,80,65,80,405,'0','2019-07-10 00:00:00','2019-07-10 00:00:00'),(6,'リザードン',1,2,12,78,84,78,109,85,100,534,'0','2019-07-10 00:00:00','2019-07-10 00:00:00'),(7,'ゼニガメ',1,3,NULL,44,48,65,50,64,43,314,'0','2019-07-10 00:00:00','2019-07-10 00:00:00'),(8,'カメール',1,3,NULL,59,63,80,65,80,58,405,'0','2019-07-10 00:00:00','2019-07-10 00:00:00'),(9,'カメックス',1,3,NULL,79,83,100,85,105,78,530,'0','2019-07-10 00:00:00','2019-07-10 00:00:00'),(10,'キャタピー',1,13,NULL,45,30,35,20,20,45,195,'0','2019-07-10 00:00:00','2019-07-10 00:00:00'),(11,'トランセル',1,13,NULL,50,20,55,25,25,30,205,'0','2019-07-10 00:00:00','2019-07-10 00:00:00'),(12,'バタフリー',1,13,12,60,45,50,90,80,70,395,'0','2019-07-10 00:00:00','2019-07-10 00:00:00'),(13,'ビードル',1,13,9,40,35,30,20,20,50,195,'0','2019-07-10 00:00:00','2019-07-10 00:00:00'),(14,'コクーン',1,13,9,45,25,50,25,25,35,205,'0','2019-07-10 00:00:00','2019-07-10 00:00:00'),(15,'スピアー',1,13,9,65,90,40,45,80,75,395,'0','2019-07-10 00:00:00','2019-07-10 00:00:00'),(16,'ポッポ',1,1,12,40,45,40,35,35,56,251,'0','2019-07-10 00:00:00','2019-07-10 00:00:00'),(17,'ピジョン',1,1,12,63,60,55,50,50,71,349,'0','2019-07-10 00:00:00','2019-07-10 00:00:00'),(18,'ピジョット',1,1,12,83,80,75,70,70,101,479,'0','2019-07-10 00:00:00','2019-07-10 00:00:00'),(19,'コラッタ',1,1,NULL,30,56,35,25,35,72,253,'0','2019-07-10 00:00:00','2019-07-10 00:00:00'),(20,'ラッタ',1,1,NULL,55,81,60,50,70,97,413,'0','2019-07-10 00:00:00','2019-07-10 00:00:00'),(21,'オニスズメ',1,1,12,40,60,30,31,31,70,262,'0','2019-07-10 00:00:00','2019-07-10 00:00:00'),(22,'オニドリル',1,1,12,65,90,65,61,61,100,442,'0','2019-07-10 00:00:00','2019-07-10 00:00:00'),(23,'アーボ',1,9,NULL,35,60,44,40,54,55,288,'0','2019-07-10 00:00:00','2019-07-10 00:00:00'),(24,'アーボック',1,9,NULL,60,95,69,65,79,80,448,'0','2019-07-10 00:00:00','2019-07-10 00:00:00'),(25,'ピカチュウ',1,5,NULL,35,55,40,50,50,90,320,'0','2019-07-10 00:00:00','2019-07-10 00:00:00'),(26,'ライチュウ',1,5,NULL,60,90,55,90,80,110,485,'0','2019-07-10 00:00:00','2019-07-10 00:00:00'),(27,'サンド',1,7,NULL,50,75,85,20,30,40,300,'0','2019-07-10 00:00:00','2019-07-10 00:00:00'),(28,'サンドパン',1,7,NULL,75,100,110,45,55,65,450,'0','2019-07-10 00:00:00','2019-07-10 00:00:00'),(29,'ニドラン♀',1,9,NULL,55,47,52,40,40,41,275,'0','2019-07-10 00:00:00','2019-07-10 00:00:00'),(30,'ニドリーナ',1,9,NULL,70,62,67,55,55,56,365,'0','2019-07-10 00:00:00','2019-07-10 00:00:00'),(31,'ニドクイン',1,9,7,90,92,87,75,85,76,505,'0','2019-07-10 00:00:00','2019-07-10 00:00:00'),(32,'ニドラン♂',1,9,NULL,46,57,40,40,40,50,273,'0','2019-07-10 00:00:00','2019-07-10 00:00:00'),(33,'ニドリーノ',1,9,NULL,61,72,57,55,55,65,365,'0','2019-07-10 00:00:00','2019-07-10 00:00:00'),(34,'ニドキング',1,9,7,81,102,77,85,75,85,505,'0','2019-07-10 00:00:00','2019-07-10 00:00:00'),(35,'ピッピ',1,18,NULL,70,45,48,60,65,35,323,'0','2019-07-10 00:00:00','2019-07-10 00:00:00'),(36,'ピクシー',1,18,NULL,95,70,73,95,90,60,483,'0','2019-07-10 00:00:00','2019-07-10 00:00:00'),(37,'ロコン',1,2,NULL,38,41,40,50,65,65,299,'0','2019-07-10 00:00:00','2019-07-10 00:00:00'),(38,'キュウコン',1,2,NULL,73,76,75,81,100,100,505,'0','2019-07-10 00:00:00','2019-07-10 00:00:00'),(39,'プリン',1,1,18,115,45,20,45,25,20,270,'0','2019-07-10 00:00:00','2019-07-10 00:00:00'),(40,'プクリン',1,1,18,140,70,45,85,50,45,435,'0','2019-07-10 00:00:00','2019-07-10 00:00:00'),(41,'ズバット',1,9,12,40,45,35,30,40,55,245,'0','2019-07-10 00:00:00','2019-07-10 00:00:00'),(42,'ゴルバット',1,9,12,75,80,70,65,75,90,455,'0','2019-07-10 00:00:00','2019-07-10 00:00:00'),(43,'ナゾノクサ',1,4,9,45,50,55,75,65,30,320,'0','2019-07-10 00:00:00','2019-07-10 00:00:00'),(44,'クサイハナ',1,4,9,60,65,70,85,75,40,395,'0','2019-07-10 00:00:00','2019-07-10 00:00:00'),(45,'ラフレシア',1,4,9,75,80,85,110,90,50,490,'0','2019-07-10 00:00:00','2019-07-10 00:00:00'),(46,'パラス',1,13,4,35,70,55,45,55,25,285,'0','2019-07-10 00:00:00','2019-07-10 00:00:00'),(47,'パラセクト',1,13,4,60,95,80,60,80,30,405,'0','2019-07-10 00:00:00','2019-07-10 00:00:00'),(48,'コンパン',1,13,9,60,55,50,40,55,45,305,'0','2019-07-10 00:00:00','2019-07-10 00:00:00'),(49,'モルフォン',1,13,9,70,65,60,90,75,90,450,'0','2019-07-10 00:00:00','2019-07-10 00:00:00'),(50,'ディグダ',1,7,NULL,10,55,25,35,45,95,265,'0','2019-07-10 00:00:00','2019-07-10 00:00:00'),(51,'ダグトリオ',1,7,NULL,35,100,50,50,70,120,425,'0','2019-07-10 00:00:00','2019-07-10 00:00:00'),(52,'ニャース',1,1,NULL,40,45,35,40,40,90,290,'0','2019-07-10 00:00:00','2019-07-10 00:00:00'),(53,'ペルシアン',1,1,NULL,65,70,60,65,65,115,440,'0','2019-07-10 00:00:00','2019-07-10 00:00:00'),(54,'コダック',1,3,NULL,50,52,48,65,50,55,320,'0','2019-07-10 00:00:00','2019-07-10 00:00:00'),(55,'ゴルダック',1,3,NULL,80,82,78,95,80,85,500,'0','2019-07-10 00:00:00','2019-07-10 00:00:00'),(56,'マンキー',1,11,NULL,40,80,35,35,45,70,305,'0','2019-07-10 00:00:00','2019-07-10 00:00:00'),(57,'オコリザル',1,11,NULL,65,105,60,60,70,95,455,'0','2019-07-10 00:00:00','2019-07-10 00:00:00'),(58,'ガーディ',1,2,NULL,55,70,45,70,50,60,350,'0','2019-07-10 00:00:00','2019-07-10 00:00:00'),(59,'ウインディ',1,2,NULL,90,110,80,100,80,95,555,'0','2019-07-10 00:00:00','2019-07-10 00:00:00'),(60,'ニョロモ',1,3,NULL,40,50,40,40,40,90,300,'0','2019-07-10 00:00:00','2019-07-10 00:00:00'),(61,'ニョロゾ',1,3,NULL,65,65,65,50,50,90,385,'0','2019-07-10 00:00:00','2019-07-10 00:00:00'),(62,'ニョロボン',1,3,11,90,95,95,70,90,70,510,'0','2019-07-10 00:00:00','2019-07-10 00:00:00'),(63,'ケーシィ',1,10,NULL,25,20,15,105,55,90,310,'0','2019-07-10 00:00:00','2019-07-10 00:00:00'),(64,'ユンゲラー',1,10,NULL,40,35,30,120,70,105,400,'0','2019-07-10 00:00:00','2019-07-10 00:00:00'),(65,'フーディン',1,10,NULL,55,50,45,135,95,120,500,'0','2019-07-10 00:00:00','2019-07-10 00:00:00'),(66,'ワンリキー',1,11,NULL,70,80,50,35,35,35,305,'0','2019-07-10 00:00:00','2019-07-10 00:00:00'),(67,'ゴーリキー',1,11,NULL,80,100,70,50,60,45,405,'0','2019-07-10 00:00:00','2019-07-10 00:00:00'),(68,'カイリキー',1,11,NULL,90,130,80,65,85,55,505,'0','2019-07-10 00:00:00','2019-07-10 00:00:00'),(69,'マダツボミ',1,4,9,50,75,35,70,30,40,300,'0','2019-07-10 00:00:00','2019-07-10 00:00:00'),(70,'ウツドン',1,4,9,65,90,50,85,45,55,390,'0','2019-07-10 00:00:00','2019-07-10 00:00:00'),(71,'ウツボット',1,4,9,80,105,65,100,70,70,490,'0','2019-07-10 00:00:00','2019-07-10 00:00:00'),(72,'メノクラゲ',1,3,9,40,40,35,50,100,70,335,'0','2019-07-10 00:00:00','2019-07-10 00:00:00'),(73,'ドククラゲ',1,3,9,80,70,65,80,120,100,515,'0','2019-07-10 00:00:00','2019-07-10 00:00:00'),(74,'イシツブテ',1,6,7,40,80,100,30,30,20,300,'0','2019-07-10 00:00:00','2019-07-10 00:00:00'),(75,'ゴローン',1,6,7,55,95,115,45,45,35,390,'0','2019-07-10 00:00:00','2019-07-10 00:00:00'),(76,'ゴローニャ',1,6,7,80,120,130,55,65,45,495,'0','2019-07-10 00:00:00','2019-07-10 00:00:00'),(77,'ポニータ',1,2,NULL,50,85,55,65,65,90,410,'0','2019-07-10 00:00:00','2019-07-10 00:00:00'),(78,'ギャロップ',1,2,NULL,65,100,70,80,80,105,500,'0','2019-07-10 00:00:00','2019-07-10 00:00:00'),(79,'ヤドン',1,3,10,90,65,65,40,40,15,315,'0','2019-07-10 00:00:00','2019-07-10 00:00:00'),(80,'ヤドラン',1,3,10,95,75,110,100,80,30,490,'0','2019-07-10 00:00:00','2019-07-10 00:00:00'),(81,'コイル',1,5,17,25,35,70,95,55,45,325,'0','2019-07-10 00:00:00','2019-07-10 00:00:00'),(82,'レアコイル',1,5,17,50,60,95,120,70,70,465,'0','2019-07-10 00:00:00','2019-07-10 00:00:00'),(83,'カモネギ',1,1,12,52,90,55,58,62,60,377,'0','2019-07-10 00:00:00','2019-07-10 00:00:00'),(84,'ドードー',1,1,12,35,85,45,35,35,75,310,'0','2019-07-10 00:00:00','2019-07-10 00:00:00'),(85,'ドードリオ',1,1,12,60,110,70,60,60,110,470,'0','2019-07-10 00:00:00','2019-07-10 00:00:00'),(86,'パウワウ',1,3,NULL,65,45,55,45,70,45,325,'0','2019-07-10 00:00:00','2019-07-10 00:00:00'),(87,'ジュゴン',1,3,8,90,70,80,70,95,70,475,'0','2019-07-10 00:00:00','2019-07-10 00:00:00'),(88,'ベトベター',1,9,NULL,80,80,50,40,50,25,325,'0','2019-07-10 00:00:00','2019-07-10 00:00:00'),(89,'ベトベトン',1,9,NULL,105,105,75,65,100,50,500,'0','2019-07-10 00:00:00','2019-07-10 00:00:00'),(90,'シェルダー',1,3,NULL,30,65,100,45,25,40,305,'0','2019-07-10 00:00:00','2019-07-10 00:00:00'),(91,'パルシェン',1,3,8,50,95,180,85,45,70,525,'0','2019-07-10 00:00:00','2019-07-10 00:00:00'),(92,'ゴース',1,14,9,30,35,30,100,35,80,310,'0','2019-07-10 00:00:00','2019-07-10 00:00:00'),(93,'ゴースト',1,14,9,45,50,45,115,55,95,405,'0','2019-07-10 00:00:00','2019-07-10 00:00:00'),(94,'ゲンガー',1,14,9,60,65,60,130,75,110,500,'0','2019-07-10 00:00:00','2019-07-10 00:00:00'),(95,'イワーク',1,6,7,35,45,160,30,45,70,385,'0','2019-07-10 00:00:00','2019-07-10 00:00:00'),(96,'スリープ',1,10,NULL,60,48,45,43,90,42,328,'0','2019-07-10 00:00:00','2019-07-10 00:00:00'),(97,'スリーパー',1,10,NULL,85,73,70,73,115,67,483,'0','2019-07-10 00:00:00','2019-07-10 00:00:00'),(98,'クラブ',1,3,NULL,30,105,90,25,25,50,325,'0','2019-07-10 00:00:00','2019-07-10 00:00:00'),(99,'キングラー',1,3,NULL,55,130,115,50,50,75,475,'0','2019-07-10 00:00:00','2019-07-10 00:00:00'),(100,'ビリリダマ',1,5,NULL,40,30,50,55,55,100,330,'0','2019-07-10 00:00:00','2019-07-10 00:00:00'),(101,'マルマイン',1,5,NULL,60,50,70,80,80,150,490,'0','2019-07-10 00:00:00','2019-07-10 00:00:00'),(102,'タマタマ',1,4,10,60,40,80,60,45,40,325,'0','2019-07-10 00:00:00','2019-07-10 00:00:00'),(103,'ナッシー',1,4,10,95,95,85,125,75,55,530,'0','2019-07-10 00:00:00','2019-07-10 00:00:00'),(104,'カラカラ',1,7,NULL,50,50,95,40,50,35,320,'0','2019-07-10 00:00:00','2019-07-10 00:00:00'),(105,'ガラガラ',1,7,NULL,60,80,110,50,80,45,425,'0','2019-07-10 00:00:00','2019-07-10 00:00:00'),(106,'サワムラー',1,11,NULL,50,120,53,35,110,87,455,'0','2019-07-10 00:00:00','2019-07-10 00:00:00'),(107,'エビワラー',1,11,NULL,50,105,79,35,110,76,455,'0','2019-07-10 00:00:00','2019-07-10 00:00:00'),(108,'ベロリンガ',1,1,NULL,90,55,75,60,75,30,385,'0','2019-07-10 00:00:00','2019-07-10 00:00:00'),(109,'ドガース',1,9,NULL,40,65,95,60,45,35,340,'0','2019-07-10 00:00:00','2019-07-10 00:00:00'),(110,'マタドガス',1,9,NULL,65,90,120,85,70,60,490,'0','2019-07-10 00:00:00','2019-07-10 00:00:00'),(111,'サイホーン',1,7,6,80,85,95,30,30,25,345,'0','2019-07-10 00:00:00','2019-07-10 00:00:00'),(112,'サイドン',1,7,6,105,130,120,45,45,40,485,'0','2019-07-10 00:00:00','2019-07-10 00:00:00'),(113,'ラッキー',1,1,NULL,250,5,5,35,105,50,450,'0','2019-07-10 00:00:00','2019-07-10 00:00:00'),(114,'モンジャラ',1,4,NULL,65,55,115,100,40,60,435,'0','2019-07-10 00:00:00','2019-07-10 00:00:00'),(115,'ガルーラ',1,1,NULL,105,95,80,40,80,90,490,'0','2019-07-10 00:00:00','2019-07-10 00:00:00'),(116,'タッツー',1,3,NULL,30,40,70,70,25,60,295,'0','2019-07-10 00:00:00','2019-07-10 00:00:00'),(117,'シードラ',1,3,NULL,55,65,95,95,45,85,440,'0','2019-07-10 00:00:00','2019-07-10 00:00:00'),(118,'トサキント',1,3,NULL,45,67,60,35,50,63,320,'0','2019-07-10 00:00:00','2019-07-10 00:00:00'),(119,'アズマオウ',1,3,NULL,80,92,65,65,80,68,450,'0','2019-07-10 00:00:00','2019-07-10 00:00:00'),(120,'ヒトデマン',1,3,NULL,30,45,55,70,55,85,340,'0','2019-07-10 00:00:00','2019-07-10 00:00:00'),(121,'スターミー',1,3,10,60,75,85,100,85,115,520,'0','2019-07-10 00:00:00','2019-07-10 00:00:00'),(122,'バリヤード',1,10,18,40,45,65,100,120,90,460,'0','2019-07-10 00:00:00','2019-07-10 00:00:00'),(123,'ストライク',1,13,12,70,110,80,55,80,105,500,'0','2019-07-10 00:00:00','2019-07-10 00:00:00'),(124,'ルージュラ',1,8,10,65,50,35,115,95,95,455,'0','2019-07-10 00:00:00','2019-07-10 00:00:00'),(125,'エレブー',1,5,NULL,65,83,57,95,85,105,490,'0','2019-07-10 00:00:00','2019-07-10 00:00:00'),(126,'ブーバー',1,2,NULL,65,95,57,100,85,93,495,'0','2019-07-10 00:00:00','2019-07-10 00:00:00'),(127,'カイロス',1,13,NULL,65,125,100,55,70,85,500,'0','2019-07-10 00:00:00','2019-07-10 00:00:00'),(128,'ケンタロス',1,1,NULL,75,100,95,40,70,110,490,'0','2019-07-10 00:00:00','2019-07-10 00:00:00'),(129,'コイキング',1,3,NULL,20,10,55,15,20,80,200,'0','2019-07-10 00:00:00','2019-07-10 00:00:00'),(130,'ギャラドス',1,3,12,95,125,79,60,100,81,540,'0','2019-07-10 00:00:00','2019-07-10 00:00:00'),(131,'ラプラス',1,3,8,130,85,80,85,95,60,535,'0','2019-07-10 00:00:00','2019-07-10 00:00:00'),(132,'メタモン',1,1,NULL,48,48,48,48,48,48,288,'0','2019-07-10 00:00:00','2019-07-10 00:00:00'),(133,'イーブイ',1,1,NULL,55,55,50,45,65,55,325,'0','2019-07-10 00:00:00','2019-07-10 00:00:00'),(134,'シャワーズ',1,3,NULL,130,65,60,110,95,65,525,'0','2019-07-10 00:00:00','2019-07-10 00:00:00'),(135,'サンダース',1,5,NULL,65,65,60,110,95,130,525,'0','2019-07-10 00:00:00','2019-07-10 00:00:00'),(136,'ブースター',1,2,NULL,65,130,60,95,110,65,525,'0','2019-07-10 00:00:00','2019-07-10 00:00:00'),(137,'ポリゴン',1,1,NULL,65,60,70,85,75,40,395,'0','2019-07-10 00:00:00','2019-07-10 00:00:00'),(138,'オムナイト',1,6,3,35,40,100,90,55,35,355,'0','2019-07-10 00:00:00','2019-07-10 00:00:00'),(139,'オムスター',1,6,3,70,60,125,115,70,55,495,'0','2019-07-10 00:00:00','2019-07-10 00:00:00'),(140,'カブト',1,6,3,30,80,90,55,45,55,355,'0','2019-07-10 00:00:00','2019-07-10 00:00:00'),(141,'カブトプス',1,6,3,60,115,105,65,70,80,495,'0','2019-07-10 00:00:00','2019-07-10 00:00:00'),(142,'プテラ',1,6,12,80,105,65,60,75,130,515,'0','2019-07-10 00:00:00','2019-07-10 00:00:00'),(143,'カビゴン',1,1,NULL,160,110,65,65,110,30,540,'0','2019-07-10 00:00:00','2019-07-10 00:00:00'),(144,'フリーザー',1,8,12,90,85,100,95,125,85,580,'0','2019-07-10 00:00:00','2019-07-10 00:00:00'),(145,'サンダー',1,5,12,90,90,85,125,90,100,580,'0','2019-07-10 00:00:00','2019-07-10 00:00:00'),(146,'ファイヤー',1,2,12,90,100,90,125,85,90,580,'0','2019-07-10 00:00:00','2019-07-10 00:00:00'),(147,'ミニリュウ',1,15,NULL,41,64,45,50,50,50,300,'0','2019-07-10 00:00:00','2019-07-10 00:00:00'),(148,'ハクリュー',1,15,NULL,61,84,65,70,70,70,420,'0','2019-07-10 00:00:00','2019-07-10 00:00:00'),(149,'カイリュー',1,15,12,91,134,95,100,100,80,600,'0','2019-07-10 00:00:00','2019-07-10 00:00:00'),(150,'ミュウツー',1,10,NULL,106,110,90,154,90,130,680,'0','2019-07-10 00:00:00','2019-07-10 00:00:00'),(151,'ミュウ',1,10,NULL,100,100,100,100,100,100,600,'0','2019-07-10 00:00:00','2019-07-10 00:00:00'),(152,'チコリータ',2,4,NULL,45,49,65,49,65,45,318,'0','2019-07-10 00:00:00','2019-07-10 00:00:00'),(153,'ベイリーフ',2,4,NULL,60,62,80,63,80,60,405,'0','2019-07-10 00:00:00','2019-07-10 00:00:00'),(154,'メガニウム',2,4,NULL,80,82,100,83,100,80,525,'0','2019-07-10 00:00:00','2019-07-10 00:00:00'),(155,'ヒノアラシ',2,2,NULL,39,52,43,60,50,65,309,'0','2019-07-10 00:00:00','2019-07-10 00:00:00'),(156,'マグマラシ',2,2,NULL,58,64,58,80,65,80,405,'0','2019-07-10 00:00:00','2019-07-10 00:00:00'),(157,'バクフーン',2,2,NULL,78,84,78,109,85,100,534,'0','2019-07-10 00:00:00','2019-07-10 00:00:00'),(158,'ワニノコ',2,3,NULL,50,65,64,44,48,43,314,'0','2019-07-10 00:00:00','2019-07-10 00:00:00'),(159,'アリゲイツ',2,3,NULL,65,80,80,59,63,58,405,'0','2019-07-10 00:00:00','2019-07-10 00:00:00'),(160,'オーダイル',2,3,NULL,85,105,100,79,83,78,530,'0','2019-07-10 00:00:00','2019-07-10 00:00:00'),(161,'オタチ',2,1,NULL,35,46,34,35,45,20,215,'0','2019-07-10 00:00:00','2019-07-10 00:00:00'),(162,'オオタチ',2,1,NULL,85,76,64,45,55,90,415,'0','2019-07-10 00:00:00','2019-07-10 00:00:00'),(163,'ホーホー',2,1,12,60,30,30,36,56,50,262,'0','2019-07-10 00:00:00','2019-07-10 00:00:00'),(164,'ヨルノズク',2,1,12,100,50,50,86,96,70,452,'0','2019-07-10 00:00:00','2019-07-10 00:00:00'),(165,'レディバ',2,13,12,40,20,30,40,80,55,265,'0','2019-07-10 00:00:00','2019-07-10 00:00:00'),(166,'レディアン',2,13,12,55,35,50,55,110,85,390,'0','2019-07-10 00:00:00','2019-07-10 00:00:00'),(167,'イトマル',2,13,9,40,60,40,40,40,30,250,'0','2019-07-10 00:00:00','2019-07-10 00:00:00'),(168,'アリアドス',2,13,9,70,90,70,60,70,40,400,'0','2019-07-10 00:00:00','2019-07-10 00:00:00'),(169,'クロバット',2,9,12,85,90,80,70,80,130,535,'0','2019-07-10 00:00:00','2019-07-10 00:00:00'),(170,'チョンチー',2,3,5,75,38,38,56,56,67,330,'0','2019-07-10 00:00:00','2019-07-10 00:00:00'),(171,'ランターン',2,3,5,125,58,58,76,76,67,460,'0','2019-07-10 00:00:00','2019-07-10 00:00:00'),(172,'ピチュー',2,5,NULL,20,40,15,35,35,60,205,'0','2019-07-10 00:00:00','2019-07-10 00:00:00'),(173,'ピィ',2,18,NULL,50,25,28,45,55,15,218,'0','2019-07-10 00:00:00','2019-07-10 00:00:00'),(174,'ププリン',2,1,18,90,30,15,40,20,15,210,'0','2019-07-10 00:00:00','2019-07-10 00:00:00'),(175,'トゲピー',2,18,NULL,35,20,65,40,65,20,245,'0','2019-07-10 00:00:00','2019-07-10 00:00:00'),(176,'トゲチック',2,18,12,55,40,85,80,105,40,405,'0','2019-07-10 00:00:00','2019-07-10 00:00:00'),(177,'ネイティ',2,10,12,40,50,45,70,45,70,320,'0','2019-07-10 00:00:00','2019-07-10 00:00:00'),(178,'ネイティオ',2,10,12,65,75,70,95,70,95,470,'0','2019-07-10 00:00:00','2019-07-10 00:00:00'),(179,'メリープ',2,5,NULL,55,40,40,65,45,35,280,'0','2019-07-10 00:00:00','2019-07-10 00:00:00'),(180,'モココ',2,5,NULL,70,55,55,80,60,45,365,'0','2019-07-10 00:00:00','2019-07-10 00:00:00'),(181,'デンリュウ',2,5,NULL,90,75,85,115,90,55,510,'0','2019-07-10 00:00:00','2019-07-10 00:00:00'),(182,'キレイハナ',2,4,NULL,75,80,95,90,100,50,490,'0','2019-07-10 00:00:00','2019-07-10 00:00:00'),(183,'マリル',2,3,18,70,20,50,20,50,40,250,'0','2019-07-10 00:00:00','2019-07-10 00:00:00'),(184,'マリルリ',2,3,18,100,50,80,60,80,50,420,'0','2019-07-10 00:00:00','2019-07-10 00:00:00'),(185,'ウソッキー',2,6,NULL,70,100,115,30,65,30,410,'0','2019-07-10 00:00:00','2019-07-10 00:00:00'),(186,'ニョロトノ',2,3,NULL,90,75,75,90,100,70,500,'0','2019-07-10 00:00:00','2019-07-10 00:00:00'),(187,'ハネッコ',2,4,12,35,35,40,35,55,50,250,'0','2019-07-10 00:00:00','2019-07-10 00:00:00'),(188,'ポポッコ',2,4,12,55,45,50,45,65,80,340,'0','2019-07-10 00:00:00','2019-07-10 00:00:00'),(189,'ワタッコ',2,4,12,75,55,70,55,95,110,460,'0','2019-07-10 00:00:00','2019-07-10 00:00:00'),(190,'エイパム',2,1,NULL,55,70,55,40,55,85,360,'0','2019-07-10 00:00:00','2019-07-10 00:00:00'),(191,'ヒマナッツ',2,4,NULL,30,30,30,30,30,30,180,'0','2019-07-10 00:00:00','2019-07-10 00:00:00'),(192,'キマワリ',2,4,NULL,75,75,55,105,85,30,425,'0','2019-07-10 00:00:00','2019-07-10 00:00:00'),(193,'ヤンヤンマ',2,13,12,65,65,45,75,45,95,390,'0','2019-07-10 00:00:00','2019-07-10 00:00:00'),(194,'ウパー',2,3,7,55,45,45,25,25,15,210,'0','2019-07-10 00:00:00','2019-07-10 00:00:00'),(195,'ヌオー',2,3,7,95,85,85,65,65,35,430,'0','2019-07-10 00:00:00','2019-07-10 00:00:00'),(196,'エーフィ',2,10,NULL,65,65,60,130,95,110,525,'0','2019-07-10 00:00:00','2019-07-10 00:00:00'),(197,'ブラッキー',2,16,NULL,95,65,110,60,130,65,525,'0','2019-07-10 00:00:00','2019-07-10 00:00:00'),(198,'ヤミカラス',2,16,12,60,85,42,85,42,91,405,'0','2019-07-10 00:00:00','2019-07-10 00:00:00'),(199,'ヤドキング',2,3,10,95,75,80,100,110,30,490,'0','2019-07-10 00:00:00','2019-07-10 00:00:00'),(200,'ムウマ',2,14,NULL,60,60,60,85,85,85,435,'0','2019-07-10 00:00:00','2019-07-10 00:00:00'),(201,'アンノーン',2,10,NULL,48,72,48,72,48,48,336,'0','2019-07-10 00:00:00','2019-07-10 00:00:00'),(202,'ソーナンス',2,10,NULL,190,33,58,33,58,33,405,'0','2019-07-10 00:00:00','2019-07-10 00:00:00'),(203,'キリンリキ',2,1,10,70,80,65,90,65,85,455,'0','2019-07-10 00:00:00','2019-07-10 00:00:00'),(204,'クヌギダマ',2,13,NULL,50,65,90,35,35,15,290,'0','2019-07-10 00:00:00','2019-07-10 00:00:00'),(205,'フォレトス',2,13,17,75,90,140,60,60,40,465,'0','2019-07-10 00:00:00','2019-07-10 00:00:00'),(206,'ノコッチ',2,1,NULL,100,70,70,65,65,45,415,'0','2019-07-10 00:00:00','2019-07-10 00:00:00'),(207,'グライガー',2,7,12,65,75,105,35,65,85,430,'0','2019-07-10 00:00:00','2019-07-10 00:00:00'),(208,'ハガネール',2,17,7,75,85,200,55,65,30,510,'0','2019-07-10 00:00:00','2019-07-10 00:00:00'),(209,'ブルー',2,18,NULL,60,80,50,40,40,30,300,'0','2019-07-10 00:00:00','2019-07-10 00:00:00'),(210,'グランブル',2,18,NULL,90,120,75,60,60,45,450,'0','2019-07-10 00:00:00','2019-07-10 00:00:00'),(211,'ハリーセン',2,3,9,65,95,85,55,55,85,440,'0','2019-07-10 00:00:00','2019-07-10 00:00:00'),(212,'ハッサム',2,13,17,70,130,100,55,80,65,500,'0','2019-07-10 00:00:00','2019-07-10 00:00:00'),(213,'ツボツボ',2,13,6,20,10,230,10,230,5,505,'0','2019-07-10 00:00:00','2019-07-10 00:00:00'),(214,'ヘラクロス',2,13,11,80,125,75,40,95,85,500,'0','2019-07-10 00:00:00','2019-07-10 00:00:00'),(215,'ニューラ',2,16,8,55,95,55,35,75,115,430,'0','2019-07-10 00:00:00','2019-07-10 00:00:00'),(216,'ヒメグマ',2,1,NULL,60,80,50,50,50,40,330,'0','2019-07-10 00:00:00','2019-07-10 00:00:00'),(217,'リングマ',2,1,NULL,90,130,75,75,75,55,500,'0','2019-07-10 00:00:00','2019-07-10 00:00:00'),(218,'マグマッグ',2,2,NULL,40,40,40,70,40,20,250,'0','2019-07-10 00:00:00','2019-07-10 00:00:00'),(219,'マグカルゴ',2,2,6,60,50,120,90,80,30,430,'0','2019-07-10 00:00:00','2019-07-10 00:00:00'),(220,'ウリムー',2,8,7,50,50,40,30,30,50,250,'0','2019-07-10 00:00:00','2019-07-10 00:00:00'),(221,'イノムー',2,8,7,100,100,80,60,60,50,450,'0','2019-07-10 00:00:00','2019-07-10 00:00:00'),(222,'サニーゴ',2,3,6,65,55,95,65,95,35,410,'0','2019-07-10 00:00:00','2019-07-10 00:00:00'),(223,'テッポウオ',2,3,NULL,35,65,35,65,35,65,300,'0','2019-07-10 00:00:00','2019-07-10 00:00:00'),(224,'オクタン',2,3,NULL,75,105,75,105,75,45,480,'0','2019-07-10 00:00:00','2019-07-10 00:00:00'),(225,'デリバード',2,8,12,45,55,45,65,45,75,330,'0','2019-07-10 00:00:00','2019-07-10 00:00:00'),(226,'マンタイン',2,3,12,85,40,70,80,140,70,485,'0','2019-07-10 00:00:00','2019-07-10 00:00:00'),(227,'エアームド',2,17,12,65,80,140,40,70,70,465,'0','2019-07-10 00:00:00','2019-07-10 00:00:00'),(228,'デルビル',2,16,2,45,60,30,80,50,65,330,'0','2019-07-10 00:00:00','2019-07-10 00:00:00'),(229,'ヘルガー',2,16,2,75,90,50,110,80,95,500,'0','2019-07-10 00:00:00','2019-07-10 00:00:00'),(230,'キングドラ',2,3,15,75,95,95,95,95,85,540,'0','2019-07-10 00:00:00','2019-07-10 00:00:00'),(231,'ゴマゾウ',2,7,NULL,90,60,60,40,40,40,330,'0','2019-07-10 00:00:00','2019-07-10 00:00:00'),(232,'ドンファン',2,7,NULL,90,120,120,60,60,50,500,'0','2019-07-10 00:00:00','2019-07-10 00:00:00'),(233,'ポリゴン2',2,1,NULL,85,80,90,105,95,60,515,'0','2019-07-10 00:00:00','2019-07-10 00:00:00'),(234,'オドシシ',2,1,NULL,73,95,62,85,65,85,465,'0','2019-07-10 00:00:00','2019-07-10 00:00:00'),(235,'ドーブル',2,1,NULL,55,20,35,20,45,75,250,'0','2019-07-10 00:00:00','2019-07-10 00:00:00'),(236,'バルキー',2,11,NULL,35,35,35,35,35,35,210,'0','2019-07-10 00:00:00','2019-07-10 00:00:00'),(237,'カポエラー',2,11,NULL,50,95,95,35,110,70,455,'0','2019-07-10 00:00:00','2019-07-10 00:00:00'),(238,'ムチュール',2,8,10,45,30,15,85,65,65,305,'0','2019-07-10 00:00:00','2019-07-10 00:00:00'),(239,'エレキッド',2,5,NULL,45,63,37,65,55,95,360,'0','2019-07-10 00:00:00','2019-07-10 00:00:00'),(240,'ブビィ',2,2,NULL,45,75,37,70,55,83,365,'0','2019-07-10 00:00:00','2019-07-10 00:00:00'),(241,'ミルタンク',2,1,NULL,95,80,105,40,70,100,490,'0','2019-07-10 00:00:00','2019-07-10 00:00:00'),(242,'ハピナス',2,1,NULL,255,10,10,75,135,55,540,'0','2019-07-10 00:00:00','2019-07-10 00:00:00'),(243,'ライコウ',2,5,NULL,90,85,75,115,100,115,580,'0','2019-07-10 00:00:00','2019-07-10 00:00:00'),(244,'エンテイ',2,2,NULL,115,115,85,90,75,100,580,'0','2019-07-10 00:00:00','2019-07-10 00:00:00'),(245,'スイクン',2,3,NULL,100,75,115,90,115,85,580,'0','2019-07-10 00:00:00','2019-07-10 00:00:00'),(246,'ヨーギラス',2,6,7,50,64,50,45,50,41,300,'0','2019-07-10 00:00:00','2019-07-10 00:00:00'),(247,'サナギラス',2,6,7,70,84,70,65,70,51,410,'0','2019-07-10 00:00:00','2019-07-10 00:00:00'),(248,'バンギラス',2,6,16,100,134,110,95,100,61,600,'0','2019-07-10 00:00:00','2019-07-10 00:00:00'),(249,'ルギア',2,10,12,106,90,130,90,154,110,680,'0','2019-07-10 00:00:00','2019-07-10 00:00:00'),(250,'ホウオウ',2,2,12,106,130,90,110,154,90,680,'0','2019-07-10 00:00:00','2019-07-10 00:00:00'),(251,'セレビィ',2,10,4,100,100,100,100,100,100,600,'0','2019-07-10 00:00:00','2019-07-10 00:00:00'),(252,'キモリ',3,4,NULL,40,45,35,65,55,70,310,'0','2019-07-10 00:00:00','2019-07-10 00:00:00'),(253,'ジュプトル',3,4,NULL,50,65,45,85,65,95,405,'0','2019-07-10 00:00:00','2019-07-10 00:00:00'),(254,'ジュカイン',3,4,NULL,70,85,65,105,85,120,530,'0','2019-07-10 00:00:00','2019-07-10 00:00:00'),(255,'アチャモ',3,2,NULL,45,60,40,70,50,45,310,'0','2019-07-10 00:00:00','2019-07-10 00:00:00'),(256,'ワカシャモ',3,2,11,60,85,60,85,60,55,405,'0','2019-07-10 00:00:00','2019-07-10 00:00:00'),(257,'バシャーモ',3,2,11,80,120,70,110,70,80,530,'0','2019-07-10 00:00:00','2019-07-10 00:00:00'),(258,'ミズゴロウ',3,3,NULL,50,70,50,50,50,40,310,'0','2019-07-10 00:00:00','2019-07-10 00:00:00'),(259,'ヌマクロー',3,3,7,70,85,70,60,70,50,405,'0','2019-07-10 00:00:00','2019-07-10 00:00:00'),(260,'ラグラージ',3,3,7,100,110,90,85,90,60,535,'0','2019-07-10 00:00:00','2019-07-10 00:00:00'),(261,'ポチエナ',3,16,NULL,35,55,35,30,30,35,220,'0','2019-07-10 00:00:00','2019-07-10 00:00:00'),(262,'グラエナ',3,16,NULL,70,90,70,60,60,70,420,'0','2019-07-10 00:00:00','2019-07-10 00:00:00'),(263,'ジグザグマ',3,1,NULL,38,30,41,30,41,60,240,'0','2019-07-10 00:00:00','2019-07-10 00:00:00'),(264,'マッスグマ',3,1,NULL,78,70,61,50,61,100,420,'0','2019-07-10 00:00:00','2019-07-10 00:00:00'),(265,'ケムッソ',3,13,NULL,45,45,35,20,30,20,195,'0','2019-07-10 00:00:00','2019-07-10 00:00:00'),(266,'カラサリス',3,13,NULL,50,35,55,25,25,15,205,'0','2019-07-10 00:00:00','2019-07-10 00:00:00'),(267,'アゲハント',3,13,12,60,70,50,100,50,65,395,'0','2019-07-10 00:00:00','2019-07-10 00:00:00'),(268,'マユルド',3,13,NULL,50,35,55,25,25,15,205,'0','2019-07-10 00:00:00','2019-07-10 00:00:00'),(269,'ドクケイル',3,13,9,60,50,70,50,90,65,385,'0','2019-07-10 00:00:00','2019-07-10 00:00:00'),(270,'ハスボー',3,3,4,40,30,30,40,50,30,220,'0','2019-07-10 00:00:00','2019-07-10 00:00:00'),(271,'ハスブレロ',3,3,4,60,50,50,60,70,50,340,'0','2019-07-10 00:00:00','2019-07-10 00:00:00'),(272,'ルンパッパ',3,3,4,80,70,70,90,100,70,480,'0','2019-07-10 00:00:00','2019-07-10 00:00:00'),(273,'タネボー',3,4,NULL,40,40,50,30,30,30,220,'0','2019-07-10 00:00:00','2019-07-10 00:00:00'),(274,'コノハナ',3,4,16,70,70,40,60,40,60,340,'0','2019-07-10 00:00:00','2019-07-10 00:00:00'),(275,'ダーテング',3,4,16,90,100,60,90,60,80,480,'0','2019-07-10 00:00:00','2019-07-10 00:00:00'),(276,'スバメ',3,1,12,40,55,30,30,30,85,270,'0','2019-07-10 00:00:00','2019-07-10 00:00:00'),(277,'オオスバメ',3,1,12,60,85,60,75,50,125,455,'0','2019-07-10 00:00:00','2019-07-10 00:00:00'),(278,'キャモメ',3,3,12,40,30,30,55,30,85,270,'0','2019-07-10 00:00:00','2019-07-10 00:00:00'),(279,'ペリッパー',3,3,12,60,50,100,95,70,65,440,'0','2019-07-10 00:00:00','2019-07-10 00:00:00'),(280,'ラルトス',3,10,18,28,25,25,45,35,40,198,'0','2019-07-10 00:00:00','2019-07-10 00:00:00'),(281,'キルリア',3,10,18,38,35,35,65,55,50,278,'0','2019-07-10 00:00:00','2019-07-10 00:00:00'),(282,'サーナイト',3,10,18,68,65,65,125,115,80,518,'0','2019-07-10 00:00:00','2019-07-10 00:00:00'),(283,'アメタマ',3,13,3,40,30,32,50,52,65,269,'0','2019-07-10 00:00:00','2019-07-10 00:00:00'),(284,'アメモース',3,13,12,70,60,62,100,82,80,454,'0','2019-07-10 00:00:00','2019-07-10 00:00:00'),(285,'キノココ',3,4,NULL,60,40,60,40,60,35,295,'0','2019-07-10 00:00:00','2019-07-10 00:00:00'),(286,'キノガッサ',3,4,11,60,130,80,60,60,70,460,'0','2019-07-10 00:00:00','2019-07-10 00:00:00'),(287,'ナマケロ',3,1,NULL,60,60,60,35,35,30,280,'0','2019-07-10 00:00:00','2019-07-10 00:00:00'),(288,'ヤルキモノ',3,1,NULL,80,80,80,55,55,90,440,'0','2019-07-10 00:00:00','2019-07-10 00:00:00'),(289,'ケッキング',3,1,NULL,150,160,100,95,65,100,670,'0','2019-07-10 00:00:00','2019-07-10 00:00:00'),(290,'ツチニン',3,13,7,31,45,90,30,30,40,266,'0','2019-07-10 00:00:00','2019-07-10 00:00:00'),(291,'テッカニン',3,13,12,61,90,45,50,50,160,456,'0','2019-07-10 00:00:00','2019-07-10 00:00:00'),(292,'ヌケニン',3,13,14,1,90,45,30,30,40,236,'0','2019-07-10 00:00:00','2019-07-10 00:00:00'),(293,'ゴニョニョ',3,1,NULL,64,51,23,51,23,28,240,'0','2019-07-10 00:00:00','2019-07-10 00:00:00'),(294,'ドゴーム',3,1,NULL,84,71,43,71,43,48,360,'0','2019-07-10 00:00:00','2019-07-10 00:00:00'),(295,'バクオング',3,1,NULL,104,91,63,91,73,68,490,'0','2019-07-10 00:00:00','2019-07-10 00:00:00'),(296,'マクノシタ',3,11,NULL,72,60,30,20,30,25,237,'0','2019-07-10 00:00:00','2019-07-10 00:00:00'),(297,'ハリテヤマ',3,11,NULL,144,120,60,40,60,50,474,'0','2019-07-10 00:00:00','2019-07-10 00:00:00'),(298,'ルリリ',3,1,18,50,20,40,20,40,20,190,'0','2019-07-10 00:00:00','2019-07-10 00:00:00'),(299,'ノズパス',3,6,NULL,30,45,135,45,90,30,375,'0','2019-07-10 00:00:00','2019-07-10 00:00:00'),(300,'エネコ',3,1,NULL,50,45,45,35,35,50,260,'0','2019-07-10 00:00:00','2019-07-10 00:00:00'),(301,'エネコロロ',3,1,NULL,70,65,65,55,55,90,400,'0','2019-07-10 00:00:00','2019-07-10 00:00:00'),(302,'ヤミラミ',3,16,14,50,75,75,65,65,50,380,'0','2019-07-10 00:00:00','2019-07-10 00:00:00'),(303,'クチート',3,17,18,50,85,85,55,55,50,380,'0','2019-07-10 00:00:00','2019-07-10 00:00:00'),(304,'ココドラ',3,17,6,50,70,100,40,40,30,330,'0','2019-07-10 00:00:00','2019-07-10 00:00:00'),(305,'コドラ',3,17,6,60,90,140,50,50,40,430,'0','2019-07-10 00:00:00','2019-07-10 00:00:00'),(306,'ボスゴドラ',3,17,6,70,110,180,60,60,50,530,'0','2019-07-10 00:00:00','2019-07-10 00:00:00'),(307,'アサナン',3,11,10,30,40,55,40,55,60,280,'0','2019-07-10 00:00:00','2019-07-10 00:00:00'),(308,'チャーレム',3,11,10,60,60,75,60,75,80,410,'0','2019-07-10 00:00:00','2019-07-10 00:00:00'),(309,'ラクライ',3,5,NULL,40,45,40,65,40,65,295,'0','2019-07-10 00:00:00','2019-07-10 00:00:00'),(310,'ライボルト',3,5,NULL,70,75,60,105,60,105,475,'0','2019-07-10 00:00:00','2019-07-10 00:00:00'),(311,'プラスル',3,5,NULL,60,50,40,85,75,95,405,'0','2019-07-10 00:00:00','2019-07-10 00:00:00'),(312,'マイナン',3,5,NULL,60,40,50,75,85,95,405,'0','2019-07-10 00:00:00','2019-07-10 00:00:00'),(313,'バルビート',3,13,NULL,65,73,75,47,85,85,430,'0','2019-07-10 00:00:00','2019-07-10 00:00:00'),(314,'イルミーゼ',3,13,NULL,65,47,75,73,85,85,430,'0','2019-07-10 00:00:00','2019-07-10 00:00:00'),(315,'ロゼリア',3,4,9,50,60,45,100,80,65,400,'0','2019-07-10 00:00:00','2019-07-10 00:00:00'),(316,'ゴクリン',3,9,NULL,70,43,53,43,53,40,302,'0','2019-07-10 00:00:00','2019-07-10 00:00:00'),(317,'マルノーム',3,9,NULL,100,73,83,73,83,55,467,'0','2019-07-10 00:00:00','2019-07-10 00:00:00'),(318,'キバニア',3,3,16,45,90,20,65,20,65,305,'0','2019-07-10 00:00:00','2019-07-10 00:00:00'),(319,'サメハダー',3,3,16,70,120,40,95,40,95,460,'0','2019-07-10 00:00:00','2019-07-10 00:00:00'),(320,'ホエルコ',3,3,NULL,130,70,35,70,35,60,400,'0','2019-07-10 00:00:00','2019-07-10 00:00:00'),(321,'ホエルオー',3,3,NULL,170,90,45,90,45,60,500,'0','2019-07-10 00:00:00','2019-07-10 00:00:00'),(322,'ドンメル',3,2,7,60,60,40,65,45,35,305,'0','2019-07-10 00:00:00','2019-07-10 00:00:00'),(323,'バクーダ',3,2,7,70,100,70,105,75,40,460,'0','2019-07-10 00:00:00','2019-07-10 00:00:00'),(324,'コータス',3,2,NULL,70,85,140,85,70,20,470,'0','2019-07-10 00:00:00','2019-07-10 00:00:00'),(325,'バネブー',3,10,NULL,60,25,35,70,80,60,330,'0','2019-07-10 00:00:00','2019-07-10 00:00:00'),(326,'ブーピッグ',3,10,NULL,80,45,65,90,110,80,470,'0','2019-07-10 00:00:00','2019-07-10 00:00:00'),(327,'パッチール',3,1,NULL,60,60,60,60,60,60,360,'0','2019-07-10 00:00:00','2019-07-10 00:00:00'),(328,'ナックラー',3,7,NULL,45,100,45,45,45,10,290,'0','2019-07-10 00:00:00','2019-07-10 00:00:00'),(329,'ビブラーバ',3,7,15,50,70,50,50,50,70,340,'0','2019-07-10 00:00:00','2019-07-10 00:00:00'),(330,'フライゴン',3,7,15,80,100,80,80,80,100,520,'0','2019-07-10 00:00:00','2019-07-10 00:00:00'),(331,'サボネア',3,4,NULL,50,85,40,85,40,35,335,'0','2019-07-10 00:00:00','2019-07-10 00:00:00'),(332,'ノクタス',3,4,16,70,115,60,115,60,55,475,'0','2019-07-10 00:00:00','2019-07-10 00:00:00'),(333,'チルット',3,1,12,45,40,60,40,75,50,310,'0','2019-07-10 00:00:00','2019-07-10 00:00:00'),(334,'チルタリス',3,15,12,75,70,90,70,105,80,490,'0','2019-07-10 00:00:00','2019-07-10 00:00:00'),(335,'ザングース',3,1,NULL,73,115,60,60,60,90,458,'0','2019-07-10 00:00:00','2019-07-10 00:00:00'),(336,'ハブネーク',3,9,NULL,73,100,60,100,60,65,458,'0','2019-07-10 00:00:00','2019-07-10 00:00:00'),(337,'ルナトーン',3,6,10,90,55,65,95,85,70,460,'0','2019-07-10 00:00:00','2019-07-10 00:00:00'),(338,'ソルロック',3,6,10,90,95,85,55,65,70,460,'0','2019-07-10 00:00:00','2019-07-10 00:00:00'),(339,'ドジョッチ',3,3,7,50,48,43,46,41,60,288,'0','2019-07-10 00:00:00','2019-07-10 00:00:00'),(340,'ナマズン',3,3,7,110,78,73,76,71,60,468,'0','2019-07-10 00:00:00','2019-07-10 00:00:00'),(341,'ヘイガニ',3,3,NULL,43,80,65,50,35,35,308,'0','2019-07-10 00:00:00','2019-07-10 00:00:00'),(342,'シザリガー',3,3,16,63,120,85,90,55,55,468,'0','2019-07-10 00:00:00','2019-07-10 00:00:00'),(343,'ヤジロン',3,7,10,40,40,55,40,70,55,300,'0','2019-07-10 00:00:00','2019-07-10 00:00:00'),(344,'ネンドール',3,7,10,60,70,105,70,120,75,500,'0','2019-07-10 00:00:00','2019-07-10 00:00:00'),(345,'リリーラ',3,6,4,66,41,77,61,87,23,355,'0','2019-07-10 00:00:00','2019-07-10 00:00:00'),(346,'ユレイドル',3,6,4,86,81,97,81,107,43,495,'0','2019-07-10 00:00:00','2019-07-10 00:00:00'),(347,'アノプス',3,6,13,45,95,50,40,50,75,355,'0','2019-07-10 00:00:00','2019-07-10 00:00:00'),(348,'アーマルド',3,6,13,75,125,100,70,80,45,495,'0','2019-07-10 00:00:00','2019-07-10 00:00:00'),(349,'ヒンバス',3,3,NULL,20,15,20,10,55,80,200,'0','2019-07-10 00:00:00','2019-07-10 00:00:00'),(350,'ミロカロス',3,3,NULL,95,60,79,100,125,81,540,'0','2019-07-10 00:00:00','2019-07-10 00:00:00'),(351,'ポワルン',3,1,NULL,70,70,70,70,70,70,420,'0','2019-07-10 00:00:00','2019-07-10 00:00:00'),(352,'カクレオン',3,1,NULL,60,90,70,60,120,40,440,'0','2019-07-10 00:00:00','2019-07-10 00:00:00'),(353,'カゲボウズ',3,14,NULL,44,75,35,63,33,45,295,'0','2019-07-10 00:00:00','2019-07-10 00:00:00'),(354,'ジュペッタ',3,14,NULL,64,115,65,83,63,65,455,'0','2019-07-10 00:00:00','2019-07-10 00:00:00'),(355,'ヨマワル',3,14,NULL,20,40,90,30,90,25,295,'0','2019-07-10 00:00:00','2019-07-10 00:00:00'),(356,'サマヨール',3,14,NULL,40,70,130,60,130,25,455,'0','2019-07-10 00:00:00','2019-07-10 00:00:00'),(357,'トロピウス',3,4,12,99,68,83,72,87,51,460,'0','2019-07-10 00:00:00','2019-07-10 00:00:00'),(358,'チリーン',3,10,NULL,75,50,80,95,90,65,455,'0','2019-07-10 00:00:00','2019-07-10 00:00:00'),(359,'アブソル',3,16,NULL,65,130,60,75,60,75,465,'0','2019-07-10 00:00:00','2019-07-10 00:00:00'),(360,'ソーナノ',3,10,NULL,95,23,48,23,48,23,260,'0','2019-07-10 00:00:00','2019-07-10 00:00:00'),(361,'ユキワラシ',3,8,NULL,50,50,50,50,50,50,300,'0','2019-07-10 00:00:00','2019-07-10 00:00:00'),(362,'オニゴーリ',3,8,NULL,80,80,80,80,80,80,480,'0','2019-07-10 00:00:00','2019-07-10 00:00:00'),(363,'タマザラシ',3,8,3,70,40,50,55,50,25,290,'0','2019-07-10 00:00:00','2019-07-10 00:00:00'),(364,'トドグラー',3,8,3,90,60,70,75,70,45,410,'0','2019-07-10 00:00:00','2019-07-10 00:00:00'),(365,'トドゼルガ',3,8,3,110,80,90,95,90,65,530,'0','2019-07-10 00:00:00','2019-07-10 00:00:00'),(366,'パールル',3,3,NULL,35,64,85,74,55,32,345,'0','2019-07-10 00:00:00','2019-07-10 00:00:00'),(367,'ハンテール',3,3,NULL,55,104,105,94,75,52,485,'0','2019-07-10 00:00:00','2019-07-10 00:00:00'),(368,'サクラビス',3,3,NULL,55,84,105,114,75,52,485,'0','2019-07-10 00:00:00','2019-07-10 00:00:00'),(369,'ジーランス',3,3,6,100,90,130,45,65,55,485,'0','2019-07-10 00:00:00','2019-07-10 00:00:00'),(370,'ラブカス',3,3,NULL,43,30,55,40,65,97,330,'0','2019-07-10 00:00:00','2019-07-10 00:00:00'),(371,'タツベイ',3,15,NULL,45,75,60,40,30,50,300,'0','2019-07-10 00:00:00','2019-07-10 00:00:00'),(372,'コモルー',3,15,NULL,65,95,100,60,50,50,420,'0','2019-07-10 00:00:00','2019-07-10 00:00:00'),(373,'ボーマンダ',3,15,12,95,135,80,110,80,100,600,'0','2019-07-10 00:00:00','2019-07-10 00:00:00'),(374,'ダンバル',3,17,10,40,55,80,35,60,30,300,'0','2019-07-10 00:00:00','2019-07-10 00:00:00'),(375,'メタング',3,17,10,60,75,100,55,80,50,420,'0','2019-07-10 00:00:00','2019-07-10 00:00:00'),(376,'メタグロス',3,17,10,80,135,130,95,90,70,600,'0','2019-07-10 00:00:00','2019-07-10 00:00:00'),(377,'レジロック',3,6,NULL,80,100,200,50,100,50,580,'0','2019-07-10 00:00:00','2019-07-10 00:00:00'),(378,'レジアイス',3,8,NULL,80,50,100,100,200,50,580,'0','2019-07-10 00:00:00','2019-07-10 00:00:00'),(379,'レジスチル',3,17,NULL,80,75,150,75,150,50,580,'0','2019-07-10 00:00:00','2019-07-10 00:00:00'),(380,'ラティアス',3,15,10,80,80,90,110,130,110,600,'0','2019-07-10 00:00:00','2019-07-10 00:00:00'),(381,'ラティオス',3,15,10,80,90,80,130,110,110,600,'0','2019-07-10 00:00:00','2019-07-10 00:00:00'),(382,'カイオーガ',3,3,NULL,100,100,90,150,140,90,670,'0','2019-07-10 00:00:00','2019-07-10 00:00:00'),(383,'グラードン',3,7,NULL,100,150,140,100,90,90,670,'0','2019-07-10 00:00:00','2019-07-10 00:00:00'),(384,'レックウザ',3,15,12,105,150,90,150,90,95,680,'0','2019-07-10 00:00:00','2019-07-10 00:00:00'),(385,'ジラーチ',3,17,10,100,100,100,100,100,100,600,'0','2019-07-10 00:00:00','2019-07-10 00:00:00'),(386,'デオキシス',3,10,NULL,50,180,20,180,20,150,600,'0','2019-07-10 00:00:00','2019-07-10 00:00:00'),(387,'ナエトル',4,4,NULL,55,68,64,45,55,31,318,'0','2019-07-10 00:00:00','2019-07-10 00:00:00'),(388,'ハヤシガメ',4,4,NULL,75,89,85,55,65,36,405,'0','2019-07-10 00:00:00','2019-07-10 00:00:00'),(389,'ドダイトス',4,4,7,95,109,105,75,85,56,525,'0','2019-07-10 00:00:00','2019-07-10 00:00:00'),(390,'ヒコザル',4,2,NULL,44,58,44,58,44,61,309,'0','2019-07-10 00:00:00','2019-07-10 00:00:00'),(391,'モウカザル',4,2,11,64,78,52,78,52,81,405,'0','2019-07-10 00:00:00','2019-07-10 00:00:00'),(392,'ゴウカザル',4,2,11,76,104,71,104,71,108,534,'0','2019-07-10 00:00:00','2019-07-10 00:00:00'),(393,'ポッチャマ',4,3,NULL,53,51,53,61,56,40,314,'0','2019-07-10 00:00:00','2019-07-10 00:00:00'),(394,'ポッタイシ',4,3,NULL,64,66,68,81,76,50,405,'0','2019-07-10 00:00:00','2019-07-10 00:00:00'),(395,'エンペルト',4,3,17,84,86,88,111,101,60,530,'0','2019-07-10 00:00:00','2019-07-10 00:00:00'),(396,'ムックル',4,1,12,40,55,30,30,30,60,245,'0','2019-07-10 00:00:00','2019-07-10 00:00:00'),(397,'ムクバード',4,1,12,55,75,50,40,40,80,340,'0','2019-07-10 00:00:00','2019-07-10 00:00:00'),(398,'ムクホーク',4,1,12,85,120,70,50,60,100,485,'0','2019-07-10 00:00:00','2019-07-10 00:00:00'),(399,'ビッパ',4,1,NULL,59,45,40,35,40,31,250,'0','2019-07-10 00:00:00','2019-07-10 00:00:00'),(400,'ビーダル',4,1,3,79,85,60,55,60,71,410,'0','2019-07-10 00:00:00','2019-07-10 00:00:00'),(401,'コロボーシ',4,13,NULL,37,25,41,25,41,25,194,'0','2019-07-10 00:00:00','2019-07-10 00:00:00'),(402,'コロトック',4,13,NULL,77,85,51,55,51,65,384,'0','2019-07-10 00:00:00','2019-07-10 00:00:00'),(403,'コリンク',4,5,NULL,45,65,34,40,34,45,263,'0','2019-07-10 00:00:00','2019-07-10 00:00:00'),(404,'ルクシオ',4,5,NULL,60,85,49,60,49,60,363,'0','2019-07-10 00:00:00','2019-07-10 00:00:00'),(405,'レントラー',4,5,NULL,80,120,79,95,79,70,523,'0','2019-07-10 00:00:00','2019-07-10 00:00:00'),(406,'スボミー',4,4,9,40,30,35,50,70,55,280,'0','2019-07-10 00:00:00','2019-07-10 00:00:00'),(407,'ロズレイド',4,4,9,60,70,65,125,105,90,515,'0','2019-07-10 00:00:00','2019-07-10 00:00:00'),(408,'ズガイドス',4,6,NULL,67,125,40,30,30,58,350,'0','2019-07-10 00:00:00','2019-07-10 00:00:00'),(409,'ラムパルド',4,6,NULL,97,165,60,65,50,58,495,'0','2019-07-10 00:00:00','2019-07-10 00:00:00'),(410,'タテトプス',4,6,17,30,42,118,42,88,30,350,'0','2019-07-10 00:00:00','2019-07-10 00:00:00'),(411,'トリデプス',4,6,17,60,52,168,47,138,30,495,'0','2019-07-10 00:00:00','2019-07-10 00:00:00'),(412,'ミノムッチ',4,13,NULL,40,29,45,29,45,36,224,'0','2019-07-10 00:00:00','2019-07-10 00:00:00'),(413,'ミノマダム',4,13,4,60,59,85,79,105,36,424,'0','2019-07-10 00:00:00','2019-07-10 00:00:00'),(414,'ガーメイル',4,13,12,70,94,50,94,50,66,424,'0','2019-07-10 00:00:00','2019-07-10 00:00:00'),(415,'ミツハニー',4,13,12,30,30,42,30,42,70,244,'0','2019-07-10 00:00:00','2019-07-10 00:00:00'),(416,'ビークイン',4,13,12,70,80,102,80,102,40,474,'0','2019-07-10 00:00:00','2019-07-10 00:00:00'),(417,'パチリス',4,5,NULL,60,45,70,45,90,95,405,'0','2019-07-10 00:00:00','2019-07-10 00:00:00'),(418,'ブイゼル',4,3,NULL,55,65,35,60,30,85,330,'0','2019-07-10 00:00:00','2019-07-10 00:00:00'),(419,'フローゼル',4,3,NULL,85,105,55,85,50,115,495,'0','2019-07-10 00:00:00','2019-07-10 00:00:00'),(420,'チェリンボ',4,4,NULL,45,35,45,62,53,35,275,'0','2019-07-10 00:00:00','2019-07-10 00:00:00'),(421,'チェリム',4,4,NULL,70,60,70,87,78,85,450,'0','2019-07-10 00:00:00','2019-07-10 00:00:00'),(422,'カラナクシ',4,3,NULL,76,48,48,57,62,34,325,'0','2019-07-10 00:00:00','2019-07-10 00:00:00'),(423,'トリトドン',4,3,7,111,83,68,92,82,39,475,'0','2019-07-10 00:00:00','2019-07-10 00:00:00'),(424,'エテボース',4,1,NULL,75,100,66,60,66,115,482,'0','2019-07-10 00:00:00','2019-07-10 00:00:00'),(425,'フワンテ',4,14,12,90,50,34,60,44,70,348,'0','2019-07-10 00:00:00','2019-07-10 00:00:00'),(426,'フワライド',4,14,12,150,80,44,90,54,80,498,'0','2019-07-10 00:00:00','2019-07-10 00:00:00'),(427,'ミミロル',4,1,NULL,55,66,44,44,56,85,350,'0','2019-07-10 00:00:00','2019-07-10 00:00:00'),(428,'ミミロップ',4,1,NULL,65,76,84,54,96,105,480,'0','2019-07-10 00:00:00','2019-07-10 00:00:00'),(429,'ムウマージ',4,14,NULL,60,60,60,105,105,105,495,'0','2019-07-10 00:00:00','2019-07-10 00:00:00'),(430,'ドンカラス',4,16,12,100,125,52,105,52,71,505,'0','2019-07-10 00:00:00','2019-07-10 00:00:00'),(431,'ニャルマー',4,1,NULL,49,55,42,42,37,85,310,'0','2019-07-10 00:00:00','2019-07-10 00:00:00'),(432,'ブニャット',4,1,NULL,71,82,64,64,59,112,452,'0','2019-07-10 00:00:00','2019-07-10 00:00:00'),(433,'リーシャン',4,10,NULL,45,30,50,65,50,45,285,'0','2019-07-10 00:00:00','2019-07-10 00:00:00'),(434,'スカンプー',4,9,16,63,63,47,41,41,74,329,'0','2019-07-10 00:00:00','2019-07-10 00:00:00'),(435,'スカタンク',4,9,16,103,93,67,71,61,84,479,'0','2019-07-10 00:00:00','2019-07-10 00:00:00'),(436,'ドーミラー',4,17,10,57,24,86,24,86,23,300,'0','2019-07-10 00:00:00','2019-07-10 00:00:00'),(437,'ドータクン',4,17,10,67,89,116,79,116,33,500,'0','2019-07-10 00:00:00','2019-07-10 00:00:00'),(438,'ウソハチ',4,6,NULL,50,80,95,10,45,10,290,'0','2019-07-10 00:00:00','2019-07-10 00:00:00'),(439,'マネネ',4,10,18,20,25,45,70,90,60,310,'0','2019-07-10 00:00:00','2019-07-10 00:00:00'),(440,'ピンプク',4,1,NULL,100,5,5,15,65,30,220,'0','2019-07-10 00:00:00','2019-07-10 00:00:00'),(441,'ペラップ',4,1,12,76,65,45,92,42,91,411,'0','2019-07-10 00:00:00','2019-07-10 00:00:00'),(442,'ミカルゲ',4,14,16,50,92,108,92,108,35,485,'0','2019-07-10 00:00:00','2019-07-10 00:00:00'),(443,'フカマル',4,15,7,58,70,45,40,45,42,300,'0','2019-07-10 00:00:00','2019-07-10 00:00:00'),(444,'ガバイト',4,15,7,68,90,65,50,55,82,410,'0','2019-07-10 00:00:00','2019-07-10 00:00:00'),(445,'ガブリアス',4,15,7,108,130,95,80,85,102,600,'0','2019-07-10 00:00:00','2019-07-10 00:00:00'),(446,'ゴンベ',4,1,NULL,135,85,40,40,85,5,390,'0','2019-07-10 00:00:00','2019-07-10 00:00:00'),(447,'リオル',4,11,NULL,40,70,40,35,40,60,285,'0','2019-07-10 00:00:00','2019-07-10 00:00:00'),(448,'ルカリオ',4,11,17,70,110,70,115,70,90,525,'0','2019-07-10 00:00:00','2019-07-10 00:00:00'),(449,'ヒポポタス',4,7,NULL,68,72,78,38,42,32,330,'0','2019-07-10 00:00:00','2019-07-10 00:00:00'),(450,'カバルドン',4,7,NULL,108,112,118,68,72,47,525,'0','2019-07-10 00:00:00','2019-07-10 00:00:00'),(451,'スコルピ',4,9,13,40,50,90,30,55,65,330,'0','2019-07-10 00:00:00','2019-07-10 00:00:00'),(452,'ドラピオン',4,9,16,70,90,110,60,75,95,500,'0','2019-07-10 00:00:00','2019-07-10 00:00:00'),(453,'グレッグル',4,9,11,48,61,40,61,40,50,300,'0','2019-07-10 00:00:00','2019-07-10 00:00:00'),(454,'ドクロッグ',4,9,11,83,106,65,86,65,85,490,'0','2019-07-10 00:00:00','2019-07-10 00:00:00'),(455,'マスキッパ',4,4,NULL,74,100,72,90,72,46,454,'0','2019-07-10 00:00:00','2019-07-10 00:00:00'),(456,'ケイコウオ',4,3,NULL,49,49,56,49,61,66,330,'0','2019-07-10 00:00:00','2019-07-10 00:00:00'),(457,'ネオラント',4,3,NULL,69,69,76,69,86,91,460,'0','2019-07-10 00:00:00','2019-07-10 00:00:00'),(458,'タマンタ',4,3,12,45,20,50,60,120,50,345,'0','2019-07-10 00:00:00','2019-07-10 00:00:00'),(459,'ユキカブリ',4,4,8,60,62,50,62,60,40,334,'0','2019-07-10 00:00:00','2019-07-10 00:00:00'),(460,'ユキノオー',4,4,8,90,92,75,92,85,60,494,'0','2019-07-10 00:00:00','2019-07-10 00:00:00'),(461,'マニューラ',4,16,8,70,120,65,45,85,125,510,'0','2019-07-10 00:00:00','2019-07-10 00:00:00'),(462,'ジバコイル',4,5,17,70,70,115,130,90,60,535,'0','2019-07-10 00:00:00','2019-07-10 00:00:00'),(463,'ベロベルト',4,1,NULL,110,85,95,80,95,50,515,'0','2019-07-10 00:00:00','2019-07-10 00:00:00'),(464,'ドサイドン',4,7,6,115,140,130,55,55,40,535,'0','2019-07-10 00:00:00','2019-07-10 00:00:00'),(465,'モジャンボ',4,4,NULL,100,100,125,110,50,50,535,'0','2019-07-10 00:00:00','2019-07-10 00:00:00'),(466,'エレキブル',4,5,NULL,75,123,67,95,85,95,540,'0','2019-07-10 00:00:00','2019-07-10 00:00:00'),(467,'ブーバーン',4,2,NULL,75,95,67,125,95,83,540,'0','2019-07-10 00:00:00','2019-07-10 00:00:00'),(468,'トゲキッス',4,18,12,85,50,95,120,115,80,545,'0','2019-07-10 00:00:00','2019-07-10 00:00:00'),(469,'メガヤンマ',4,13,12,86,76,86,116,56,95,515,'0','2019-07-10 00:00:00','2019-07-10 00:00:00'),(470,'リーフィア',4,4,NULL,65,110,130,60,65,95,525,'0','2019-07-10 00:00:00','2019-07-10 00:00:00'),(471,'グレイシア',4,8,NULL,65,60,110,130,95,65,525,'0','2019-07-10 00:00:00','2019-07-10 00:00:00'),(472,'グライオン',4,7,12,75,95,125,45,75,95,510,'0','2019-07-10 00:00:00','2019-07-10 00:00:00'),(473,'マンムー',4,8,7,110,130,80,70,60,80,530,'0','2019-07-10 00:00:00','2019-07-10 00:00:00'),(474,'ポリゴンZ',4,1,NULL,85,80,70,135,75,90,535,'0','2019-07-10 00:00:00','2019-07-10 00:00:00'),(475,'エルレイド',4,10,11,68,125,65,65,115,80,518,'0','2019-07-10 00:00:00','2019-07-10 00:00:00'),(476,'ダイノーズ',4,6,17,60,55,145,75,150,40,525,'0','2019-07-10 00:00:00','2019-07-10 00:00:00'),(477,'ヨノワール',4,14,NULL,45,100,135,65,135,45,525,'0','2019-07-10 00:00:00','2019-07-10 00:00:00'),(478,'ユキメノコ',4,8,14,70,80,70,80,70,110,480,'0','2019-07-10 00:00:00','2019-07-10 00:00:00'),(479,'ロトム',4,5,14,50,50,77,95,77,91,440,'0','2019-07-10 00:00:00','2019-07-10 00:00:00'),(480,'ユクシー',4,10,NULL,75,75,130,75,130,95,580,'0','2019-07-10 00:00:00','2019-07-10 00:00:00'),(481,'エムリット',4,10,NULL,80,105,105,105,105,80,580,'0','2019-07-10 00:00:00','2019-07-10 00:00:00'),(482,'アグノム',4,10,NULL,75,125,70,125,70,115,580,'0','2019-07-10 00:00:00','2019-07-10 00:00:00'),(483,'ディアルガ',4,17,15,100,120,120,150,100,90,680,'0','2019-07-10 00:00:00','2019-07-10 00:00:00'),(484,'パルキア',4,3,15,90,120,100,150,120,100,680,'0','2019-07-10 00:00:00','2019-07-10 00:00:00'),(485,'ヒードラン',4,2,17,91,90,106,130,106,77,600,'0','2019-07-10 00:00:00','2019-07-10 00:00:00'),(486,'レジギガス',4,1,NULL,110,160,110,80,110,100,670,'0','2019-07-10 00:00:00','2019-07-10 00:00:00'),(487,'ギラティナ',4,14,15,150,100,120,100,120,90,680,'0','2019-07-10 00:00:00','2019-07-10 00:00:00'),(488,'クレセリア',4,10,NULL,120,70,120,75,130,85,600,'0','2019-07-10 00:00:00','2019-07-10 00:00:00'),(489,'フィオネ',4,3,NULL,80,80,80,80,80,80,480,'0','2019-07-10 00:00:00','2019-07-10 00:00:00'),(490,'マナフィ',4,3,NULL,100,100,100,100,100,100,600,'0','2019-07-10 00:00:00','2019-07-10 00:00:00'),(491,'ダークライ',4,16,NULL,70,90,90,135,90,125,600,'0','2019-07-10 00:00:00','2019-07-10 00:00:00'),(492,'シェイミ',4,4,12,100,103,75,120,75,127,600,'0','2019-07-10 00:00:00','2019-07-10 00:00:00'),(493,'アルセウス',4,1,NULL,120,120,120,120,120,120,720,'0','2019-07-10 00:00:00','2019-07-10 00:00:00'),(494,'ビクティニ',5,10,2,100,100,100,100,100,100,600,'0','2019-07-10 00:00:00','2019-07-10 00:00:00'),(495,'ツタージャ',5,4,NULL,45,45,55,45,55,63,308,'0','2019-07-10 00:00:00','2019-07-10 00:00:00'),(496,'ジャノビー',5,4,NULL,60,60,75,60,75,83,413,'0','2019-07-10 00:00:00','2019-07-10 00:00:00'),(497,'ジャローダ',5,4,NULL,75,75,95,75,95,113,528,'0','2019-07-10 00:00:00','2019-07-10 00:00:00'),(498,'ポカブ',5,2,NULL,65,63,45,45,45,45,308,'0','2019-07-10 00:00:00','2019-07-10 00:00:00'),(499,'チャオブー',5,2,11,90,93,55,70,55,55,418,'0','2019-07-10 00:00:00','2019-07-10 00:00:00'),(500,'エンブオー',5,2,11,110,123,65,100,65,65,528,'0','2019-07-10 00:00:00','2019-07-10 00:00:00'),(501,'ミジュマル',5,3,NULL,55,55,45,63,45,45,308,'0','2019-07-10 00:00:00','2019-07-10 00:00:00'),(502,'フタチマル',5,3,NULL,75,75,60,83,60,60,413,'0','2019-07-10 00:00:00','2019-07-10 00:00:00'),(503,'ダイケンキ',5,3,NULL,95,100,85,108,70,70,528,'0','2019-07-10 00:00:00','2019-07-10 00:00:00'),(504,'ミネズミ',5,1,NULL,45,55,39,35,39,42,255,'0','2019-07-10 00:00:00','2019-07-10 00:00:00'),(505,'ミルホッグ',5,1,NULL,60,85,69,60,69,77,420,'0','2019-07-10 00:00:00','2019-07-10 00:00:00'),(506,'ヨーテリー',5,1,NULL,45,60,45,25,45,55,275,'0','2019-07-10 00:00:00','2019-07-10 00:00:00'),(507,'ハーデリア',5,1,NULL,65,80,65,35,65,60,370,'0','2019-07-10 00:00:00','2019-07-10 00:00:00'),(508,'ムーランド',5,1,NULL,85,110,90,45,90,80,500,'0','2019-07-10 00:00:00','2019-07-10 00:00:00'),(509,'チョロネコ',5,16,NULL,41,50,37,50,37,66,281,'0','2019-07-10 00:00:00','2019-07-10 00:00:00'),(510,'レパルダス',5,16,NULL,64,88,50,88,50,106,446,'0','2019-07-10 00:00:00','2019-07-10 00:00:00'),(511,'ヤナップ',5,4,NULL,50,53,48,53,48,64,316,'0','2019-07-10 00:00:00','2019-07-10 00:00:00'),(512,'ヤナッキー',5,4,NULL,75,98,63,98,63,101,498,'0','2019-07-10 00:00:00','2019-07-10 00:00:00'),(513,'バオップ',5,2,NULL,50,53,48,53,48,64,316,'0','2019-07-10 00:00:00','2019-07-10 00:00:00'),(514,'バオッキー',5,2,NULL,75,98,63,98,63,101,498,'0','2019-07-10 00:00:00','2019-07-10 00:00:00'),(515,'ヒヤップ',5,3,NULL,50,53,48,53,48,64,316,'0','2019-07-10 00:00:00','2019-07-10 00:00:00'),(516,'ヒヤッキー',5,3,NULL,75,98,63,98,63,101,498,'0','2019-07-10 00:00:00','2019-07-10 00:00:00'),(517,'ムンナ',5,10,NULL,76,25,45,67,55,24,292,'0','2019-07-10 00:00:00','2019-07-10 00:00:00'),(518,'ムシャーナ',5,10,NULL,116,55,85,107,95,29,487,'0','2019-07-10 00:00:00','2019-07-10 00:00:00'),(519,'マメパト',5,1,12,50,55,50,36,30,43,264,'0','2019-07-10 00:00:00','2019-07-10 00:00:00'),(520,'ハトーボー',5,1,12,62,77,62,50,42,65,358,'0','2019-07-10 00:00:00','2019-07-10 00:00:00'),(521,'ケンホロウ',5,1,12,80,115,80,65,55,93,488,'0','2019-07-10 00:00:00','2019-07-10 00:00:00'),(522,'シママ',5,5,NULL,45,60,32,50,32,76,295,'0','2019-07-10 00:00:00','2019-07-10 00:00:00'),(523,'ゼブライカ',5,5,NULL,75,100,63,80,63,116,497,'0','2019-07-10 00:00:00','2019-07-10 00:00:00'),(524,'ダンゴロ',5,6,NULL,55,75,85,25,25,15,280,'0','2019-07-10 00:00:00','2019-07-10 00:00:00'),(525,'ガントル',5,6,NULL,70,105,105,50,40,20,390,'0','2019-07-10 00:00:00','2019-07-10 00:00:00'),(526,'ギガイアス',5,6,NULL,85,135,130,60,80,25,515,'0','2019-07-10 00:00:00','2019-07-10 00:00:00'),(527,'コロモリ',5,10,12,65,45,43,55,43,72,323,'0','2019-07-10 00:00:00','2019-07-10 00:00:00'),(528,'ココロモリ',5,10,12,67,57,55,77,55,114,425,'0','2019-07-10 00:00:00','2019-07-10 00:00:00'),(529,'モグリュー',5,7,NULL,60,85,40,30,45,68,328,'0','2019-07-10 00:00:00','2019-07-10 00:00:00'),(530,'ドリュウズ',5,7,17,110,135,60,50,65,88,508,'0','2019-07-10 00:00:00','2019-07-10 00:00:00'),(531,'タブンネ',5,1,NULL,103,60,86,60,86,50,445,'0','2019-07-10 00:00:00','2019-07-10 00:00:00'),(532,'ドッコラー',5,11,NULL,75,80,55,25,35,35,305,'0','2019-07-10 00:00:00','2019-07-10 00:00:00'),(533,'ドテッコツ',5,11,NULL,85,105,85,40,50,40,405,'0','2019-07-10 00:00:00','2019-07-10 00:00:00'),(534,'ローブシン',5,11,NULL,105,140,95,55,65,45,505,'0','2019-07-10 00:00:00','2019-07-10 00:00:00'),(535,'オタマロ',5,3,NULL,50,50,40,50,40,64,294,'0','2019-07-10 00:00:00','2019-07-10 00:00:00'),(536,'ガマガル',5,3,7,75,65,55,65,55,69,384,'0','2019-07-10 00:00:00','2019-07-10 00:00:00'),(537,'ガマゲロゲ',5,3,7,105,95,75,85,75,74,509,'0','2019-07-10 00:00:00','2019-07-10 00:00:00'),(538,'ナゲキ',5,11,NULL,120,100,85,30,85,45,465,'0','2019-07-10 00:00:00','2019-07-10 00:00:00'),(539,'ダゲキ',5,11,NULL,75,125,75,30,75,85,465,'0','2019-07-10 00:00:00','2019-07-10 00:00:00'),(540,'クルミル',5,13,4,45,53,70,40,60,42,310,'0','2019-07-10 00:00:00','2019-07-10 00:00:00'),(541,'クルマユ',5,13,4,55,63,90,50,80,42,380,'0','2019-07-10 00:00:00','2019-07-10 00:00:00'),(542,'ハハコモリ',5,13,4,75,103,80,70,80,92,500,'0','2019-07-10 00:00:00','2019-07-10 00:00:00'),(543,'フシデ',5,13,9,30,45,59,30,39,57,260,'0','2019-07-10 00:00:00','2019-07-10 00:00:00'),(544,'ホイーガ',5,13,9,40,55,99,40,79,47,360,'0','2019-07-10 00:00:00','2019-07-10 00:00:00'),(545,'ペンドラー',5,13,9,60,100,89,55,69,112,485,'0','2019-07-10 00:00:00','2019-07-10 00:00:00'),(546,'モンメン',5,4,18,40,27,60,37,50,66,280,'0','2019-07-10 00:00:00','2019-07-10 00:00:00'),(547,'エルフーン',5,4,18,60,67,85,77,75,116,480,'0','2019-07-10 00:00:00','2019-07-10 00:00:00'),(548,'チュリネ',5,4,NULL,45,35,50,70,50,30,280,'0','2019-07-10 00:00:00','2019-07-10 00:00:00'),(549,'ドレディア',5,4,NULL,70,60,75,110,75,90,480,'0','2019-07-10 00:00:00','2019-07-10 00:00:00'),(550,'バスラオ',5,3,NULL,70,92,65,80,55,98,460,'0','2019-07-10 00:00:00','2019-07-10 00:00:00'),(551,'メグロコ',5,7,16,50,72,35,35,35,65,292,'0','2019-07-10 00:00:00','2019-07-10 00:00:00'),(552,'ワルビル',5,7,16,60,82,45,45,45,74,351,'0','2019-07-10 00:00:00','2019-07-10 00:00:00'),(553,'ワルビアル',5,7,16,95,117,80,65,70,92,519,'0','2019-07-10 00:00:00','2019-07-10 00:00:00'),(554,'ダルマッカ',5,2,NULL,70,90,45,15,45,50,315,'0','2019-07-10 00:00:00','2019-07-10 00:00:00'),(555,'ヒヒダルマ',5,2,NULL,105,140,55,30,55,95,480,'0','2019-07-10 00:00:00','2019-07-10 00:00:00'),(556,'マラカッチ',5,4,NULL,75,86,67,106,67,60,461,'0','2019-07-10 00:00:00','2019-07-10 00:00:00'),(557,'イシズマイ',5,13,6,50,65,85,35,35,55,325,'0','2019-07-10 00:00:00','2019-07-10 00:00:00'),(558,'イワパレス',5,13,6,70,105,125,65,75,45,485,'0','2019-07-10 00:00:00','2019-07-10 00:00:00'),(559,'ズルッグ',5,16,11,50,75,70,35,70,48,348,'0','2019-07-10 00:00:00','2019-07-10 00:00:00'),(560,'ズルズキン',5,16,11,65,90,115,45,115,58,488,'0','2019-07-10 00:00:00','2019-07-10 00:00:00'),(561,'シンボラー',5,10,12,72,58,80,103,80,97,490,'0','2019-07-10 00:00:00','2019-07-10 00:00:00'),(562,'デスマス',5,14,NULL,38,30,85,55,65,30,303,'0','2019-07-10 00:00:00','2019-07-10 00:00:00'),(563,'デスカーン',5,14,NULL,58,50,145,95,105,30,483,'0','2019-07-10 00:00:00','2019-07-10 00:00:00'),(564,'プロトーガ',5,3,6,54,78,103,53,45,22,355,'0','2019-07-10 00:00:00','2019-07-10 00:00:00'),(565,'アバゴーラ',5,3,6,74,108,133,83,65,32,495,'0','2019-07-10 00:00:00','2019-07-10 00:00:00'),(566,'アーケン',5,6,12,55,112,45,74,45,70,401,'0','2019-07-10 00:00:00','2019-07-10 00:00:00'),(567,'アーケオス',5,6,12,75,140,65,112,65,110,567,'0','2019-07-10 00:00:00','2019-07-10 00:00:00'),(568,'ヤブクロン',5,9,NULL,50,50,62,40,62,65,329,'0','2019-07-10 00:00:00','2019-07-10 00:00:00'),(569,'ダストダス',5,9,NULL,80,95,82,60,82,75,474,'0','2019-07-10 00:00:00','2019-07-10 00:00:00'),(570,'ゾロア',5,16,NULL,40,65,40,80,40,65,330,'0','2019-07-10 00:00:00','2019-07-10 00:00:00'),(571,'ゾロアーク',5,16,NULL,60,105,60,120,60,105,510,'0','2019-07-10 00:00:00','2019-07-10 00:00:00'),(572,'チラーミィ',5,1,NULL,55,50,40,40,40,75,300,'0','2019-07-10 00:00:00','2019-07-10 00:00:00'),(573,'チラチーノ',5,1,NULL,75,95,60,65,60,115,470,'0','2019-07-10 00:00:00','2019-07-10 00:00:00'),(574,'ゴチム',5,10,NULL,45,30,50,55,65,45,290,'0','2019-07-10 00:00:00','2019-07-10 00:00:00'),(575,'ゴチミル',5,10,NULL,60,45,70,75,85,55,390,'0','2019-07-10 00:00:00','2019-07-10 00:00:00'),(576,'ゴチルゼル',5,10,NULL,70,55,95,95,110,65,490,'0','2019-07-10 00:00:00','2019-07-10 00:00:00'),(577,'ユニラン',5,10,NULL,45,30,40,105,50,20,290,'0','2019-07-10 00:00:00','2019-07-10 00:00:00'),(578,'ダブラン',5,10,NULL,65,40,50,125,60,30,370,'0','2019-07-10 00:00:00','2019-07-10 00:00:00'),(579,'ランクルス',5,10,NULL,110,65,75,125,85,30,490,'0','2019-07-10 00:00:00','2019-07-10 00:00:00'),(580,'コアルヒー',5,3,12,62,44,50,44,50,55,305,'0','2019-07-10 00:00:00','2019-07-10 00:00:00'),(581,'スワンナ',5,3,12,75,87,63,87,63,98,473,'0','2019-07-10 00:00:00','2019-07-10 00:00:00'),(582,'バニプッチ',5,8,NULL,36,50,50,65,60,44,305,'0','2019-07-10 00:00:00','2019-07-10 00:00:00'),(583,'バニリッチ',5,8,NULL,51,65,65,80,75,59,395,'0','2019-07-10 00:00:00','2019-07-10 00:00:00'),(584,'バイバニラ',5,8,NULL,71,95,85,110,95,79,535,'0','2019-07-10 00:00:00','2019-07-10 00:00:00'),(585,'シキジカ',5,1,4,60,60,50,40,50,75,335,'0','2019-07-10 00:00:00','2019-07-10 00:00:00'),(586,'メブキジカ',5,1,4,80,100,70,60,70,95,475,'0','2019-07-10 00:00:00','2019-07-10 00:00:00'),(587,'エモンガ',5,5,12,55,75,60,75,60,103,428,'0','2019-07-10 00:00:00','2019-07-10 00:00:00'),(588,'カブルモ',5,13,NULL,50,75,45,40,45,60,315,'0','2019-07-10 00:00:00','2019-07-10 00:00:00'),(589,'シュバルゴ',5,13,17,70,135,105,60,105,20,495,'0','2019-07-10 00:00:00','2019-07-10 00:00:00'),(590,'タマゲタケ',5,4,9,69,55,45,55,55,15,294,'0','2019-07-10 00:00:00','2019-07-10 00:00:00'),(591,'モロバレル',5,4,9,114,85,70,85,80,30,464,'0','2019-07-10 00:00:00','2019-07-10 00:00:00'),(592,'プルリル',5,3,14,55,40,50,65,85,40,335,'0','2019-07-10 00:00:00','2019-07-10 00:00:00'),(593,'ブルンゲル',5,3,14,100,60,70,85,105,60,480,'0','2019-07-10 00:00:00','2019-07-10 00:00:00'),(594,'ママンボウ',5,3,NULL,165,75,80,40,45,65,470,'0','2019-07-10 00:00:00','2019-07-10 00:00:00'),(595,'バチュル',5,13,5,50,47,50,57,50,65,319,'0','2019-07-10 00:00:00','2019-07-10 00:00:00'),(596,'デンチュラ',5,13,5,70,77,60,97,60,108,472,'0','2019-07-10 00:00:00','2019-07-10 00:00:00'),(597,'テッシード',5,4,17,44,50,91,24,86,10,305,'0','2019-07-10 00:00:00','2019-07-10 00:00:00'),(598,'ナットレイ',5,4,17,74,94,131,54,116,20,489,'0','2019-07-10 00:00:00','2019-07-10 00:00:00'),(599,'ギアル',5,17,NULL,40,55,70,45,60,30,300,'0','2019-07-10 00:00:00','2019-07-10 00:00:00'),(600,'ギギアル',5,17,NULL,60,80,95,70,85,50,440,'0','2019-07-10 00:00:00','2019-07-10 00:00:00'),(601,'ギギギアル',5,17,NULL,60,100,115,70,85,90,520,'0','2019-07-10 00:00:00','2019-07-10 00:00:00'),(602,'シビシラス',5,5,NULL,35,55,40,45,40,60,275,'0','2019-07-10 00:00:00','2019-07-10 00:00:00'),(603,'シビビール',5,5,NULL,65,85,70,75,70,40,405,'0','2019-07-10 00:00:00','2019-07-10 00:00:00'),(604,'シビルドン',5,5,NULL,85,115,80,105,80,50,515,'0','2019-07-10 00:00:00','2019-07-10 00:00:00'),(605,'リグレー',5,10,NULL,55,55,55,85,55,30,335,'0','2019-07-10 00:00:00','2019-07-10 00:00:00'),(606,'オーベム',5,10,NULL,75,75,75,125,95,40,485,'0','2019-07-10 00:00:00','2019-07-10 00:00:00'),(607,'ヒトモシ',5,14,2,50,30,55,65,55,20,275,'0','2019-07-10 00:00:00','2019-07-10 00:00:00'),(608,'ランプラー',5,14,2,60,40,60,95,60,55,370,'0','2019-07-10 00:00:00','2019-07-10 00:00:00'),(609,'シャンデラ',5,14,2,60,55,90,145,90,80,520,'0','2019-07-10 00:00:00','2019-07-10 00:00:00'),(610,'キバゴ',5,15,NULL,46,87,60,30,40,57,320,'0','2019-07-10 00:00:00','2019-07-10 00:00:00'),(611,'オノンド',5,15,NULL,66,117,70,40,50,67,410,'0','2019-07-10 00:00:00','2019-07-10 00:00:00'),(612,'オノノクス',5,15,NULL,76,147,90,60,70,97,540,'0','2019-07-10 00:00:00','2019-07-10 00:00:00'),(613,'クマシュン',5,8,NULL,55,70,40,60,40,40,305,'0','2019-07-10 00:00:00','2019-07-10 00:00:00'),(614,'ツンベアー',5,8,NULL,95,130,80,70,80,50,505,'0','2019-07-10 00:00:00','2019-07-10 00:00:00'),(615,'フリージオ',5,8,NULL,80,50,50,95,135,105,515,'0','2019-07-10 00:00:00','2019-07-10 00:00:00'),(616,'チョボマキ',5,13,NULL,50,40,85,40,65,25,305,'0','2019-07-10 00:00:00','2019-07-10 00:00:00'),(617,'アギルダー',5,13,NULL,80,70,40,100,60,145,495,'0','2019-07-10 00:00:00','2019-07-10 00:00:00'),(618,'マッギョ',5,5,7,109,66,84,81,99,32,471,'0','2019-07-10 00:00:00','2019-07-10 00:00:00'),(619,'コジョフー',5,11,NULL,45,85,50,55,50,65,350,'0','2019-07-10 00:00:00','2019-07-10 00:00:00'),(620,'コジョンド',5,11,NULL,65,125,60,95,60,105,510,'0','2019-07-10 00:00:00','2019-07-10 00:00:00'),(621,'クリムガン',5,15,NULL,77,120,90,60,90,48,485,'0','2019-07-10 00:00:00','2019-07-10 00:00:00'),(622,'ゴビット',5,7,14,59,74,50,35,50,35,303,'0','2019-07-10 00:00:00','2019-07-10 00:00:00'),(623,'ゴルーグ',5,7,14,89,124,80,55,80,55,483,'0','2019-07-10 00:00:00','2019-07-10 00:00:00'),(624,'コマタナ',5,16,17,45,85,70,40,40,60,340,'0','2019-07-10 00:00:00','2019-07-10 00:00:00'),(625,'キリキザン',5,16,17,65,125,100,60,70,70,490,'0','2019-07-10 00:00:00','2019-07-10 00:00:00'),(626,'バッフロン',5,1,NULL,95,110,95,40,95,55,490,'0','2019-07-10 00:00:00','2019-07-10 00:00:00'),(627,'ワシボン',5,1,12,70,83,50,37,50,60,350,'0','2019-07-10 00:00:00','2019-07-10 00:00:00'),(628,'ウォーグル',5,1,12,100,123,75,57,75,80,510,'0','2019-07-10 00:00:00','2019-07-10 00:00:00'),(629,'バルチャイ',5,16,12,70,55,75,45,65,60,370,'0','2019-07-10 00:00:00','2019-07-10 00:00:00'),(630,'バルジーナ',5,16,12,110,65,105,55,95,80,510,'0','2019-07-10 00:00:00','2019-07-10 00:00:00'),(631,'クイタラン',5,2,NULL,85,97,66,105,66,65,484,'0','2019-07-10 00:00:00','2019-07-10 00:00:00'),(632,'アイアント',5,13,17,58,109,112,48,48,109,484,'0','2019-07-10 00:00:00','2019-07-10 00:00:00'),(633,'モノズ',5,16,15,52,65,50,45,50,38,300,'0','2019-07-10 00:00:00','2019-07-10 00:00:00'),(634,'ジヘッド',5,16,15,72,85,70,65,70,58,420,'0','2019-07-10 00:00:00','2019-07-10 00:00:00'),(635,'サザンドラ',5,16,15,92,105,90,125,90,98,600,'0','2019-07-10 00:00:00','2019-07-10 00:00:00'),(636,'メラルバ',5,13,2,55,85,55,50,55,60,360,'0','2019-07-10 00:00:00','2019-07-10 00:00:00'),(637,'ウルガモス',5,13,2,85,60,65,135,105,100,550,'0','2019-07-10 00:00:00','2019-07-10 00:00:00'),(638,'コバルオン',5,17,11,91,90,129,90,72,108,580,'0','2019-07-10 00:00:00','2019-07-10 00:00:00'),(639,'テラキオン',5,6,11,91,129,90,72,90,108,580,'0','2019-07-10 00:00:00','2019-07-10 00:00:00'),(640,'ビリジオン',5,4,11,91,90,72,90,129,108,580,'0','2019-07-10 00:00:00','2019-07-10 00:00:00'),(641,'トルネロス',5,12,NULL,79,115,70,125,80,111,580,'0','2019-07-10 00:00:00','2019-07-10 00:00:00'),(642,'ボルトロス',5,5,12,79,115,70,125,80,111,580,'0','2019-07-10 00:00:00','2019-07-10 00:00:00'),(643,'レシラム',5,15,2,100,120,100,150,120,90,680,'0','2019-07-10 00:00:00','2019-07-10 00:00:00'),(644,'ゼクロム',5,15,5,100,150,120,120,100,90,680,'0','2019-07-10 00:00:00','2019-07-10 00:00:00'),(645,'ランドロス',5,7,12,89,125,90,115,80,101,600,'0','2019-07-10 00:00:00','2019-07-10 00:00:00'),(646,'キュレム',5,15,8,125,130,90,130,90,95,660,'0','2019-07-10 00:00:00','2019-07-10 00:00:00'),(647,'ケルディオ',5,3,11,91,72,90,129,90,108,580,'0','2019-07-10 00:00:00','2019-07-10 00:00:00'),(648,'メロエッタ',5,1,11,100,128,90,77,77,128,600,'0','2019-07-10 00:00:00','2019-07-10 00:00:00'),(649,'ゲノセクト',5,13,17,71,120,95,120,95,99,600,'0','2019-07-10 00:00:00','2019-07-10 00:00:00'),(650,'ハリマロン',6,4,NULL,56,61,65,48,45,38,313,'0','2019-07-10 00:00:00','2019-07-10 00:00:00'),(651,'ハリボーグ',6,4,NULL,61,78,95,56,58,57,405,'0','2019-07-10 00:00:00','2019-07-10 00:00:00'),(652,'ブリガロン',6,4,11,88,107,122,74,75,64,530,'0','2019-07-10 00:00:00','2019-07-10 00:00:00'),(653,'フォッコ',6,2,NULL,40,45,40,62,60,60,307,'0','2019-07-10 00:00:00','2019-07-10 00:00:00'),(654,'テールナー',6,2,NULL,59,59,58,90,70,73,409,'0','2019-07-10 00:00:00','2019-07-10 00:00:00'),(655,'マフォクシー',6,2,10,75,69,72,114,100,104,534,'0','2019-07-10 00:00:00','2019-07-10 00:00:00'),(656,'ケロマツ',6,3,NULL,41,56,40,62,44,71,314,'0','2019-07-10 00:00:00','2019-07-10 00:00:00'),(657,'ゲコガシラ',6,3,NULL,54,63,52,83,56,97,405,'0','2019-07-10 00:00:00','2019-07-10 00:00:00'),(658,'ゲッコウガ',6,3,16,72,95,67,103,71,122,530,'0','2019-07-10 00:00:00','2019-07-10 00:00:00'),(659,'ホルビー',6,1,NULL,38,36,38,32,36,57,237,'0','2019-07-10 00:00:00','2019-07-10 00:00:00'),(660,'ホルード',6,1,7,85,56,77,50,77,78,423,'0','2019-07-10 00:00:00','2019-07-10 00:00:00'),(661,'ヤヤコマ',6,1,12,45,50,43,40,38,62,278,'0','2019-07-10 00:00:00','2019-07-10 00:00:00'),(662,'ヒノヤコマ',6,2,12,62,73,55,56,52,84,382,'0','2019-07-10 00:00:00','2019-07-10 00:00:00'),(663,'ファイアロー',6,2,12,78,81,71,74,69,126,499,'0','2019-07-10 00:00:00','2019-07-10 00:00:00'),(664,'コフキムシ',6,13,NULL,38,35,40,27,25,35,200,'0','2019-07-10 00:00:00','2019-07-10 00:00:00'),(665,'コフーライ',6,13,NULL,45,22,60,27,30,29,213,'0','2019-07-10 00:00:00','2019-07-10 00:00:00'),(666,'ビビヨン',6,13,12,80,52,50,90,50,89,411,'0','2019-07-10 00:00:00','2019-07-10 00:00:00'),(667,'シシコ',6,2,1,62,50,58,73,54,72,369,'0','2019-07-10 00:00:00','2019-07-10 00:00:00'),(668,'カエンジシ',6,2,1,86,68,72,109,66,106,507,'0','2019-07-10 00:00:00','2019-07-10 00:00:00'),(669,'フラベベ',6,18,NULL,44,38,39,61,79,42,303,'0','2019-07-10 00:00:00','2019-07-10 00:00:00'),(670,'フラエッテ',6,18,NULL,54,45,47,75,98,52,371,'0','2019-07-10 00:00:00','2019-07-10 00:00:00'),(671,'フラージェス',6,18,NULL,78,65,68,112,154,75,552,'0','2019-07-10 00:00:00','2019-07-10 00:00:00'),(672,'メェークル',6,4,NULL,66,65,48,62,57,52,350,'0','2019-07-10 00:00:00','2019-07-10 00:00:00'),(673,'ゴーゴート',6,4,NULL,123,100,62,97,81,68,531,'0','2019-07-10 00:00:00','2019-07-10 00:00:00'),(674,'ヤンチャム',6,11,NULL,67,82,62,46,48,43,348,'0','2019-07-10 00:00:00','2019-07-10 00:00:00'),(675,'ゴロンダ',6,11,16,95,124,78,69,71,58,495,'0','2019-07-10 00:00:00','2019-07-10 00:00:00'),(676,'トリミアン',6,1,NULL,75,80,60,65,90,102,472,'0','2019-07-10 00:00:00','2019-07-10 00:00:00'),(677,'ニャスパー',6,10,NULL,62,48,54,63,60,68,355,'0','2019-07-10 00:00:00','2019-07-10 00:00:00'),(678,'ニャオニクス',6,10,NULL,74,48,76,83,81,104,466,'0','2019-07-10 00:00:00','2019-07-10 00:00:00'),(679,'ヒトツキ',6,17,14,45,80,100,35,37,28,325,'0','2019-07-10 00:00:00','2019-07-10 00:00:00'),(680,'ニダンギル',6,17,14,59,110,150,45,49,35,448,'0','2019-07-10 00:00:00','2019-07-10 00:00:00'),(681,'ギルガルド',6,17,14,60,50,150,50,150,60,520,'0','2019-07-10 00:00:00','2019-07-10 00:00:00'),(682,'シュシュプ',6,18,NULL,78,52,60,63,65,23,341,'0','2019-07-10 00:00:00','2019-07-10 00:00:00'),(683,'フレフワン',6,18,NULL,101,72,72,99,89,29,462,'0','2019-07-10 00:00:00','2019-07-10 00:00:00'),(684,'ペロッパフ',6,18,NULL,62,48,66,59,57,49,341,'0','2019-07-10 00:00:00','2019-07-10 00:00:00'),(685,'ペロリーム',6,18,NULL,82,80,86,85,75,72,480,'0','2019-07-10 00:00:00','2019-07-10 00:00:00'),(686,'マーイーカ',6,16,10,53,54,53,37,46,45,288,'0','2019-07-10 00:00:00','2019-07-10 00:00:00'),(687,'カラマネロ',6,16,10,86,92,88,68,75,73,482,'0','2019-07-10 00:00:00','2019-07-10 00:00:00'),(688,'カメテテ',6,6,3,42,52,67,39,56,50,306,'0','2019-07-10 00:00:00','2019-07-10 00:00:00'),(689,'ガメノデス',6,6,3,72,105,115,54,86,68,500,'0','2019-07-10 00:00:00','2019-07-10 00:00:00'),(690,'クズモー',6,9,3,50,60,60,60,60,30,320,'0','2019-07-10 00:00:00','2019-07-10 00:00:00'),(691,'ドラミドロ',6,9,15,65,75,90,97,123,44,494,'0','2019-07-10 00:00:00','2019-07-10 00:00:00'),(692,'ウデッポウ',6,3,NULL,50,53,62,58,63,44,330,'0','2019-07-10 00:00:00','2019-07-10 00:00:00'),(693,'ブロスター',6,3,NULL,71,73,88,120,89,59,500,'0','2019-07-10 00:00:00','2019-07-10 00:00:00'),(694,'エリキテル',6,5,1,44,38,33,61,43,70,289,'0','2019-07-10 00:00:00','2019-07-10 00:00:00'),(695,'エレザード',6,5,1,62,55,52,109,94,109,481,'0','2019-07-10 00:00:00','2019-07-10 00:00:00'),(696,'チゴラス',6,6,15,58,89,77,45,45,48,362,'0','2019-07-10 00:00:00','2019-07-10 00:00:00'),(697,'ガチゴラス',6,6,15,82,121,119,69,59,71,521,'0','2019-07-10 00:00:00','2019-07-10 00:00:00'),(698,'アマルス',6,6,8,77,59,50,67,63,46,362,'0','2019-07-10 00:00:00','2019-07-10 00:00:00'),(699,'アマルルガ',6,6,8,123,77,72,99,92,58,521,'0','2019-07-10 00:00:00','2019-07-10 00:00:00'),(700,'ニンフィア',6,18,NULL,95,65,65,110,130,60,525,'0','2019-07-10 00:00:00','2019-07-10 00:00:00'),(701,'ルチャブル',6,11,12,78,92,75,74,63,118,500,'0','2019-07-10 00:00:00','2019-07-10 00:00:00'),(702,'デデンネ',6,5,18,67,58,57,81,67,101,431,'0','2019-07-10 00:00:00','2019-07-10 00:00:00'),(703,'メレシー',6,6,18,50,50,150,50,150,50,500,'0','2019-07-10 00:00:00','2019-07-10 00:00:00'),(704,'ヌメラ',6,15,NULL,45,50,35,55,75,40,300,'0','2019-07-10 00:00:00','2019-07-10 00:00:00'),(705,'ヌメイル',6,15,NULL,68,75,53,83,113,60,452,'0','2019-07-10 00:00:00','2019-07-10 00:00:00'),(706,'ヌメルゴン',6,15,NULL,90,100,70,110,150,80,600,'0','2019-07-10 00:00:00','2019-07-10 00:00:00'),(707,'クレッフィ',6,17,18,57,80,91,80,87,75,470,'0','2019-07-10 00:00:00','2019-07-10 00:00:00'),(708,'ボクレー',6,14,4,43,70,48,50,60,38,309,'0','2019-07-10 00:00:00','2019-07-10 00:00:00'),(709,'オーロット',6,14,4,85,110,76,65,82,56,474,'0','2019-07-10 00:00:00','2019-07-10 00:00:00'),(710,'バケッチャ',6,14,4,54,66,70,44,55,46,335,'0','2019-07-10 00:00:00','2019-07-10 00:00:00'),(711,'パンプジン',6,14,4,75,95,122,58,75,69,494,'0','2019-07-10 00:00:00','2019-07-10 00:00:00'),(712,'カチコール',6,8,NULL,55,69,85,32,35,28,304,'0','2019-07-10 00:00:00','2019-07-10 00:00:00'),(713,'クレベース',6,8,NULL,95,117,184,44,46,28,514,'0','2019-07-10 00:00:00','2019-07-10 00:00:00'),(714,'オンバット',6,12,15,40,30,35,45,40,55,245,'0','2019-07-10 00:00:00','2019-07-10 00:00:00'),(715,'オンバーン',6,12,15,85,70,80,97,80,123,535,'0','2019-07-10 00:00:00','2019-07-10 00:00:00'),(716,'ゼルネアス',6,18,NULL,126,131,95,131,98,99,680,'0','2019-07-10 00:00:00','2019-07-10 00:00:00'),(717,'イベルタル',6,16,12,126,131,95,131,98,99,680,'0','2019-07-10 00:00:00','2019-07-10 00:00:00'),(718,'ジガルデ',6,15,7,54,100,71,61,85,115,486,'0','2019-07-10 00:00:00','2019-07-10 00:00:00'),(719,'ディアンシー',6,6,18,50,100,150,100,150,50,600,'0','2019-07-10 00:00:00','2019-07-10 00:00:00'),(720,'フーパ',6,10,14,80,110,60,150,130,70,600,'0','2019-07-10 00:00:00','2019-07-10 00:00:00'),(721,'ボルケニオン',6,2,3,80,110,120,130,90,70,600,'0','2019-07-10 00:00:00','2019-07-10 00:00:00'),(722,'モクロー',7,4,12,68,55,55,50,50,42,320,'0','2019-07-10 00:00:00','2019-07-10 00:00:00'),(723,'フクスロー',7,4,12,78,75,75,70,70,52,420,'0','2019-07-10 00:00:00','2019-07-10 00:00:00'),(724,'ジュナイパー',7,4,14,78,107,75,100,100,70,530,'0','2019-07-10 00:00:00','2019-07-10 00:00:00'),(725,'ニャビー',7,2,NULL,45,65,40,60,40,70,320,'0','2019-07-10 00:00:00','2019-07-10 00:00:00'),(726,'ニャヒート',7,2,NULL,65,85,50,80,50,90,420,'0','2019-07-10 00:00:00','2019-07-10 00:00:00'),(727,'ガオガエン',7,2,16,95,115,90,80,90,60,530,'0','2019-07-10 00:00:00','2019-07-10 00:00:00'),(728,'アシマリ',7,3,NULL,50,54,54,66,56,40,320,'0','2019-07-10 00:00:00','2019-07-10 00:00:00'),(729,'オシャマリ',7,3,NULL,60,69,69,91,81,50,420,'0','2019-07-10 00:00:00','2019-07-10 00:00:00'),(730,'アシレーヌ',7,3,18,80,74,74,126,116,60,530,'0','2019-07-10 00:00:00','2019-07-10 00:00:00'),(731,'ツツケラ',7,1,12,35,75,30,30,30,65,265,'0','2019-07-10 00:00:00','2019-07-10 00:00:00'),(732,'ケララッパ',7,1,12,55,85,50,40,50,75,355,'0','2019-07-10 00:00:00','2019-07-10 00:00:00'),(733,'ドデカバシ',7,1,12,80,120,75,75,75,60,485,'0','2019-07-10 00:00:00','2019-07-10 00:00:00'),(734,'ヤングース',7,1,NULL,48,70,30,30,30,45,253,'0','2019-07-10 00:00:00','2019-07-10 00:00:00'),(735,'デカグース',7,1,NULL,88,110,60,55,60,45,418,'0','2019-07-10 00:00:00','2019-07-10 00:00:00'),(736,'アゴジムシ',7,13,NULL,47,62,45,55,45,46,300,'0','2019-07-10 00:00:00','2019-07-10 00:00:00'),(737,'デンヂムシ',7,13,5,57,82,95,55,75,36,400,'0','2019-07-10 00:00:00','2019-07-10 00:00:00'),(738,'クワガノン',7,13,5,77,70,90,145,75,43,500,'0','2019-07-10 00:00:00','2019-07-10 00:00:00'),(739,'マケンカニ',7,11,NULL,47,82,57,42,47,63,338,'0','2019-07-10 00:00:00','2019-07-10 00:00:00'),(740,'ケケンカニ',7,11,8,97,132,77,62,67,43,478,'0','2019-07-10 00:00:00','2019-07-10 00:00:00'),(741,'オドリドリ',7,5,12,75,70,70,98,70,93,476,'0','2019-07-10 00:00:00','2019-07-10 00:00:00'),(742,'アブリー',7,13,18,40,45,40,55,40,84,304,'0','2019-07-10 00:00:00','2019-07-10 00:00:00'),(743,'アブリボン',7,13,18,60,55,60,95,70,124,464,'0','2019-07-10 00:00:00','2019-07-10 00:00:00'),(744,'イワンコ',7,6,NULL,45,65,40,30,40,60,280,'0','2019-07-10 00:00:00','2019-07-10 00:00:00'),(745,'ルガルガン',7,6,NULL,75,117,65,55,65,110,487,'0','2019-07-10 00:00:00','2019-07-10 00:00:00'),(746,'ヨワシ',7,3,NULL,45,20,20,25,25,40,175,'0','2019-07-10 00:00:00','2019-07-10 00:00:00'),(747,'ヒドイデ',7,9,3,50,53,62,43,52,45,305,'0','2019-07-10 00:00:00','2019-07-10 00:00:00'),(748,'ドヒドイデ',7,9,3,50,63,152,53,142,35,495,'0','2019-07-10 00:00:00','2019-07-10 00:00:00'),(749,'ドロバンコ',7,7,NULL,70,100,70,45,55,45,385,'0','2019-07-10 00:00:00','2019-07-10 00:00:00'),(750,'バンバドロ',7,7,NULL,100,125,100,55,85,35,500,'0','2019-07-10 00:00:00','2019-07-10 00:00:00'),(751,'シズクモ',7,3,13,38,40,52,40,72,27,269,'0','2019-07-10 00:00:00','2019-07-10 00:00:00'),(752,'オニシズクモ',7,3,13,68,70,92,50,132,42,454,'0','2019-07-10 00:00:00','2019-07-10 00:00:00'),(753,'カリキリ',7,4,NULL,40,55,35,50,35,35,250,'0','2019-07-10 00:00:00','2019-07-10 00:00:00'),(754,'ラランテス',7,4,NULL,70,105,90,80,90,45,480,'0','2019-07-10 00:00:00','2019-07-10 00:00:00'),(755,'ネマシュ',7,4,18,40,35,55,65,75,15,285,'0','2019-07-10 00:00:00','2019-07-10 00:00:00'),(756,'マシェード',7,4,18,60,45,80,90,100,30,405,'0','2019-07-10 00:00:00','2019-07-10 00:00:00'),(757,'ヤトウモリ',7,9,2,48,44,40,71,40,77,320,'0','2019-07-10 00:00:00','2019-07-10 00:00:00'),(758,'エンニュート',7,9,2,68,64,60,111,60,117,480,'0','2019-07-10 00:00:00','2019-07-10 00:00:00'),(759,'ヌイコグマ',7,1,11,70,75,50,45,50,50,340,'0','2019-07-10 00:00:00','2019-07-10 00:00:00'),(760,'キテルグマ',7,1,11,120,125,80,55,60,60,500,'0','2019-07-10 00:00:00','2019-07-10 00:00:00'),(761,'アマカジ',7,4,NULL,42,30,38,30,38,32,210,'0','2019-07-10 00:00:00','2019-07-10 00:00:00'),(762,'アママイコ',7,4,NULL,52,40,48,40,48,62,290,'0','2019-07-10 00:00:00','2019-07-10 00:00:00'),(763,'アマージョ',7,4,NULL,72,120,98,50,98,72,510,'0','2019-07-10 00:00:00','2019-07-10 00:00:00'),(764,'キュワワー',7,18,NULL,51,52,90,82,110,100,485,'0','2019-07-10 00:00:00','2019-07-10 00:00:00'),(765,'ヤレユータン',7,1,10,90,60,80,90,110,60,490,'0','2019-07-10 00:00:00','2019-07-10 00:00:00'),(766,'ナゲツケサル',7,11,NULL,100,120,90,40,60,80,490,'0','2019-07-10 00:00:00','2019-07-10 00:00:00'),(767,'コソクムシ',7,13,3,25,35,40,20,30,80,230,'0','2019-07-10 00:00:00','2019-07-10 00:00:00'),(768,'グソクムシャ',7,13,3,75,125,140,60,90,40,530,'0','2019-07-10 00:00:00','2019-07-10 00:00:00'),(769,'スナバァ',7,14,7,55,55,80,70,45,15,320,'0','2019-07-10 00:00:00','2019-07-10 00:00:00'),(770,'シロデスナ',7,14,7,85,75,110,100,75,35,480,'0','2019-07-10 00:00:00','2019-07-10 00:00:00'),(771,'ナマコブシ',7,3,NULL,55,60,130,30,130,5,410,'0','2019-07-10 00:00:00','2019-07-10 00:00:00'),(772,'タイプ:ヌル',7,1,NULL,95,95,95,95,95,59,534,'0','2019-07-10 00:00:00','2019-07-10 00:00:00'),(773,'シルヴァディ',7,1,NULL,95,95,95,95,95,95,570,'0','2019-07-10 00:00:00','2019-07-10 00:00:00'),(774,'メテノ',7,6,12,60,60,100,60,100,60,440,'0','2019-07-10 00:00:00','2019-07-10 00:00:00'),(775,'ネッコアラ',7,1,NULL,65,115,65,75,95,65,480,'0','2019-07-10 00:00:00','2019-07-10 00:00:00'),(776,'バクガメス',7,2,15,60,78,135,91,85,36,485,'0','2019-07-10 00:00:00','2019-07-10 00:00:00'),(777,'トゲデマル',7,5,17,65,98,63,40,73,96,435,'0','2019-07-10 00:00:00','2019-07-10 00:00:00'),(778,'ミミッキュ',7,14,18,55,90,80,50,105,96,476,'0','2019-07-10 00:00:00','2019-07-10 00:00:00'),(779,'ハギギシリ',7,3,10,68,105,70,70,70,92,475,'0','2019-07-10 00:00:00','2019-07-10 00:00:00'),(780,'ジジーロン',7,1,15,78,60,85,135,91,36,485,'0','2019-07-10 00:00:00','2019-07-10 00:00:00'),(781,'ダダリン',7,14,4,70,131,100,86,90,40,517,'0','2019-07-10 00:00:00','2019-07-10 00:00:00'),(782,'ジャラコ',7,15,NULL,45,55,65,45,45,45,300,'0','2019-07-10 00:00:00','2019-07-10 00:00:00'),(783,'ジャランゴ',7,15,11,55,75,90,65,70,65,420,'0','2019-07-10 00:00:00','2019-07-10 00:00:00'),(784,'ジャラランガ',7,15,11,75,110,125,100,105,85,600,'0','2019-07-10 00:00:00','2019-07-10 00:00:00'),(785,'カプ・コケコ',7,5,18,70,115,85,95,75,130,570,'0','2019-07-10 00:00:00','2019-07-10 00:00:00'),(786,'カプ・テテフ',7,10,18,70,85,75,130,115,95,570,'0','2019-07-10 00:00:00','2019-07-10 00:00:00'),(787,'カプ・ブルル',7,4,18,70,130,115,85,95,75,570,'0','2019-07-10 00:00:00','2019-07-10 00:00:00'),(788,'カプ・レヒレ',7,3,18,70,75,115,95,130,85,570,'0','2019-07-10 00:00:00','2019-07-10 00:00:00'),(789,'コスモッグ',7,10,NULL,43,29,31,29,31,37,200,'0','2019-07-10 00:00:00','2019-07-10 00:00:00'),(790,'コスモウム',7,10,NULL,43,29,131,29,131,37,400,'0','2019-07-10 00:00:00','2019-07-10 00:00:00'),(791,'ソルガレオ',7,10,17,137,137,107,113,89,97,680,'0','2019-07-10 00:00:00','2019-07-10 00:00:00'),(792,'ルナアーラ',7,10,14,137,113,89,137,107,97,680,'0','2019-07-10 00:00:00','2019-07-10 00:00:00'),(793,'ウツロイド',7,6,9,109,53,47,127,131,103,570,'0','2019-07-10 00:00:00','2019-07-10 00:00:00'),(794,'マッシブーン',7,13,11,107,139,139,53,53,79,570,'0','2019-07-10 00:00:00','2019-07-10 00:00:00'),(795,'フェローチェ',7,13,11,71,137,37,137,37,151,570,'0','2019-07-10 00:00:00','2019-07-10 00:00:00'),(796,'デンジュモク',7,5,NULL,83,89,71,173,71,83,570,'0','2019-07-10 00:00:00','2019-07-10 00:00:00'),(797,'テッカグヤ',7,17,12,97,101,103,107,101,61,570,'0','2019-07-10 00:00:00','2019-07-10 00:00:00'),(798,'カミツルギ',7,4,17,59,181,131,59,31,109,570,'0','2019-07-10 00:00:00','2019-07-10 00:00:00'),(799,'アクジキング',7,16,15,223,101,53,97,53,43,570,'0','2019-07-10 00:00:00','2019-07-10 00:00:00'),(800,'ネクロズマ',7,10,NULL,97,107,101,127,89,79,600,'0','2019-07-10 00:00:00','2019-07-10 00:00:00'),(801,'マギアナ',7,17,18,80,95,115,130,115,65,600,'0','2019-07-10 00:00:00','2019-07-10 00:00:00'),(802,'マーシャドー',7,11,14,90,125,80,90,90,125,600,'0','2019-07-10 00:00:00','2019-07-10 00:00:00'),(803,'ベベノム',7,9,NULL,67,73,67,73,67,73,420,'0','2019-07-10 00:00:00','2019-07-10 00:00:00'),(804,'アーゴヨン',7,9,15,73,73,73,127,73,121,540,'0','2019-07-10 00:00:00','2019-07-10 00:00:00'),(805,'ツンデツンデ',7,6,17,61,131,211,53,101,13,570,'0','2019-07-10 00:00:00','2019-07-10 00:00:00'),(806,'ズガドーン',7,2,14,53,127,53,151,79,107,570,'0','2019-07-10 00:00:00','2019-07-10 00:00:00'),(807,'ゼラオラ',7,5,NULL,88,112,75,102,80,143,600,'0','2019-07-10 00:00:00','2019-07-10 00:00:00'),(808,'アグモン',1,1,2,50,50,50,50,50,50,300,'0','2019-07-24 14:39:51','2019-07-24 14:39:51'),(810,'サクマ',NULL,16,NULL,100,100,100,5,5,5,345,'0','2019-07-24 15:57:32','2019-07-24 15:57:32'),(811,'タテベ',3,17,12,50,150,20,100,10,100,430,'0','2019-07-24 15:58:59','2019-07-24 15:58:59'),(812,'タケハラ',NULL,14,NULL,1,1,1,1,1,1000,1005,'0','2019-07-24 16:01:20','2019-07-24 16:01:20');
/*!40000 ALTER TABLE `pokemon_main_jsuzuki` ENABLE KEYS */;
UNLOCK TABLES;

--
-- Table structure for table `prefecture_minami`
--

DROP TABLE IF EXISTS `prefecture_minami`;
/*!40101 SET @saved_cs_client     = @@character_set_client */;
/*!40101 SET character_set_client = utf8 */;
CREATE TABLE `prefecture_minami` (
  `id` int(10) NOT NULL,
  `prefecture` varchar(100) DEFAULT NULL,
  `del_flg` varchar(1) DEFAULT NULL,
  `create_date` datetime NOT NULL,
  `update_date` datetime NOT NULL,
  PRIMARY KEY (`id`)
) ENGINE=InnoDB DEFAULT CHARSET=utf8;
/*!40101 SET character_set_client = @saved_cs_client */;

--
-- Dumping data for table `prefecture_minami`
--

LOCK TABLES `prefecture_minami` WRITE;
/*!40000 ALTER TABLE `prefecture_minami` DISABLE KEYS */;
INSERT INTO `prefecture_minami` VALUES (0,NULL,'0','2019-05-16 00:00:00','2019-05-16 00:00:00'),(1,'北海道','0','2019-05-16 00:00:00','2019-05-16 00:00:00'),(2,'青森','0','2019-05-16 00:00:00','2019-05-16 00:00:00'),(3,'岩手','0','2019-05-16 00:00:00','2019-05-16 00:00:00'),(4,'宮城','0','2019-05-16 00:00:00','2019-05-16 00:00:00'),(5,'山形','0','2019-05-16 00:00:00','2019-05-16 00:00:00'),(6,'福島','0','2019-05-16 00:00:00','2019-05-16 00:00:00'),(7,'茨城','0','2019-05-16 00:00:00','2019-05-16 00:00:00'),(8,'栃木','0','2019-05-16 00:00:00','2019-05-16 00:00:00'),(9,'群馬','0','2019-05-16 00:00:00','2019-05-16 00:00:00'),(10,'埼玉','0','2019-05-16 00:00:00','2019-05-16 00:00:00'),(11,'千葉','0','2019-05-16 00:00:00','2019-05-16 00:00:00'),(12,'東京','0','2019-05-16 00:00:00','2019-05-16 00:00:00'),(13,'神奈川','0','2019-05-16 00:00:00','2019-05-16 00:00:00'),(14,'山梨','0','2019-05-16 00:00:00','2019-05-16 00:00:00'),(15,'長野','0','2019-05-16 00:00:00','2019-05-16 00:00:00'),(16,'富山','0','2019-05-16 00:00:00','2019-05-16 00:00:00'),(17,'石川','0','2019-05-16 00:00:00','2019-05-16 00:00:00'),(18,'福井','0','2019-05-16 00:00:00','2019-05-16 00:00:00'),(19,'岐阜','0','2019-05-16 00:00:00','2019-05-16 00:00:00'),(20,'静岡','0','2019-05-16 00:00:00','2019-05-16 00:00:00'),(21,'愛知','0','2019-05-16 00:00:00','2019-05-16 00:00:00'),(22,'三重','0','2019-05-16 00:00:00','2019-05-16 00:00:00'),(23,'滋賀','0','2019-05-16 00:00:00','2019-05-16 00:00:00'),(24,'京都','0','2019-05-16 00:00:00','2019-05-16 00:00:00'),(25,'大阪','0','2019-05-16 00:00:00','2019-05-16 00:00:00'),(26,'兵庫','0','2019-05-16 00:00:00','2019-05-16 00:00:00'),(27,'奈良','0','2019-05-16 00:00:00','2019-05-16 00:00:00'),(28,'和歌山','0','2019-05-16 00:00:00','2019-05-16 00:00:00'),(29,'鳥取','0','2019-05-16 00:00:00','2019-05-16 00:00:00'),(30,'島根','0','2019-05-16 00:00:00','2019-05-16 00:00:00'),(31,'岡山','0','2019-05-16 00:00:00','2019-05-16 00:00:00'),(32,'広島','0','2019-05-16 00:00:00','2019-05-16 00:00:00'),(33,'山口','0','2019-05-16 00:00:00','2019-05-16 00:00:00'),(34,'徳島','0','2019-05-16 00:00:00','2019-05-16 00:00:00'),(35,'香川','0','2019-05-16 00:00:00','2019-05-16 00:00:00'),(36,'愛媛','0','2019-05-16 00:00:00','2019-05-16 00:00:00'),(37,'高知','0','2019-05-16 00:00:00','2019-05-16 00:00:00'),(38,'福岡','0','2019-05-16 00:00:00','2019-05-16 00:00:00'),(39,'佐賀','0','2019-05-16 00:00:00','2019-05-16 00:00:00'),(40,'長崎','0','2019-05-16 00:00:00','2019-05-16 00:00:00'),(41,'熊本','0','2019-05-16 00:00:00','2019-05-16 00:00:00'),(42,'大分','0','2019-05-16 00:00:00','2019-05-16 00:00:00'),(43,'宮崎','0','2019-05-16 00:00:00','2019-05-16 00:00:00'),(44,'鹿児島','0','2019-05-16 00:00:00','2019-05-16 00:00:00'),(45,'沖縄','0','2019-05-16 00:00:00','2019-05-16 00:00:00');
/*!40000 ALTER TABLE `prefecture_minami` ENABLE KEYS */;
UNLOCK TABLES;

--
-- Table structure for table `quality_okabe`
--

DROP TABLE IF EXISTS `quality_okabe`;
/*!40101 SET @saved_cs_client     = @@character_set_client */;
/*!40101 SET character_set_client = utf8 */;
CREATE TABLE `quality_okabe` (
  `id` int(11) NOT NULL,
  `quality` varchar(50) DEFAULT NULL,
  `del_flg` varchar(1) DEFAULT NULL,
  `create_date` datetime DEFAULT NULL,
  `update_date` datetime DEFAULT NULL,
  PRIMARY KEY (`id`)
) ENGINE=InnoDB DEFAULT CHARSET=utf8;
/*!40101 SET character_set_client = @saved_cs_client */;

--
-- Dumping data for table `quality_okabe`
--

LOCK TABLES `quality_okabe` WRITE;
/*!40000 ALTER TABLE `quality_okabe` DISABLE KEYS */;
INSERT INTO `quality_okabe` VALUES (0,NULL,'0','2019-05-16 00:00:00','2019-05-16 00:00:00'),(1,'単純温泉','0','2019-05-16 00:00:00','2019-05-16 00:00:00'),(2,'二酸化炭素泉','0','2019-05-16 00:00:00','2019-05-16 00:00:00'),(3,'炭酸水素泉','0','2019-05-16 00:00:00','2019-05-16 00:00:00'),(4,'塩化物泉','0','2019-05-16 00:00:00','2019-05-16 00:00:00'),(5,'硫酸塩泉','0','2019-05-16 00:00:00','2019-05-16 00:00:00'),(6,'含鉄泉','0','2019-05-16 00:00:00','2019-05-16 00:00:00'),(7,'含アルミニウム泉','0','2019-05-16 00:00:00','2019-05-16 00:00:00'),(8,'硫黄泉','0','2019-05-16 00:00:00','2019-05-16 00:00:00'),(9,'酸性泉','0','2019-05-16 00:00:00','2019-05-16 00:00:00'),(10,'放射能泉','0','2019-05-16 00:00:00','2019-05-16 00:00:00'),(11,'混合','0','2019-05-16 00:00:00','2019-05-16 00:00:00');
/*!40000 ALTER TABLE `quality_okabe` ENABLE KEYS */;
UNLOCK TABLES;

--
-- Table structure for table `resipe_main_ishikawa`
--

DROP TABLE IF EXISTS `resipe_main_ishikawa`;
/*!40101 SET @saved_cs_client     = @@character_set_client */;
/*!40101 SET character_set_client = utf8 */;
CREATE TABLE `resipe_main_ishikawa` (
  `id` int(11) DEFAULT NULL,
  `resipe_title` varchar(256) DEFAULT NULL,
  `resipe_title2` varchar(256) DEFAULT NULL,
  `vegetable_id1` int(11) DEFAULT NULL,
  `vegetable_id2` int(11) DEFAULT NULL,
  `genre_id` int(11) DEFAULT NULL,
  `cook_time` int(3) DEFAULT NULL,
  `del_flg` varchar(1) DEFAULT NULL,
  `create_date` datetime DEFAULT NULL,
  `update_date` datetime DEFAULT NULL
) ENGINE=InnoDB DEFAULT CHARSET=utf8;
/*!40101 SET character_set_client = @saved_cs_client */;

--
-- Dumping data for table `resipe_main_ishikawa`
--

LOCK TABLES `resipe_main_ishikawa` WRITE;
/*!40000 ALTER TABLE `resipe_main_ishikawa` DISABLE KEYS */;
INSERT INTO `resipe_main_ishikawa` VALUES (1,'カレー','かれー',1,2,1,40,'0','2018-10-10 00:00:00','2018-10-10 00:00:00'),(2,'クリームシチュー','くりーむしちゅー',1,2,1,40,'0','2018-10-10 00:00:00','2018-10-10 00:00:00'),(3,'肉じゃが','にくじゃが',1,2,1,40,'0','2018-10-10 00:00:00','2018-10-10 00:00:00'),(4,'ロールキャベツ','ろーるきゃべつ',3,4,2,50,'0','2018-10-10 00:00:00','2018-10-10 00:00:00'),(5,'ポトフ','ぽとふ',2,3,3,30,'0','2018-10-10 00:00:00','2018-10-10 00:00:00'),(6,'白菜ミルフィーユ','はくさいみるふぃーゆ',5,0,2,25,'0','2018-10-10 00:00:00','2018-10-10 00:00:00'),(7,'酢豚','すぶた',1,3,2,15,'0','2018-10-10 00:00:00','2018-10-10 00:00:00'),(8,'夏野菜グラタン','なつやさいぐらたん',7,8,3,15,'0','2018-10-10 00:00:00','2018-10-10 00:00:00'),(9,'みぞれ鍋','みぞれなべ',5,11,2,20,'0','2018-10-10 00:00:00','2018-10-10 00:00:00'),(10,'きんぴら','きんぴら',1,10,3,20,'0','2018-10-10 00:00:00','2018-10-10 00:00:00'),(11,'ピーマンの肉詰め','ぴーまんのにくづめ',3,6,2,20,'0','2018-10-10 00:00:00','2018-10-10 00:00:00'),(12,'ハンバーグ','はんばーぐ',3,0,2,20,'0','2018-10-10 00:00:00','2018-10-10 00:00:00'),(13,'親子丼','おやこどん',3,0,1,15,'0','2018-10-10 00:00:00','2018-10-10 00:00:00'),(14,'筍ごはん','たけのこごはん',12,0,1,90,'0','2018-10-10 00:00:00','2018-10-10 00:00:00'),(15,'牛丼','ぎゅうどん',3,0,1,15,'0','2018-10-10 00:00:00','2018-10-10 00:00:00'),(16,'かぼちゃの煮物','かぼちゃのにもの',9,0,3,25,'0','2018-10-10 00:00:00','2018-10-10 00:00:00'),(17,'豚汁','とんじる',1,3,3,20,'0','2018-10-10 00:00:00','2018-10-10 00:00:00'),(18,'栗ご飯','くりごはん',13,0,1,90,'0','2018-10-10 00:00:00','2018-10-10 00:00:00'),(19,'ポテトサラダ','ぽてとさらだ',2,3,3,15,'0','2018-10-10 00:00:00','2018-10-10 00:00:00'),(20,'ナポリタン','なぽりたん',6,8,1,15,'0','2018-10-10 00:00:00','2018-10-10 00:00:00'),(21,'ラタトュユ','らたとぃゆ',7,8,3,40,'0','2018-10-10 00:00:00','2018-10-10 00:00:00'),(22,'ビシソワーズ','びしそわーず',2,0,3,20,'0','2018-10-10 00:00:00','2018-10-10 00:00:00'),(23,'トマト煮','とまとに',3,7,3,20,'0','2018-10-10 00:00:00','2018-10-10 00:00:00'),(24,'ポモドーロ','ぽもどーろ',7,8,1,15,'0','2018-10-10 00:00:00','2018-10-10 00:00:00');
/*!40000 ALTER TABLE `resipe_main_ishikawa` ENABLE KEYS */;
UNLOCK TABLES;

--
-- Table structure for table `ruins_main_kurihara`
--

DROP TABLE IF EXISTS `ruins_main_kurihara`;
/*!40101 SET @saved_cs_client     = @@character_set_client */;
/*!40101 SET character_set_client = utf8 */;
CREATE TABLE `ruins_main_kurihara` (
  `id` int(11) NOT NULL,
  `ruins_name` varchar(256) NOT NULL,
  `genre_id` int(11) DEFAULT NULL,
  `area_id` int(11) DEFAULT NULL,
  `since` varchar(256) DEFAULT NULL,
  `backstory` varchar(256) DEFAULT NULL,
  `rem` varchar(256) DEFAULT NULL,
  `del_flg` int(11) DEFAULT NULL,
  `create_date` datetime NOT NULL,
  `update_date` datetime NOT NULL
) ENGINE=InnoDB DEFAULT CHARSET=utf8;
/*!40101 SET character_set_client = @saved_cs_client */;

--
-- Dumping data for table `ruins_main_kurihara`
--

LOCK TABLES `ruins_main_kurihara` WRITE;
/*!40000 ALTER TABLE `ruins_main_kurihara` DISABLE KEYS */;
INSERT INTO `ruins_main_kurihara` VALUES (1,'端島炭鉱',8,10,'1970年代～','かつて明治から昭和にかけて海底炭鉱により栄えていた。最盛期は東京都以上の人口を有していた。炭鉱の閉山により人々が離れてゆき、無人島と化した。島全体が軍艦のような形をしているため、軍艦島とも呼ばれている。','人気観光スポット。島丸ごと廃墟。',0,'2019-05-08 00:00:00','2019-05-08 00:00:00'),(2,'甲賀ファミリーランド',6,7,'1985年～','総面積は東京ドームの約26倍であり、当時は県内最大の遊園地として栄えており、県外からの来る人々も多かった。しかし、立地が悪く、経営難に陥ったため、1985年に閉鎖された。','運営がゴルフ倶楽部であり、ゴルフ場に隣接している。広いのは広いが、スッカスカである。',0,'2019-05-08 00:00:00','2019-05-08 00:00:00'),(3,'鬼怒川廃墟ホテル群',6,3,'バブル崩壊後～','バブル時代には旅行先として温泉ホテルが人気だった。しかし、バブル崩壊やレジャー施設の多様化も相まって、温泉業界は大打撃を受けた。鬼怒川の温泉ホテル群も、その当時は巨大な温泉街として繁盛していたが、今では廃墟マニアしか寄り付かなくなっている。','ここに限った話ではないが、私有地であるため、勝手に侵入すると違法になる。地域のイメージにかかわるが、今のところ取り壊しの予定は無いらしい。',0,'2019-05-08 00:00:00','2019-05-08 00:00:00'),(4,'由良要塞友ヶ島地区',4,11,'第二次世界大戦後～','明治時代から終戦まで一般人完全立ち入り禁止となっていた幻の島。当時は地図上でも白く塗りつぶされており、完全に極秘であった。現在は多くの砲台が良好な状態で残されている。','映画、雑誌などの撮影場所としても使用される。ラピュタっぽいとのことで有名。',0,'2019-05-08 00:00:00','2019-05-08 00:00:00'),(5,'西洋館',2,3,'昭和中期ごろ～','小松製作所や日産の創始者である竹内明太郎の別荘。炭鉱への食糧供給と、近代的な農業の試験として竹内農場が設置されると、それに伴い、竹内は別荘を建てた。それが西洋館である。農場が経営難になり竹内がいなくなった後も、農場の管理人が管理をし、家のない家族を無償で住まわせたりなどしたという。','現在は屋根も床もほとんど残っていない。心霊スポットとしても有名',0,'2019-05-08 00:00:00','2019-05-08 00:00:00'),(6,'高田牧場',2,7,'バブル崩壊後～','かつては養豚場であった。その豪勢な佇まいから武家屋敷とも呼ばれる。中はいつかの建物で構成されている。心霊、オカルトに関するうわさが後を絶たないが、すべて真偽は不明である。牧場をたたんだ後、ボーイスカウトの実習場として使われたり、酒造会社に売却されたりした。バブル崩壊とともに放置され今に至る。','井戸が二つあり、二つ目の井戸を見つけると呪われるなどのうわさがある。敷地内に竹が生えている。',0,'2019-05-08 00:00:00','2019-05-08 00:00:00'),(7,'洲原村診療所',7,6,'1950年代～','健全ﾅﾙ国民ﾉ診療所とも呼ばれる。明治時代に建てられた建築物であると思われる。県立の診療所であったそうだ。','薬瓶が盗まれたり、老朽化して傾いてきていたり、時間とともに変わっていくのも廃墟の魅力ですね。',0,'2019-05-08 00:00:00','2019-05-08 00:00:00'),(8,'恵山モンテローザ',6,1,'1990年代後半～','バブル時代に約300億円を投資して作られたレジャー施設。元からあったホテルを買い取り、一帯を巨大テーマパークにする計画だったそうな。豪華な装飾や建造物、金閣寺を模倣した「金龍閣」などもあり、まさにバブルといったものだった。しかし、程なくしてバブルは崩壊し、わずか10年という短い期間で経営を終了した。','函館の湾を一望できる。ちょっと行きたい。',0,'2019-05-08 00:00:00','2019-05-08 00:00:00'),(9,'天神山城',3,3,'1970年代～','天文年間に藤田重利が建築したといわれる。1970年、観光目的として本丸跡に模擬二重櫓が建設されたが、採算が合わずに倒産。以降廃墟化した。','ハリボテの天守閣',0,'2019-05-08 00:00:00','2019-05-08 00:00:00'),(10,'ミランダ城',3,12,'1991年～','1866年イギリスの建築家によって建築される。1907年、40年もの歳月を超えて完成する。第二次世界大戦中はドイツ軍によって占領されるも、取り壊されることなく終戦を迎える。その後はベルギー国鉄によって孤児院の子供たちの休暇の場として使用される。','2016年に撤去され、今は残っていない。',0,'2019-05-08 00:00:00','2019-05-08 00:00:00'),(11,'後頭湾村',8,12,'2002年～','80年代には、その付近でも最も裕福な村であった。しかし、交通の便が悪く、90年代には別の地域への移住計画が始まる。2002年には正式に廃村となった。現在は隣の村と合併している。','村が自然に還ったような光景。「世界一美しい無人村」と言われる。',0,'2019-05-08 00:00:00','2019-05-08 00:00:00'),(12,'旧陸軍造兵工場',4,11,'昭和30年ごろ～','第一次世界大戦中から毒ガスを開発していた旧陸軍は、昭和初期大久野島で生活していた住民を強制移住させると、毒ガス製造所を開設した。戦時中に毒ガスを秘密裏に製造していたため、島は「毒ガス島」とも呼ばれている。','ウサギが多いため、ウサギ島ともいわれる',0,'2019-05-08 00:00:00','2019-05-08 00:00:00'),(13,'高子沼グリーンランド',6,2,'1999年～','当時県内最大の遊園地であったが、多くの死者が出たことや施設の老朽化に伴い、閉鎖された。現在は心霊スポットとなっている。','死者が出たことに関してはあくまで噂',0,'2019-05-08 00:00:00','2019-05-08 00:00:00'),(14,'逢坂医院',7,9,'？','1921建てられた逢坂医院は、当時この地域唯一の医療機関であったため住民から大切にされていた。現在も荒らされることなく保存状態は良好であり、徳島県の近代化遺産の一つとして記載されている。','あったかい気持ちになるね',0,'2019-05-08 00:00:00','2019-05-08 00:00:00'),(15,'松尾鉱山生活学園',7,2,'1969年～','鉱山町にあった学校。最盛期には1万人を超える人口がいた街も、鉱山の閉鎖とともに廃墟と化し、同時に学校も廃校となった。','もう鉱山町シリーズ見飽きた',0,'2019-05-08 00:00:00','2019-05-08 00:00:00'),(16,'セントラリア',8,12,'1960年代以降～','19世紀後半から石炭鉱業で栄えた街だったが、1962年代に起こった坑内火災の影響によってゴーストタウン化した。かつては良質な無煙炭の産地として栄えた。火災により、ピーク時には地表温度が70度以上にまで達した。2002年に郵便公社によってZIPコードが抹消された。','サイレントヒルのモデル。現在もまだ燃えている。',0,'2019-05-08 00:00:00','2019-05-08 00:00:00'),(17,'祭壇廃墟',1,11,'1980年代後半～','元々住んでいた老夫婦が海に身を投げ自殺してから廃屋である。それから約10年後に何者かによって祭壇が作られた。幽霊が出るとのうわさ。','意味不明な祭壇怖い。',0,'2019-05-08 00:00:00','2019-05-08 00:00:00'),(18,'プリピャチ遊園地',6,12,'1981年代後半～','チェルノブイリ原子力発電所で働く人々のために作られた町、プリピャチ。様々な施設がそろっており、恵まれた環境であったが、事故により2日にして無人の空間となった。この遊園地は一度も開園することなく廃園になった。','某アニメのエンディングにこの遊園地と思しき絵が登場している。',0,'2019-05-08 00:00:00','2019-05-08 00:00:00'),(19,'マンセル要塞',4,12,'第二次世界大戦終戦後～','第二次世界大戦中にイギリス軍によって建てられた海上の要塞であった。一時は300人程度のイギリス人が駐留していたようだが、終戦とともに放置され廃墟化した。','珍しい海上の廃墟',0,'2019-05-08 00:00:00','2019-05-08 00:00:00'),(20,'広島平和記念碑',7,8,'1945年～','元は広島県物産陳列館として建てられた建造物だった。当時は広島県産業奨励館と呼ばれていた。しかし、開戦後、行政機関・統制組合の事務所となり、1945年8月6日の原爆投下により廃墟となった。現在は原爆ドームと呼ばれている。','二度と悲劇が起こらないようにと「負の世界遺産」と呼ばれている。',0,'2019-05-08 00:00:00','2019-05-08 00:00:00');
/*!40000 ALTER TABLE `ruins_main_kurihara` ENABLE KEYS */;
UNLOCK TABLES;

--
-- Table structure for table `series_okugawa`
--

DROP TABLE IF EXISTS `series_okugawa`;
/*!40101 SET @saved_cs_client     = @@character_set_client */;
/*!40101 SET character_set_client = utf8 */;
CREATE TABLE `series_okugawa` (
  `id` int(11) NOT NULL,
  `series_name` varchar(256) DEFAULT NULL,
  `del_flg` varchar(1) DEFAULT NULL,
  `create_date` datetime NOT NULL,
  `update_date` datetime NOT NULL,
  PRIMARY KEY (`id`)
) ENGINE=InnoDB DEFAULT CHARSET=utf8;
/*!40101 SET character_set_client = @saved_cs_client */;

--
-- Dumping data for table `series_okugawa`
--

LOCK TABLES `series_okugawa` WRITE;
/*!40000 ALTER TABLE `series_okugawa` DISABLE KEYS */;
INSERT INTO `series_okugawa` VALUES (0,NULL,'0','2019-06-10 12:00:00','2019-06-10 12:00:00'),(1,'遊戯王デュエルモンスターズ','0','2019-06-10 12:00:00','2019-06-10 12:00:00'),(2,'遊戯王デュエルモンスターズGX','0','2019-06-10 12:00:00','2019-06-10 12:00:00'),(3,'遊戯王5D\'s','0','2019-06-10 12:00:00','2019-06-10 12:00:00'),(4,'遊戯王ZEXAL','0','2019-06-10 12:00:00','2019-06-10 12:00:00'),(5,'遊戯王ARC-V','0','2019-06-10 12:00:00','2019-06-10 12:00:00'),(6,'遊戯王VRAINS','0','2019-06-10 12:00:00','2019-06-10 12:00:00');
/*!40000 ALTER TABLE `series_okugawa` ENABLE KEYS */;
UNLOCK TABLES;

--
-- Table structure for table `sex_hayashi`
--

DROP TABLE IF EXISTS `sex_hayashi`;
/*!40101 SET @saved_cs_client     = @@character_set_client */;
/*!40101 SET character_set_client = utf8 */;
CREATE TABLE `sex_hayashi` (
  `id` int(11) NOT NULL,
  `name` varchar(255) DEFAULT NULL,
  `del_flg` varchar(1) DEFAULT NULL,
  `create_date` datetime NOT NULL,
  `update_date` datetime NOT NULL,
  PRIMARY KEY (`id`)
) ENGINE=InnoDB DEFAULT CHARSET=utf8;
/*!40101 SET character_set_client = @saved_cs_client */;

--
-- Dumping data for table `sex_hayashi`
--

LOCK TABLES `sex_hayashi` WRITE;
/*!40000 ALTER TABLE `sex_hayashi` DISABLE KEYS */;
INSERT INTO `sex_hayashi` VALUES (0,NULL,'0','2019-05-29 12:00:00','2019-05-29 12:00:00'),(1,'男','0','2019-05-29 12:00:00','2019-05-29 12:00:00'),(2,'女','0','2019-05-29 12:00:00','2019-05-29 12:00:00'),(3,'不明','0','2019-05-29 12:00:00','2019-05-29 12:00:00');
/*!40000 ALTER TABLE `sex_hayashi` ENABLE KEYS */;
UNLOCK TABLES;

--
-- Table structure for table `spa_main_okabe`
--

DROP TABLE IF EXISTS `spa_main_okabe`;
/*!40101 SET @saved_cs_client     = @@character_set_client */;
/*!40101 SET character_set_client = utf8 */;
CREATE TABLE `spa_main_okabe` (
  `id` int(3) NOT NULL,
  `spa_name` varchar(30) DEFAULT NULL,
  `area_id` int(3) DEFAULT NULL,
  `quality_id` int(3) DEFAULT NULL,
  `features` varchar(50) DEFAULT NULL,
  `del_flg` varchar(1) DEFAULT NULL,
  `create_date` datetime DEFAULT NULL,
  `update_date` datetime DEFAULT NULL,
  PRIMARY KEY (`id`)
) ENGINE=InnoDB DEFAULT CHARSET=utf8;
/*!40101 SET character_set_client = @saved_cs_client */;

--
-- Dumping data for table `spa_main_okabe`
--

LOCK TABLES `spa_main_okabe` WRITE;
/*!40000 ALTER TABLE `spa_main_okabe` DISABLE KEYS */;
INSERT INTO `spa_main_okabe` VALUES (1,'草津温泉',10,9,'東の横綱。温泉の自然湧出量は日本一。','0','2019-05-16 15:24:00','2019-05-16 15:24:00'),(2,'別府八湯温泉',44,11,'繁華街に広がる交通アクセスの良い温泉地。','0','2019-05-16 15:24:00','2019-05-16 15:24:00'),(3,'下呂温泉',21,1,'「日本三名泉のひとつ」と称された天下の名泉。','0','2019-05-16 15:24:00','2019-05-16 15:24:00'),(4,'指宿温泉',46,4,'指宿温泉、摺ヶ浜温泉などの温泉群からなり、県内有数の観光地。','0','2019-05-16 15:24:00','2019-05-16 15:24:00'),(5,'道後温泉',38,1,'日本三古湯のひとつ。夏目漱石の小説「坊ちゃん」にも登場した。','0','2019-05-16 15:24:00','2019-05-16 15:24:00'),(6,'有馬温泉',28,6,'日本書紀にも記されている日本三大古湯に数えられる有名な温泉地。','0','2019-05-16 15:24:00','2019-05-16 15:24:00'),(7,'登別温泉',1,8,'泉源が多い温泉地。噴煙を上げている地獄谷。','0','2019-05-16 15:24:00','2019-05-16 15:24:00'),(8,'和倉温泉',17,4,'能登半島に広がる和倉温泉は、豊富な塩分を含む「海の温泉」。','0','2019-05-16 15:24:00','2019-05-16 15:24:00'),(9,'由布院温泉',44,1,'由布岳の山麓にある人気温泉地。','0','2019-05-16 15:24:00','2019-05-16 15:24:00'),(10,'城崎温泉',28,4,'1400年以上の歴史をもつ温泉。','0','2019-05-16 15:24:00','2019-05-16 15:24:00'),(11,'黒川温泉',43,8,'「疵湯(きずゆ)」とよばれ、切り傷に特効があるとされた湯治場。','0','2019-05-16 15:24:00','2019-05-16 15:24:00'),(12,'飛騨高山温泉',21,8,'ナトリウム・塩化物・炭酸水素塩素などの泉質を持つ温泉郷。','0','2019-05-16 15:24:00','2019-05-16 15:24:00'),(13,'伊香保温泉',10,5,'湯治場として名高く、病気の治療や健康増進のために訪れる人も多い。','0','2019-05-16 15:24:00','2019-05-16 15:24:00'),(14,'山代温泉',17,11,'ふたつの総湯を中心とした街並み「湯の曲輪(ゆのがわ)」が特徴。','0','2019-05-16 15:24:00','2019-05-16 15:24:00'),(15,'玉造温泉',32,5,'2016年の温泉総選挙で、最高賞とされる環境大臣賞を獲得。','0','2019-05-16 15:24:00','2019-05-16 15:24:00'),(16,'月岡温泉',15,4,'鮮やかなエメラルドグリーンの温泉は全国でも屈指の美肌の湯。','0','2019-05-16 15:24:00','2019-05-16 15:24:00'),(17,'箱根湯本温泉',14,1,'箱根の玄関口と呼ばれ、箱根温泉郷のなかでも一番古い温泉地。','0','2019-05-16 15:24:00','2019-05-16 15:24:00'),(18,'鳴子温泉',4,11,'多彩な泉質を楽しめ、5ヶ所の温泉地からなる一大温泉郷。','0','2019-05-16 15:24:00','2019-05-16 15:24:00'),(19,'塩原温泉',9,11,'古くから文人墨客に愛され、尾崎紅葉「金色夜叉」の舞台にもなった温泉郷。','0','2019-05-16 15:24:00','2019-05-16 15:24:00'),(20,'山中温泉',17,5,'松尾芭蕉も称賛した日本三大名湯のひとつ。','0','2019-05-16 15:24:00','2019-05-16 15:24:00'),(21,'鬼怒川温泉',9,1,'関東を代表する箱根と並ぶ、 東京の奥座敷と呼ばれている。','0','2019-05-16 15:24:00','2019-05-16 15:24:00'),(22,'乳頭温泉郷',5,11,'乳頭山麓に点在する七湯を総称し、十種類以上の源泉がある。','0','2019-05-16 15:24:00','2019-05-16 15:24:00'),(23,'蔵王温泉',6,9,'湯煙と硫黄の香りに包まれる温泉。','0','2019-05-16 15:24:00','2019-05-16 15:24:00'),(24,'奥飛騨温泉郷',21,11,'5つの温泉地で形成される、露天風呂天国。','0','2019-05-16 15:24:00','2019-05-16 15:24:00'),(25,'あわら温泉',18,4,'「関西の奥座敷」として発展し、多くの文人墨客、天皇陛下にまで愛される温泉地。','0','2019-05-16 15:24:00','2019-05-16 15:24:00'),(26,'銀山温泉',6,8,'大正末期から昭和初期に建てられた洋風木造多層の旅館が並ぶ。','0','2019-05-16 15:24:00','2019-05-16 15:24:00'),(27,'秋保温泉',4,4,'「名取の御湯」と称され「日本三御湯」のひとつとして全国的にも知られる。','0','2019-05-16 15:24:00','2019-05-16 15:24:00'),(28,'熱海温泉',22,4,'平均温度は約63度と、全国屈指の高温泉リゾート。','0','2019-05-16 15:24:00','2019-05-16 15:24:00'),(29,'雲仙温泉',42,6,'硫黄を含んだ強い酸性泉で温泉療法が盛んなヨーロッパでも見られない温泉。','0','2019-05-16 15:24:00','2019-05-16 15:24:00'),(30,'板室温泉',9,1,'那須連山の西端、湯川に沿った板室渓谷に囲まれた静かな療養温泉地。','0','2019-05-16 15:24:00','2019-05-16 15:24:00');
/*!40000 ALTER TABLE `spa_main_okabe` ENABLE KEYS */;
UNLOCK TABLES;

--
-- Table structure for table `team_shiono`
--

DROP TABLE IF EXISTS `team_shiono`;
/*!40101 SET @saved_cs_client     = @@character_set_client */;
/*!40101 SET character_set_client = utf8 */;
CREATE TABLE `team_shiono` (
  `id` int(11) DEFAULT NULL,
  `team` varchar(30) DEFAULT NULL,
  `del_flg` varchar(1) DEFAULT NULL,
  `create_date` datetime DEFAULT NULL,
  `update_date` datetime DEFAULT NULL
) ENGINE=InnoDB DEFAULT CHARSET=utf8;
/*!40101 SET character_set_client = @saved_cs_client */;

--
-- Dumping data for table `team_shiono`
--

LOCK TABLES `team_shiono` WRITE;
/*!40000 ALTER TABLE `team_shiono` DISABLE KEYS */;
INSERT INTO `team_shiono` VALUES (1,'マンチェスター・シティ','0','2019-05-17 15:05:00','2019-05-17 15:05:00'),(2,'バルセロナ','0','2019-05-17 15:05:00','2019-05-17 15:05:00'),(3,'パリサンジェルマン','0','2019-05-17 15:05:00','2019-05-17 15:05:00'),(4,'ユベントス','0','2019-05-17 15:05:00','2019-05-17 15:05:00'),(5,'トットナム','0','2019-05-17 15:05:00','2019-05-17 15:05:00'),(6,'リバプール','0','2019-05-17 15:05:00','2019-05-17 15:05:00'),(7,'レアル・マドリード','0','2019-05-17 15:05:00','2019-05-17 15:05:00'),(8,'マンチェスター・ユナイテッド','0','2019-05-17 15:05:00','2019-05-17 15:05:00'),(9,'サガン鳥栖','0','2019-05-17 15:05:00','2019-05-17 15:05:00'),(10,'バイエルン・ミュンヘン','0','2019-05-17 15:05:00','2019-05-17 15:05:00'),(11,'アーセナル','0','2019-05-17 15:05:00','2019-05-17 15:05:00'),(12,'ドルトムント','0','2019-05-17 15:05:00','2019-05-17 15:05:00'),(13,'アトレティコ・マドリード','0','2019-05-17 15:05:00','2019-05-17 15:05:00'),(14,'チェルシー','0','2019-05-17 15:05:00','2019-05-17 15:05:00'),(15,'ナポリ','0','2019-05-17 15:05:00','2019-05-17 15:05:00'),(16,'ガラタサライ','0','2019-05-17 15:05:00','2019-05-17 15:05:00'),(17,'フランクフルト','0','2019-05-17 15:05:00','2019-05-17 15:05:00'),(18,'ベシクタシュ','0','2019-05-17 15:05:00','2019-05-17 15:05:00'),(19,'メルボルン・ビクトリー','0','2019-05-17 15:05:00','2019-05-17 15:05:00'),(20,'ブレーメン','0','2019-05-17 15:05:00','2019-05-17 15:05:00'),(0,'','0','2019-05-17 15:05:00','2019-05-17 15:05:00');
/*!40000 ALTER TABLE `team_shiono` ENABLE KEYS */;
UNLOCK TABLES;

--
-- Table structure for table `tenshu_minami`
--

DROP TABLE IF EXISTS `tenshu_minami`;
/*!40101 SET @saved_cs_client     = @@character_set_client */;
/*!40101 SET character_set_client = utf8 */;
CREATE TABLE `tenshu_minami` (
  `id` int(10) NOT NULL,
  `tenshu` varchar(10) DEFAULT NULL,
  `del_flg` varchar(1) DEFAULT NULL,
  `create_date` datetime NOT NULL,
  `update_date` datetime NOT NULL,
  PRIMARY KEY (`id`)
) ENGINE=InnoDB DEFAULT CHARSET=utf8;
/*!40101 SET character_set_client = @saved_cs_client */;

--
-- Dumping data for table `tenshu_minami`
--

LOCK TABLES `tenshu_minami` WRITE;
/*!40000 ALTER TABLE `tenshu_minami` DISABLE KEYS */;
INSERT INTO `tenshu_minami` VALUES (0,NULL,'0','2019-05-16 00:00:00','2019-05-16 00:00:00'),(1,'あり','0','2019-05-16 00:00:00','2019-05-16 00:00:00'),(2,'なし','0','2019-05-16 00:00:00','2019-05-16 00:00:00');
/*!40000 ALTER TABLE `tenshu_minami` ENABLE KEYS */;
UNLOCK TABLES;

--
-- Table structure for table `tokyo_main_takehara`
--

DROP TABLE IF EXISTS `tokyo_main_takehara`;
/*!40101 SET @saved_cs_client     = @@character_set_client */;
/*!40101 SET character_set_client = utf8 */;
CREATE TABLE `tokyo_main_takehara` (
  `id` int(2) NOT NULL,
  `ward_name` varchar(20) NOT NULL,
  `symbol` varchar(256) DEFAULT NULL,
  `location_id` int(1) NOT NULL,
  `population` int(7) DEFAULT NULL,
  `area` float DEFAULT NULL,
  `ward_office` varchar(20) DEFAULT NULL,
  `average_annual_income` int(4) DEFAULT NULL,
  `official_land_price` int(7) DEFAULT NULL,
  `performer` varchar(10) DEFAULT NULL,
  `del_flg` varchar(1) DEFAULT NULL,
  `create_date` datetime NOT NULL,
  `update_date` datetime NOT NULL,
  PRIMARY KEY (`id`)
) ENGINE=InnoDB DEFAULT CHARSET=utf8;
/*!40101 SET character_set_client = @saved_cs_client */;

--
-- Dumping data for table `tokyo_main_takehara`
--

LOCK TABLES `tokyo_main_takehara` WRITE;
/*!40000 ALTER TABLE `tokyo_main_takehara` DISABLE KEYS */;
INSERT INTO `tokyo_main_takehara` VALUES (1,'千代田','/tokyoTakehara/chiyoda.jpg',5,64533,11.66,'九段下',784,6330721,'樹木希林','0','2019-05-20 00:00:00','2019-05-20 00:00:00'),(2,'中央','/tokyoTakehara/chuo.png',1,163185,10.21,'新富町',556,8219777,'若林正恭','0','2019-05-20 00:00:00','2019-05-20 00:00:00'),(3,'港','/tokyoTakehara/minato.png',3,258075,20.37,'大門',902,3611975,'関根勤','0','2019-05-20 00:00:00','2019-05-20 00:00:00'),(4,'新宿','/tokyoTakehara/shinjuku.png',2,347661,18.22,'新宿西口',477,3263794,'ルー大柴','0','2019-05-20 00:00:00','2019-05-20 00:00:00'),(5,'文京','/tokyoTakehara/bunkyo.png',4,232801,11.29,'後楽園',544,1181450,'野々村真','0','2019-05-20 00:00:00','2019-05-20 00:00:00'),(6,'台東','/tokyoTakehara/taito.png',1,206816,10.11,'上野',385,1376259,'天海祐希','0','2019-05-20 00:00:00','2019-05-20 00:00:00'),(7,'墨田','/tokyoTakehara/sumida.png',1,268192,13.77,'浅草',350,589458,'大竹一樹','0','2019-05-20 00:00:00','2019-05-20 00:00:00'),(8,'江東','/tokyoTakehara/koto.png',1,516636,40.16,'東陽町',389,583708,'持田香織','0','2019-05-20 00:00:00','2019-05-20 00:00:00'),(9,'品川','/tokyoTakehara/shinagawa.png',3,407084,22.84,'下神明',427,1160600,'遠藤憲一','0','2019-05-20 00:00:00','2019-05-20 00:00:00'),(10,'目黒','/tokyoTakehara/meguro.png',3,286462,14.67,'中目黒',537,1195400,'泉谷しげる','0','2019-05-20 00:00:00','2019-05-20 00:00:00'),(11,'大田','/tokyoTakehara/ota.png',3,737700,60.83,'蒲田',395,627693,'片桐はいり','0','2019-05-20 00:00:00','2019-05-20 00:00:00'),(12,'世田谷','/tokyoTakehara/setagaya.png',2,933708,58.05,'世田谷',506,690153,'中井貴一','0','2019-05-20 00:00:00','2019-05-20 00:00:00'),(13,'渋谷','/tokyoTakehara/shibuya.png',2,233060,15.11,'渋谷',703,4234271,'吉永小百合','0','2019-05-20 00:00:00','2019-05-20 00:00:00'),(14,'中野','/tokyoTakehara/nakano.png',2,328215,15.59,'中野',387,812547,'田中裕二','0','2019-05-20 00:00:00','2019-05-20 00:00:00'),(15,'杉並','/tokyoTakehara/suginami.png',2,582864,34.06,'南阿佐ヶ谷',436,617023,'松田龍平','0','2019-05-20 00:00:00','2019-05-20 00:00:00'),(16,'豊島','/tokyoTakehara/toshima.png',4,300512,13.01,'東池袋',412,1147581,'山下達郎','0','2019-05-20 00:00:00','2019-05-20 00:00:00'),(17,'北','/tokyoTakehara/kita.png',4,352806,20.61,'王子',344,657836,'古舘伊知郎','0','2019-05-20 00:00:00','2019-05-20 00:00:00'),(18,'荒川','/tokyoTakehara/arakawa.png',4,217692,10.16,'荒川二丁目',345,605586,'片岡鶴太郎','0','2019-05-20 00:00:00','2019-05-20 00:00:00'),(19,'板橋','/tokyoTakehara/itabashi.png',4,581066,32.22,'板橋区役所前',350,475214,'稲垣吾郎','0','2019-05-20 00:00:00','2019-05-20 00:00:00'),(20,'練馬','/tokyoTakehara/nerima.png',2,737906,48.08,'練馬',395,435136,'上戸彩','0','2019-05-20 00:00:00','2019-05-20 00:00:00'),(21,'足立','/tokyoTakehara/adachi.png',4,681309,53.25,'梅島',324,367663,'ビートたけし','0','2019-05-20 00:00:00','2019-05-20 00:00:00'),(22,'葛飾','/tokyoTakehara/katsushika.png',1,453522,34.8,'西新井大師西',333,362640,'二宮和也','0','2019-05-20 00:00:00','2019-05-20 00:00:00'),(23,'江戸川','/tokyoTakehara/edogawa.png',1,693519,49.9,'新小岩',346,392703,'松崎しげる','0','2019-05-20 00:00:00','2019-05-20 00:00:00');
/*!40000 ALTER TABLE `tokyo_main_takehara` ENABLE KEYS */;
UNLOCK TABLES;

--
-- Table structure for table `type_hayashi`
--

DROP TABLE IF EXISTS `type_hayashi`;
/*!40101 SET @saved_cs_client     = @@character_set_client */;
/*!40101 SET character_set_client = utf8 */;
CREATE TABLE `type_hayashi` (
  `id` int(11) NOT NULL,
  `type` varchar(256) DEFAULT NULL,
  `del_flg` varchar(1) DEFAULT NULL,
  `create_date` datetime NOT NULL,
  `update_date` datetime NOT NULL,
  PRIMARY KEY (`id`)
) ENGINE=InnoDB DEFAULT CHARSET=utf8;
/*!40101 SET character_set_client = @saved_cs_client */;

--
-- Dumping data for table `type_hayashi`
--

LOCK TABLES `type_hayashi` WRITE;
/*!40000 ALTER TABLE `type_hayashi` DISABLE KEYS */;
INSERT INTO `type_hayashi` VALUES (0,NULL,'0','2019-05-29 12:00:00','2019-05-29 12:00:00'),(1,'人間','0','2019-05-29 12:00:00','2019-05-29 12:00:00'),(2,'機械','0','2019-05-29 12:00:00','2019-05-29 12:00:00'),(3,'AI','0','2019-05-29 12:00:00','2019-05-29 12:00:00'),(4,'動物','0','2019-05-29 12:00:00','2019-05-29 12:00:00'),(5,'植物','0','2019-05-29 12:00:00','2019-05-29 12:00:00'),(6,'異星人','0','2019-05-29 12:00:00','2019-05-29 12:00:00'),(7,'神','0','2019-05-29 12:00:00','2019-05-29 12:00:00'),(8,'その他','0','2019-05-29 12:00:00','2019-05-29 12:00:00');
/*!40000 ALTER TABLE `type_hayashi` ENABLE KEYS */;
UNLOCK TABLES;

--
-- Table structure for table `type_id_jsuzuki`
--

DROP TABLE IF EXISTS `type_id_jsuzuki`;
/*!40101 SET @saved_cs_client     = @@character_set_client */;
/*!40101 SET character_set_client = utf8 */;
CREATE TABLE `type_id_jsuzuki` (
  `id` int(11) NOT NULL,
  `type_id` varchar(256) DEFAULT NULL,
  `del_flg` varchar(1) DEFAULT NULL,
  `create_date` datetime NOT NULL,
  `update_date` datetime NOT NULL
) ENGINE=InnoDB DEFAULT CHARSET=utf8;
/*!40101 SET character_set_client = @saved_cs_client */;

--
-- Dumping data for table `type_id_jsuzuki`
--

LOCK TABLES `type_id_jsuzuki` WRITE;
/*!40000 ALTER TABLE `type_id_jsuzuki` DISABLE KEYS */;
INSERT INTO `type_id_jsuzuki` VALUES (0,NULL,'0','2018-03-01 00:00:00','2018-03-01 00:00:00'),(1,'ノーマル','0','2018-03-01 00:00:00','2018-03-01 00:00:00'),(2,'ほのお','0','2018-03-01 00:00:00','2018-03-01 00:00:00'),(3,'みず','0','2018-03-01 00:00:00','2018-03-01 00:00:00'),(4,'くさ','0','2018-03-01 00:00:00','2018-03-01 00:00:00'),(5,'でんき','0','2018-03-01 00:00:00','2018-03-01 00:00:00'),(6,'いわ','0','2018-03-01 00:00:00','2018-03-01 00:00:00'),(7,'じめん','0','2018-03-01 00:00:00','2018-03-01 00:00:00'),(8,'こおり','0','2018-03-01 00:00:00','2018-03-01 00:00:00'),(9,'どく','0','2018-03-01 00:00:00','2018-03-01 00:00:00'),(10,'エスパー','0','2018-03-01 00:00:00','2018-03-01 00:00:00'),(11,'かくとう','0','2018-03-01 00:00:00','2018-03-01 00:00:00'),(12,'ひこう','0','2018-03-01 00:00:00','2018-03-01 00:00:00'),(13,'むし','0','2018-03-01 00:00:00','2018-03-01 00:00:00'),(14,'ゴースト','0','2018-03-01 00:00:00','2018-03-01 00:00:00'),(15,'ドラゴン','0','2018-03-01 00:00:00','2018-03-01 00:00:00'),(16,'あく','0','2018-03-01 00:00:00','2018-03-01 00:00:00'),(17,'はがね','0','2018-03-01 00:00:00','2018-03-01 00:00:00'),(18,'フェアリー','0','2018-03-01 00:00:00','2018-03-01 00:00:00');
/*!40000 ALTER TABLE `type_id_jsuzuki` ENABLE KEYS */;
UNLOCK TABLES;

--
-- Table structure for table `type_sakuma`
--

DROP TABLE IF EXISTS `type_sakuma`;
/*!40101 SET @saved_cs_client     = @@character_set_client */;
/*!40101 SET character_set_client = utf8 */;
CREATE TABLE `type_sakuma` (
  `id` int(1) NOT NULL,
  `type_name` varchar(256) DEFAULT NULL,
  `del_flg` varchar(1) DEFAULT NULL,
  `create_date` datetime NOT NULL,
  `update_date` datetime NOT NULL
) ENGINE=InnoDB DEFAULT CHARSET=utf8;
/*!40101 SET character_set_client = @saved_cs_client */;

--
-- Dumping data for table `type_sakuma`
--

LOCK TABLES `type_sakuma` WRITE;
/*!40000 ALTER TABLE `type_sakuma` DISABLE KEYS */;
INSERT INTO `type_sakuma` VALUES (0,NULL,NULL,'2019-07-08 11:00:00','2019-07-08 11:00:00'),(1,'アサシン','0','2019-07-08 11:00:00','2019-07-08 11:00:00'),(2,'サポート','0','2019-07-08 11:00:00','2019-07-08 11:00:00'),(3,'タンク','0','2019-07-08 11:00:00','2019-07-08 11:00:00'),(4,'ハンター','0','2019-07-08 11:00:00','2019-07-08 11:00:00'),(5,'ファイター','0','2019-07-08 11:00:00','2019-07-08 11:00:00'),(6,'メイジ','0','2019-07-08 11:00:00','2019-07-08 11:00:00');
/*!40000 ALTER TABLE `type_sakuma` ENABLE KEYS */;
UNLOCK TABLES;

--
-- Table structure for table `type_shintaku`
--

DROP TABLE IF EXISTS `type_shintaku`;
/*!40101 SET @saved_cs_client     = @@character_set_client */;
/*!40101 SET character_set_client = utf8 */;
CREATE TABLE `type_shintaku` (
  `id` int(11) NOT NULL,
  `type` varchar(100) DEFAULT NULL,
  `del_flg` varchar(1) DEFAULT NULL,
  `create_date` datetime NOT NULL,
  `update_date` datetime NOT NULL,
  PRIMARY KEY (`id`)
) ENGINE=InnoDB DEFAULT CHARSET=utf8;
/*!40101 SET character_set_client = @saved_cs_client */;

--
-- Dumping data for table `type_shintaku`
--

LOCK TABLES `type_shintaku` WRITE;
/*!40000 ALTER TABLE `type_shintaku` DISABLE KEYS */;
INSERT INTO `type_shintaku` VALUES (0,NULL,'0','2019-06-10 12:00:00','2019-06-10 12:00:00'),(1,'キュート','0','2019-06-10 12:00:00','2019-06-10 12:00:00'),(2,'クール','0','2019-06-10 12:00:00','2019-06-10 12:00:00'),(3,'パッション','0','2019-06-10 12:00:00','2019-06-10 12:00:00');
/*!40000 ALTER TABLE `type_shintaku` ENABLE KEYS */;
UNLOCK TABLES;

--
-- Table structure for table `unit_shintaku`
--

DROP TABLE IF EXISTS `unit_shintaku`;
/*!40101 SET @saved_cs_client     = @@character_set_client */;
/*!40101 SET character_set_client = utf8 */;
CREATE TABLE `unit_shintaku` (
  `id` int(11) NOT NULL,
  `unit` varchar(256) DEFAULT NULL,
  `del_flg` varchar(1) DEFAULT NULL,
  `create_date` datetime NOT NULL,
  `update_date` datetime NOT NULL,
  PRIMARY KEY (`id`)
) ENGINE=InnoDB DEFAULT CHARSET=utf8;
/*!40101 SET character_set_client = @saved_cs_client */;

--
-- Dumping data for table `unit_shintaku`
--

LOCK TABLES `unit_shintaku` WRITE;
/*!40000 ALTER TABLE `unit_shintaku` DISABLE KEYS */;
INSERT INTO `unit_shintaku` VALUES (0,NULL,'0','2019-06-10 12:00:00','2019-06-10 12:00:00'),(1,'ニュージェネレーション','0','2019-06-10 12:00:00','2019-06-10 12:00:00'),(2,'可惜夜月','0','2019-06-10 12:00:00','2019-06-10 12:00:00'),(3,'セクシーギルティ','0','2019-06-10 12:00:00','2019-06-10 12:00:00'),(4,'ニューウェーブ','0','2019-06-10 12:00:00','2019-06-10 12:00:00'),(5,'羽衣小町','0','2019-06-10 12:00:00','2019-06-10 12:00:00'),(6,'山紫水明','0','2019-06-10 12:00:00','2019-06-10 12:00:00'),(7,'レイジー・レイジー','0','2019-06-10 12:00:00','2019-06-10 12:00:00'),(8,'ロック・ザ・ビート','0','2019-06-10 12:00:00','2019-06-10 12:00:00'),(9,'CANDY ISLAND','0','2019-06-10 12:00:00','2019-06-10 12:00:00'),(10,'individuals','0','2019-06-10 12:00:00','2019-06-10 12:00:00'),(11,'イエローリリー','0','2019-06-10 12:00:00','2019-06-10 12:00:00'),(12,'サイバーグラス','0','2019-06-10 12:00:00','2019-06-10 12:00:00'),(13,'セクシーギャルズ','0','2019-06-10 12:00:00','2019-06-10 12:00:00'),(14,'チアフルボンバーズ','0','2019-06-10 12:00:00','2019-06-10 12:00:00'),(15,'ハートウォーマー','0','2019-06-10 12:00:00','2019-06-10 12:00:00'),(16,'ミステリアスアイズ','0','2019-06-10 12:00:00','2019-06-10 12:00:00'),(17,'しゅがしゅが☆み～ん','0','2019-06-10 12:00:00','2019-06-10 12:00:00'),(18,'ダークイルミネイト','0','2019-06-10 12:00:00','2019-06-10 12:00:00'),(19,'ガールズ・パワー','0','2019-06-10 12:00:00','2019-06-10 12:00:00'),(20,'VelvetRose','0','2019-06-10 12:00:00','2019-06-10 12:00:00'),(21,'miroir','0','2019-06-10 12:00:00','2019-06-10 12:00:00'),(22,'L.M.B.G','0','2019-06-10 12:00:00','2019-06-10 12:00:00');
/*!40000 ALTER TABLE `unit_shintaku` ENABLE KEYS */;
UNLOCK TABLES;

--
-- Table structure for table `user`
--

DROP TABLE IF EXISTS `user`;
/*!40101 SET @saved_cs_client     = @@character_set_client */;
/*!40101 SET character_set_client = utf8 */;
CREATE TABLE `user` (
  `id` int(11) unsigned NOT NULL AUTO_INCREMENT,
  `username` varchar(50) CHARACTER SET utf8 NOT NULL DEFAULT '',
  `password` varchar(50) CHARACTER SET utf8 NOT NULL DEFAULT '',
  PRIMARY KEY (`id`)
) ENGINE=InnoDB AUTO_INCREMENT=2 DEFAULT CHARSET=utf8mb4;
/*!40101 SET character_set_client = @saved_cs_client */;

--
-- Dumping data for table `user`
--

LOCK TABLES `user` WRITE;
/*!40000 ALTER TABLE `user` DISABLE KEYS */;
INSERT INTO `user` VALUES (1,'Spring','Boot');
/*!40000 ALTER TABLE `user` ENABLE KEYS */;
UNLOCK TABLES;

--
-- Table structure for table `vegetable_ishikawa`
--

DROP TABLE IF EXISTS `vegetable_ishikawa`;
/*!40101 SET @saved_cs_client     = @@character_set_client */;
/*!40101 SET character_set_client = utf8 */;
CREATE TABLE `vegetable_ishikawa` (
  `id` int(11) DEFAULT NULL,
  `vegetable` varchar(256) DEFAULT NULL,
  `del_flg` varchar(1) DEFAULT NULL,
  `create_date` datetime DEFAULT NULL,
  `update_date` datetime DEFAULT NULL
) ENGINE=InnoDB DEFAULT CHARSET=utf8;
/*!40101 SET character_set_client = @saved_cs_client */;

--
-- Dumping data for table `vegetable_ishikawa`
--

LOCK TABLES `vegetable_ishikawa` WRITE;
/*!40000 ALTER TABLE `vegetable_ishikawa` DISABLE KEYS */;
INSERT INTO `vegetable_ishikawa` VALUES (1,'にんじん','0','2018-10-10 00:00:00','2018-10-10 00:00:00'),(2,'じゃがいも','0','2018-10-10 00:00:00','2018-10-10 00:00:00'),(3,'たまねぎ','0','2018-10-10 00:00:00','2018-10-10 00:00:00'),(4,'キャベツ','0','2018-10-10 00:00:00','2018-10-10 00:00:00'),(5,'白菜','0','2018-10-10 00:00:00','2018-10-10 00:00:00'),(6,'ピーマン','0','2018-10-10 00:00:00','2018-10-10 00:00:00'),(7,'トマト','0','2018-10-10 00:00:00','2018-10-10 00:00:00'),(8,'ナス','0','2018-10-10 00:00:00','2018-10-10 00:00:00'),(9,'かぼちゃ','0','2018-10-10 00:00:00','2018-10-10 00:00:00'),(10,'ごぼう','0','2018-10-10 00:00:00','2018-10-10 00:00:00'),(11,'だいこん','0','2018-10-10 00:00:00','2018-10-10 00:00:00'),(12,'筍','0','2018-10-10 00:00:00','2018-10-10 00:00:00'),(13,'栗','0','2018-10-10 00:00:00','2018-10-10 00:00:00'),(0,'','0','2018-10-10 00:00:00','2018-10-10 00:00:00');
/*!40000 ALTER TABLE `vegetable_ishikawa` ENABLE KEYS */;
UNLOCK TABLES;

--
-- Table structure for table `wood_fujimoto`
--

DROP TABLE IF EXISTS `wood_fujimoto`;
/*!40101 SET @saved_cs_client     = @@character_set_client */;
/*!40101 SET character_set_client = utf8 */;
CREATE TABLE `wood_fujimoto` (
  `id` int(11) DEFAULT NULL,
  `wood` varchar(256) DEFAULT NULL,
  `del_flg` varchar(1) DEFAULT NULL,
  `create_date` datetime DEFAULT NULL,
  `update_date` datetime DEFAULT NULL
) ENGINE=InnoDB DEFAULT CHARSET=utf8;
/*!40101 SET character_set_client = @saved_cs_client */;

--
-- Dumping data for table `wood_fujimoto`
--

LOCK TABLES `wood_fujimoto` WRITE;
/*!40000 ALTER TABLE `wood_fujimoto` DISABLE KEYS */;
INSERT INTO `wood_fujimoto` VALUES (0,'','0','2019-05-20 10:27:00','2019-05-20 10:27:00'),(1,'スプルース','0','2019-05-20 10:27:00','2019-05-20 10:27:00'),(2,'マホガニー','0','2019-05-20 10:27:00','2019-05-20 10:27:00'),(3,'その他','0','2019-05-20 10:27:00','2019-05-20 10:27:00');
/*!40000 ALTER TABLE `wood_fujimoto` ENABLE KEYS */;
UNLOCK TABLES;

--
-- Table structure for table `yugioh_main_okugawa`
--

DROP TABLE IF EXISTS `yugioh_main_okugawa`;
/*!40101 SET @saved_cs_client     = @@character_set_client */;
/*!40101 SET character_set_client = utf8 */;
CREATE TABLE `yugioh_main_okugawa` (
  `id` int(11) NOT NULL,
  `name` varchar(256) NOT NULL,
  `series_id` int(11) NOT NULL,
  `deck_id` int(11) DEFAULT NULL,
  `summons` varchar(256) DEFAULT NULL,
  `comment` varchar(256) DEFAULT NULL,
  `del_flg` varchar(1) DEFAULT NULL,
  `create_date` datetime NOT NULL,
  `update_date` datetime NOT NULL,
  PRIMARY KEY (`id`)
) ENGINE=InnoDB DEFAULT CHARSET=utf8;
/*!40101 SET character_set_client = @saved_cs_client */;

--
-- Dumping data for table `yugioh_main_okugawa`
--

LOCK TABLES `yugioh_main_okugawa` WRITE;
/*!40000 ALTER TABLE `yugioh_main_okugawa` DISABLE KEYS */;
INSERT INTO `yugioh_main_okugawa` VALUES (1,'武藤 遊戯',1,6,'アドバンス','王様','0','2019-06-10 12:00:00','2019-06-18 13:00:22'),(2,'海馬 瀬人',1,5,'アドバンス','かっこいい。社長。','0','2019-06-10 12:00:00','2019-06-11 13:00:00'),(3,'城之内 克也',1,3,'アドバンス','凡骨デュエリスト','0','2019-06-10 12:00:00','2019-06-11 13:00:00'),(4,'真崎 杏子',1,NULL,NULL,'ネタバレ女','0','2019-06-10 12:00:00','2019-06-18 11:53:39'),(5,'本田 ヒロト',1,NULL,NULL,'空気','0','2019-06-10 12:00:00','2019-06-18 11:53:45'),(6,'獏良 了',1,6,'アドバンス','闇サトシ','0','2019-06-10 12:00:00','2019-06-11 13:00:00'),(7,'御伽 龍児',1,3,'アドバンス','ダイスロール','0','2019-06-10 12:00:00','2019-06-11 13:00:00'),(8,'孔雀 舞',1,4,'アドバンス','大人の女性','0','2019-06-10 12:00:00','2019-06-11 13:00:00'),(9,'インゼクター羽蛾',1,3,'アドバンス','虫野郎','0','2019-06-10 12:00:00','2019-06-11 13:00:00'),(10,'ダイナソー竜崎',1,3,'アドバンス','エースぱくられ男','0','2019-06-10 12:00:00','2019-06-11 13:00:00'),(11,'梶木 漁太',1,2,'アドバンス','漁師','0','2019-06-10 12:00:00','2019-06-11 13:00:00'),(12,'キース・ハワード',1,6,'アドバンス','トムに負ける男','0','2019-06-10 12:00:00','2019-06-11 13:00:00'),(13,'ペガサス・J・クロフォード',1,6,'儀式','ﾃﾞｰｽ','0','2019-06-10 12:00:00','2019-06-18 11:38:25'),(14,'マリク・イシュタール',1,6,'アドバンス','ｦｰ','0','2019-06-10 12:00:00','2019-06-18 11:38:39'),(15,'遊城 十代',2,5,'融合','闇落ち主人公','0','2019-06-10 12:00:00','2019-06-11 13:00:00'),(16,'万城目 準',2,6,'融合','万城目サンダー','0','2019-06-10 12:00:00','2019-06-11 13:00:00'),(17,'天上院 明日香',2,5,'儀式','美','0','2019-06-10 12:00:00','2019-06-11 13:00:00'),(18,'丸藤 翔',2,3,'融合','弟','0','2019-06-10 12:00:00','2019-06-11 13:00:00'),(19,'三沢 大地',2,2,'アドバンス','公式に空気扱いされる男','0','2019-06-10 12:00:00','2019-06-11 13:00:00'),(20,'ティラノ剣山',2,3,'アドバンス','語尾ザウルス','0','2019-06-10 12:00:00','2019-06-11 13:00:00'),(21,'丸藤 亮',2,5,'融合','かっこいい。リスペクト。','0','2019-06-10 12:00:00','2019-06-11 13:00:00'),(22,'エド・フェニックス',2,6,'融合','オサレ','0','2019-06-10 12:00:00','2019-06-11 13:00:00'),(23,'天上院 吹雪',2,6,'アドバンス','闇が深い','0','2019-06-10 12:00:00','2019-06-11 13:00:00'),(24,'クロノス・デ・メディチ',2,3,'融合','愛され教諭','0','2019-06-10 12:00:00','2019-06-11 13:00:00'),(25,'斎王 琢磨',2,5,'アドバンス','子安','0','2019-06-10 12:00:00','2019-06-11 13:00:00'),(26,'ヨハン・アンデルセン',2,5,'アドバンス','会話のドッジボール','0','2019-06-10 12:00:00','2019-06-11 13:00:00'),(27,'オースチン・オブライエン',2,1,'アドバンス','マリオ','0','2019-06-10 12:00:00','2019-06-11 13:00:00'),(28,'ジム・クロコダイル・クック',2,3,'融合','ワニ男','0','2019-06-10 12:00:00','2019-06-11 13:00:00'),(29,'アモン・ガラム',2,2,'アドバンス','マッスル1','0','2019-06-10 12:00:00','2019-06-11 13:00:00'),(30,'プロフェッサー・コブラ',2,6,'アドバンス','マッスル2','0','2019-06-10 12:00:00','2019-06-11 13:00:00'),(31,'カイバーマン',2,5,'融合','粉砕玉砕大喝采','0','2019-06-10 12:00:00','2019-06-11 13:00:00'),(32,'不動 遊星',3,4,'シンクロ','個人的歴代最高主人公','0','2019-06-10 12:00:00','2019-06-11 13:00:00'),(33,'ジャック・アトラス',3,6,'シンクロ','キング','0','2019-06-10 12:00:00','2019-06-11 13:00:00'),(34,'クロウ・ホーガン',3,6,'シンクロ','インチキ男','0','2019-06-10 12:00:00','2019-06-11 13:00:00'),(35,'十六夜 アキ',3,1,'シンクロ','ドS','0','2019-06-10 12:00:00','2019-06-11 13:00:00'),(36,'龍亞',3,3,'シンクロ','兄貴','0','2019-06-10 12:00:00','2019-06-11 13:00:00'),(37,'龍可',3,5,'シンクロ','他力本願うなぎ','0','2019-06-10 12:00:00','2019-06-18 11:20:43'),(38,'レクス・ゴドウィン',3,6,'アドバンス','筋肉ダルマ','0','2019-06-10 12:00:00','2019-06-11 13:00:00'),(39,'イェーガー',3,6,'アドバンス','道化','0','2019-06-10 12:00:00','2019-06-11 13:00:00'),(40,'牛尾 哲',3,3,'シンクロ','頼りになる','0','2019-06-10 12:00:00','2019-06-11 13:00:00'),(41,'ルドガー・ゴドウィン',3,6,'アドバンス','死のダンス','0','2019-06-10 12:00:00','2019-06-11 13:00:00'),(42,'ディマク',3,6,'アドバンス','サル','0','2019-06-10 12:00:00','2019-06-11 13:00:00'),(43,'鬼柳 京介',3,6,'シンクロ','満足','0','2019-06-10 12:00:00','2019-06-11 13:00:00'),(44,'カーリー渚',3,6,'アドバンス','個人的にヒロイン','0','2019-06-10 12:00:00','2019-06-11 13:00:00'),(45,'ミスティ・ローラ',3,6,'アドバンス','ブラコン','0','2019-06-10 12:00:00','2019-06-11 13:00:00'),(46,'ボマー',3,6,'アドバンス','巨人','0','2019-06-10 12:00:00','2019-06-18 11:26:31'),(47,'ドラガン',3,3,'シンクロ','脳筋','0','2019-06-10 12:00:00','2019-06-11 13:00:00'),(48,'ブレイブ',3,6,'シンクロ','子供好き','0','2019-06-10 12:00:00','2019-06-11 13:00:00'),(49,'ハラルド',3,5,'シンクロ','まるで意味が分からんぞ','0','2019-06-10 12:00:00','2019-06-11 13:00:00'),(50,'シェリー・ルブラン',3,4,'シンクロ','カード出して','0','2019-06-10 12:00:00','2019-06-11 13:00:00'),(51,'ブルーノ',3,5,'シンクロ','つらい','0','2019-06-10 12:00:00','2019-06-11 13:00:00'),(52,'アポリア',3,5,'アドバンス','手のひら','0','2019-06-10 12:00:00','2019-06-18 13:01:46'),(53,'パラドックス',3,6,'アドバンス','田村','0','2019-06-10 12:00:00','2019-06-11 13:00:00'),(54,'ゾーン',3,5,'アドバンス','未来人','0','2019-06-10 12:00:00','2019-06-11 13:00:00'),(55,'九十九 遊馬',4,5,'エクシーズ','カットビング','0','2019-06-10 12:00:00','2019-06-11 13:00:00'),(56,'観月 小鳥',4,5,'エクシーズ','まじ(代行)天使','0','2019-06-10 12:00:00','2019-06-11 13:00:00'),(57,'神代 凌牙',4,2,'エクシーズ','元不良','0','2019-06-10 12:00:00','2019-06-11 13:00:00'),(58,'天城 カイト',4,5,'エクシーズ','すぐハルト','0','2019-06-10 12:00:00','2019-06-11 13:00:00'),(59,'ゴーシュ',4,3,'エクシーズ','いいノリしてる人','0','2019-06-10 12:00:00','2019-06-11 13:00:00'),(60,'ドロワ',4,6,'エクシーズ','そんな覚えてない','0','2019-06-10 12:00:00','2019-06-11 13:00:00'),(61,'バイロン・アークライト',4,5,'エクシーズ','お父様','0','2019-06-10 12:00:00','2019-06-11 13:00:00'),(62,'クリストファー・アークライト',4,5,'エクシーズ','長男','0','2019-06-10 12:00:00','2019-06-11 13:00:00'),(63,'トーマス・アークライト',4,6,'エクシーズ','次男','0','2019-06-10 12:00:00','2019-06-11 13:00:00'),(64,'ミハエル・アークライト',4,3,'エクシーズ','三男','0','2019-06-10 12:00:00','2019-06-11 13:00:00'),(65,'ドルベ',4,5,'エクシーズ','無能','0','2019-06-10 12:00:00','2019-06-11 13:00:00'),(66,'ギラグ',4,3,'エクシーズ','女にやさしい','0','2019-06-10 12:00:00','2019-06-11 13:00:00'),(67,'アリト',4,1,'エクシーズ','いいやつだった','0','2019-06-10 12:00:00','2019-06-11 13:00:00'),(68,'ミザエル',4,5,'エクシーズ','タキオン厨','0','2019-06-10 12:00:00','2019-06-11 13:00:00'),(69,'ベクター',4,6,'エクシーズ','ZEXALの8割','0','2019-06-10 12:00:00','2019-06-11 13:00:00'),(70,'メラグ',4,2,'エクシーズ','センス高い','0','2019-06-10 12:00:00','2019-06-11 13:00:00'),(71,'ドン・サウザンド',4,5,'エクシーズ','絶対許されない男','0','2019-06-10 12:00:00','2019-06-11 13:00:00'),(72,'榊 遊矢',5,6,'ペンデュラム','メンヘラ主人公','0','2019-06-10 12:00:00','2019-06-11 13:00:00'),(73,'ユート',5,6,'エクシーズ','腹パン男','0','2019-06-10 12:00:00','2019-06-11 13:00:00'),(74,'ユーゴ',5,4,'シンクロ','融合じゃない人','0','2019-06-10 12:00:00','2019-06-11 13:00:00'),(75,'ユーリ',5,6,'融合','ねっとり','0','2019-06-10 12:00:00','2019-06-11 13:00:00'),(76,'柊 柚子',5,5,'融合','ストロング','0','2019-06-10 12:00:00','2019-06-11 13:00:00'),(77,'セレナ',5,6,'融合','脳筋女','0','2019-06-10 12:00:00','2019-06-11 13:00:00'),(78,'リン',5,4,'シンクロ','足蹴り女','0','2019-06-10 12:00:00','2019-06-11 13:00:00'),(79,'黒咲 瑠璃',5,4,'エクシーズ','兄が面白い','0','2019-06-10 12:00:00','2019-06-11 13:00:00'),(80,'赤馬 零児',5,6,'ペンデュラム','有能','0','2019-06-10 12:00:00','2019-06-11 13:00:00'),(81,'権現坂 昇',5,3,'シンクロ','いいやつ','0','2019-06-10 12:00:00','2019-06-11 13:00:00'),(82,'紫雲院 素良',5,6,'融合','顔芸','0','2019-06-10 12:00:00','2019-06-11 13:00:00'),(83,'沢渡 シンゴ',5,4,'ペンデュラム','なんだかんだ人気','0','2019-06-10 12:00:00','2019-06-11 13:00:00'),(84,'黒咲 隼',5,6,'エクシーズ','愛され男','0','2019-06-10 12:00:00','2019-06-11 13:00:00'),(85,'風魔 月影',5,6,'アドバンス','邪魔しに参った','0','2019-06-10 12:00:00','2019-06-11 13:00:00'),(86,'デニス・マックフィールド',5,5,'ペンデュラム','裏しかない','0','2019-06-10 12:00:00','2019-06-11 13:00:00'),(87,'志島 北斗',5,5,'エクシーズ','中の人が良い','0','2019-06-10 12:00:00','2019-06-11 13:00:00'),(88,'光津 真澄',5,3,'融合','友情の人','0','2019-06-10 12:00:00','2019-06-11 13:00:00'),(89,'刀堂 刃',5,3,'シンクロ','リアルファイトで負けた人','0','2019-06-10 12:00:00','2019-06-11 13:00:00'),(90,'シンジ・ウェーバー',5,4,'シンクロ','イキリ','0','2019-06-10 12:00:00','2019-06-11 13:00:00'),(91,'徳松 長次郎',5,6,'シンクロ','いい人','0','2019-06-10 12:00:00','2019-06-11 13:00:00'),(92,'藤木 遊作',6,6,'リンク','勝率高い人','0','2019-06-10 12:00:00','2019-06-11 13:00:00'),(93,'穂村 尊',6,1,'リンク','環境','0','2019-06-10 12:00:00','2019-06-11 13:00:00'),(94,'財前 葵',6,5,'リンク','後半でやっとヒロイン','0','2019-06-10 12:00:00','2019-06-11 13:00:00'),(95,'鬼塚 豪',6,3,'リンク','カリスマ()','0','2019-06-10 12:00:00','2019-06-18 11:54:44'),(96,'財前 晃',6,6,'リンク','お兄様','0','2019-06-10 12:00:00','2019-06-18 13:06:38'),(97,'道順 健碁',6,4,'リンク','お母さん孝行','0','2019-06-10 12:00:00','2019-06-11 13:00:00'),(98,'別所 エマ',6,6,'リンク','ゴーストおばさん','0','2019-06-10 12:00:00','2019-06-11 13:00:00'),(99,'鴻上 了見',6,6,'リンク','かっこいい。良い。推す。','0','2019-06-10 12:00:00','2019-06-11 13:00:00'),(100,'スペクター',6,3,'リンク','ママ大好き','0','2019-06-10 12:00:00','2019-06-18 11:32:05');
/*!40000 ALTER TABLE `yugioh_main_okugawa` ENABLE KEYS */;
UNLOCK TABLES;

--
-- Table structure for table `yuru_belong_yokoyama`
--

DROP TABLE IF EXISTS `yuru_belong_yokoyama`;
/*!40101 SET @saved_cs_client     = @@character_set_client */;
/*!40101 SET character_set_client = utf8 */;
CREATE TABLE `yuru_belong_yokoyama` (
  `belong_id` int(11) NOT NULL,
  `belong` varchar(256) NOT NULL,
  `del_flg` varchar(1) DEFAULT NULL,
  `create_date` datetime DEFAULT NULL,
  `update_date` datetime DEFAULT NULL
) ENGINE=InnoDB DEFAULT CHARSET=utf8;
/*!40101 SET character_set_client = @saved_cs_client */;

--
-- Dumping data for table `yuru_belong_yokoyama`
--

LOCK TABLES `yuru_belong_yokoyama` WRITE;
/*!40000 ALTER TABLE `yuru_belong_yokoyama` DISABLE KEYS */;
INSERT INTO `yuru_belong_yokoyama` VALUES (1,'ご当地','0','2019-04-12 00:00:00','2019-04-12 00:00:00'),(2,'企業','0','2019-04-12 00:00:00','2019-04-12 00:00:00'),(3,'その他','0','2019-04-12 00:00:00','2019-04-12 00:00:00');
/*!40000 ALTER TABLE `yuru_belong_yokoyama` ENABLE KEYS */;
UNLOCK TABLES;

--
-- Table structure for table `yuru_data_yokoyama`
--

DROP TABLE IF EXISTS `yuru_data_yokoyama`;
/*!40101 SET @saved_cs_client     = @@character_set_client */;
/*!40101 SET character_set_client = utf8 */;
CREATE TABLE `yuru_data_yokoyama` (
  `id` int(11) NOT NULL,
  `name` varchar(256) NOT NULL,
  `from_id` int(11) DEFAULT NULL,
  `belong_id` int(11) DEFAULT NULL,
  `point` varchar(256) DEFAULT NULL,
  `img` varchar(256) DEFAULT NULL,
  `del_flg` varchar(1) DEFAULT NULL,
  `create_date` datetime DEFAULT NULL,
  `update_date` datetime DEFAULT NULL,
  PRIMARY KEY (`id`)
) ENGINE=InnoDB DEFAULT CHARSET=utf8;
/*!40101 SET character_set_client = @saved_cs_client */;

--
-- Dumping data for table `yuru_data_yokoyama`
--

LOCK TABLES `yuru_data_yokoyama` WRITE;
/*!40000 ALTER TABLE `yuru_data_yokoyama` DISABLE KEYS */;
INSERT INTO `yuru_data_yokoyama` VALUES (1,'さんかくやまベェ',1,1,'150万歳とされている','/YuruYokoyama/001.png','0','2019-04-15 00:00:00','2019-04-15 00:00:00'),(2,'メロン熊',1,1,'畑いじりが趣味','/YuruYokoyama/002.png','0','2019-04-15 00:00:00','2019-04-15 00:00:00'),(3,'むすび丸',4,1,'伊達政宗公の兜の飾りがチャームポイント','/YuruYokoyama/003.png','0','2019-04-15 00:00:00','2019-04-15 00:00:00'),(4,'独眼竜ねこまさむね',4,1,'奥州のはしゃ','/YuruYokoyama/004.png','0','2019-04-15 00:00:00','2019-04-15 00:00:00'),(5,'ハネトン',2,1,'ねぶた踊りが得意','/YuruYokoyama/005.png','0','2019-04-15 00:00:00','2019-04-15 00:00:00'),(6,'たか丸くん',2,1,'調子に乗りやすい','/YuruYokoyama/006.png','0','2019-04-15 00:00:00','2019-04-15 00:00:00'),(7,'しわまろくん',3,1,'ガールフレンドがいる','/YuruYokoyama/007.png','0','2019-04-15 00:00:00','2019-04-15 00:00:00'),(8,'サーモンくん&みやこちゃん',3,1,'11月11日(鮭の日)うまれ','/YuruYokoyama/008.png','0','2019-04-15 00:00:00','2019-04-15 00:00:00'),(9,'スポまる',5,1,'走るスピードが速いため、たてがみがなびいている','/YuruYokoyama/009.png','0','2019-04-15 00:00:00','2019-04-15 00:00:00'),(10,'ニャンパチ',5,1,'ふわふわな肉球','/YuruYokoyama/010.png','0','2019-04-15 00:00:00','2019-04-15 00:00:00'),(11,'はながたベニちゃん',6,1,'「～ベニ」がつく話し方','/YuruYokoyama/011.png','0','2019-04-15 00:00:00','2019-04-15 00:00:00'),(12,'ももりん',7,1,'「もも」と「リンゴ」から「ももりん」と名付られた','/YuruYokoyama/012.png','0','2019-04-15 00:00:00','2019-04-15 00:00:00'),(13,'カブトン',7,1,'常に前向きでチャレンジ精神が旺盛','/YuruYokoyama/013.png','0','2019-04-15 00:00:00','2019-04-15 00:00:00'),(14,'新宿あわわ',13,1,'きれい好き','/YuruYokoyama/014.png','0','2019-04-15 00:00:00','2019-04-15 00:00:00'),(15,'稲城なしのすけ',13,1,'梨型メカ','/YuruYokoyama/015.png','0','2019-04-15 00:00:00','2019-04-15 00:00:00'),(16,'横浜みどりアップ葉っぴー',14,1,'体重88g（葉っぱだけに）','/YuruYokoyama/016.png','0','2019-04-15 00:00:00','2019-04-15 00:00:00'),(17,'かわさきミュートン',14,1,'尊敬する人 : 坂本九さん','/YuruYokoyama/017.png','0','2019-04-15 00:00:00','2019-04-15 00:00:00'),(18,'さがみん',14,1,'人懐っこくてピュア','/YuruYokoyama/018.png','0','2019-04-15 00:00:00','2019-04-15 00:00:00'),(19,'つなが竜ヌゥ',11,1,'\"見沼田んぼ\"の主の子孫','/YuruYokoyama/019.png','0','2019-04-15 00:00:00','2019-04-15 00:00:00'),(20,'ちはなちゃん',12,1,'おっとりしている','/YuruYokoyama/020.png','0','2019-04-15 00:00:00','2019-04-15 00:00:00'),(21,'ねば～る君',8,1,'こねればこねる程味が出る','/YuruYokoyama/021.png','0','2019-04-15 00:00:00','2019-04-15 00:00:00'),(22,'ミヤリー',9,1,'上から目線で毒舌','/YuruYokoyama/022.png','0','2019-04-15 00:00:00','2019-04-15 00:00:00'),(23,'ぐんまちゃん',10,1,'特技 : 変身','/YuruYokoyama/023.png','0','2019-04-15 00:00:00','2019-04-15 00:00:00'),(24,'笹だるま',15,1,'「幸せトルネード」','/YuruYokoyama/024.png','0','2019-04-15 00:00:00','2019-04-15 00:00:00'),(25,'アルクマ',20,NULL,'信州に出没する､大変珍しいクマ','/YuruYokoyama/025.png','0','2019-04-15 00:00:00','2019-04-15 00:00:00'),(26,'とりもっちゃん',19,1,'40歳（酉年）','/YuruYokoyama/026.png','0','2019-04-15 00:00:00','2019-04-15 00:00:00'),(27,'はち丸&かなえっち',23,1,'風呂敷の中にかなえっちが入ってる','/YuruYokoyama/027.png','0','2019-04-15 00:00:00','2019-04-15 00:00:00'),(28,'オカザえもん',23,1,'拙者、オカザえもんと申しますでござる～','/YuruYokoyama/028.png','0','2019-04-15 00:00:00','2019-04-15 00:00:00'),(29,'うーたん',21,1,'特別住民票を持っている','/YuruYokoyama/029.png','0','2019-04-15 00:00:00','2019-04-15 00:00:00'),(30,'ゴーちゃん',24,1,'伯父上は織田信長','/YuruYokoyama/030.png','0','2019-04-15 00:00:00','2019-04-15 00:00:00'),(31,'しずみぃ',22,1,'10歳（小学校4年生）','/YuruYokoyama/031.png','0','2019-04-15 00:00:00','2019-04-15 00:00:00'),(32,'出世大名家康くん',22,1,'浜名湖うなぎのちょんまげ','/YuruYokoyama/032.png','0','2019-04-15 00:00:00','2019-04-15 00:00:00'),(33,'市立探偵ペロリッチ',16,1,'惚れっぽいが時には義理堅い','/YuruYokoyama/033.png','0','2019-04-15 00:00:00','2019-04-15 00:00:00'),(34,'かなりん',17,1,'特技 : 足じゃんけん','/YuruYokoyama/034.png','0','2019-04-15 00:00:00','2019-04-15 00:00:00'),(35,'朝倉ゆめまる',18,1,'一乗谷朝倉氏遺跡に住む妖精','/YuruYokoyama/035.png','0','2019-04-15 00:00:00','2019-04-15 00:00:00'),(36,'ゆめまるくん',27,1,'額にある「C」の前髪は中央区の「C」を表している','/YuruYokoyama/036.png','0','2019-04-15 00:00:00','2019-04-15 00:00:00'),(37,'かもめん',28,1,'くちぐせ : 「〇〇もめ」','/YuruYokoyama/037.png','0','2019-04-15 00:00:00','2019-04-15 00:00:00'),(38,'時のわらし',28,1,'明石の時間を守り続ける\"時の妖精\"','/YuruYokoyama/038.jpg','0','2019-04-15 00:00:00','2019-04-15 00:00:00'),(39,'にしきょう・たけにょん',26,1,'少し内股な足がチャームポイント','/YuruYokoyama/039.png','0','2019-04-15 00:00:00','2019-04-15 00:00:00'),(40,'ひこにゃん',25,1,'1日3回、彦根城天守前広場や彦根城博物館に登場','/YuruYokoyama/040.png','0','2019-04-15 00:00:00','2019-04-15 00:00:00'),(41,'おおつ光ルくん\n（おおつひかるくん）',25,1,'衣食住が足りすぎて運動不足','/YuruYokoyama/041.png','0','2019-04-15 00:00:00','2019-04-15 00:00:00'),(42,'せんとくん',29,1,'平城遷都1300年祭をアピールするため誕生','/YuruYokoyama/042.png','0','2019-04-15 00:00:00','2019-04-15 00:00:00'),(43,'しかまろくん',29,1,'のんびり屋','/YuruYokoyama/043.png','0','2019-04-15 00:00:00','2019-04-15 00:00:00'),(44,'きいちゃん',30,1,'紀州犬をモチーフにした元気いっぱいのマスコット','/YuruYokoyama/044.png','0','2019-04-15 00:00:00','2019-04-15 00:00:00'),(45,'たけちゃま',34,1,'恥ずかしがり屋で、公ではささやいて家臣に代弁させる','/YuruYokoyama/045.png','0','2019-04-15 00:00:00','2019-04-15 00:00:00'),(46,'はっさくん',34,1,'因島のことになると熱くなる','/YuruYokoyama/046.png','0','2019-04-15 00:00:00','2019-04-15 00:00:00'),(47,'ミコロ?ハコロ',33,1,'特技 : ころころすること','/YuruYokoyama/047.png','0','2019-04-15 00:00:00','2019-04-15 00:00:00'),(48,'SUGO！USAGI?イーくん',31,1,'実は3つ子で、他にのんびり屋の「ナーくん」と、しっかり者の「バーくん」がいる','/YuruYokoyama/048.png','0','2019-04-15 00:00:00','2019-04-15 00:00:00'),(49,'しまねっこ',32,1,'最近食べすぎで少し動きが鈍い','/YuruYokoyama/049.png','0','2019-04-15 00:00:00','2019-04-15 00:00:00'),(50,'おおちゃん',35,1,'ロマンチスト、熱血な一面も','/YuruYokoyama/050.png','0','2019-04-15 00:00:00','2019-04-15 00:00:00'),(51,'うっち～',35,1,'天真爛漫、ドジっ子','/YuruYokoyama/051.png','0','2019-04-15 00:00:00','2019-04-15 00:00:00'),(52,'ほっくん',35,1,'水平線に沈む夕日と「豊」の文字を表現','/YuruYokoyama/052.png','0','2019-04-15 00:00:00','2019-04-15 00:00:00'),(53,'すだちくん',36,1,'愛くるしい笑顔','/YuruYokoyama/053.png','0','2019-04-15 00:00:00','2019-04-15 00:00:00'),(54,'ときたま',37,1,'正式名称 : 常磐 玉吾','/YuruYokoyama/054.png','0','2019-04-15 00:00:00','2019-04-15 00:00:00'),(55,'しまぼう',38,1,'足は短いけど、高くジャンプすることができる','/YuruYokoyama/055.png','0','2019-04-15 00:00:00','2019-04-15 00:00:00'),(56,'いまばり バリィさん',38,1,'焼き鳥のまち今治（いまばり）生まれ今治育ちのトリ','/YuruYokoyama/056.png','0','2019-04-15 00:00:00','2019-04-15 00:00:00'),(57,'ケーちゃん',39,1,'頭の上に乗っているのは県花「やまもも」がチャームーポイント','/YuruYokoyama/057.png','0','2019-04-15 00:00:00','2019-04-15 00:00:00'),(58,'しんじょう君',39,1,'須崎市の新荘川で、最後に確認されたニホンカワウソ','/YuruYokoyama/058.png','0','2019-04-15 00:00:00','2019-04-15 00:00:00'),(59,'ふくおか官兵衛くん',40,1,'倹約好き（たまに大盤振る舞いする）','/YuruYokoyama/059.png','0','2019-04-15 00:00:00','2019-04-15 00:00:00'),(60,'プチボザウルス',40,1,'友達 : 環境戦士アースマン','/YuruYokoyama/060.png','0','2019-04-15 00:00:00','2019-04-15 00:00:00'),(61,'はんしゃろん',41,1,'\"反射炉\"の守り神','/YuruYokoyama/061.png','0','2019-04-15 00:00:00','2019-04-15 00:00:00'),(62,'さるくちゃん',42,1,'顔にひらがなで、「さ」「る」「く」の3文字が入っている','/YuruYokoyama/062.png','0','2019-04-15 00:00:00','2019-04-15 00:00:00'),(63,'くまモン',43,1,'やんちゃで好奇心いっぱい','/YuruYokoyama/063.png','0','2019-04-15 00:00:00','2019-04-15 00:00:00'),(64,'たかもん',44,1,'「サル」と「山」のしたたかな使い分け','/YuruYokoyama/064.png','0','2019-04-15 00:00:00','2019-04-15 00:00:00'),(65,'ミッシちゃん',45,1,'宮崎の青島という島に住んでいる妖精','/YuruYokoyama/065.png','0','2019-04-15 00:00:00','2019-04-15 00:00:00'),(66,'サクラエンジェルちゃん',46,1,'特技 : ジャンプと投げキッス','/YuruYokoyama/066.png','0','2019-04-15 00:00:00','2019-04-15 00:00:00'),(67,'だちびんくん',47,1,'頭からいろいろな物が出せる（お菓子など）','/YuruYokoyama/067.png','0','2019-04-15 00:00:00','2019-04-15 00:00:00'),(68,'なんじぃ',47,1,'相棒の白ヤギ\"ヤッギー\"と一緒に南城市の青い海でよく遊んでいるよ♪','/YuruYokoyama/068.png','0','2019-04-15 00:00:00','2019-04-15 00:00:00'),(69,'ハリーホーク',NULL,3,'福岡ソフトバンクホークスのマスコット','/YuruYokoyama/069.jpg','0','2019-04-15 00:00:00','2019-04-15 00:00:00'),(70,'レオ',NULL,3,'埼玉西武ライオンズのマスコット','/YuruYokoyama/070.jpg','0','2019-04-15 00:00:00','2019-04-15 00:00:00'),(71,'ジャビット君',NULL,3,' 読売ジャイアンツのマスコット','/YuruYokoyama/071.jpg','0','2019-04-15 00:00:00','2019-04-15 00:00:00'),(72,'トラッキー',NULL,3,'阪神タイガースのマスコット','/YuruYokoyama/072.jpg','0','2019-04-15 00:00:00','2019-04-15 00:00:00'),(73,'ドアラ',NULL,3,'中日ドラゴンズのマスコット。荒ぶる有袋類。 ','/YuruYokoyama/073.jpg','0','2019-04-15 00:00:00','2019-04-15 00:00:00'),(74,'つば九郎',NULL,3,'東京ヤクルトスワローズのマスコット。畜ペン。','/YuruYokoyama/074.jpg','0','2019-04-15 00:00:00','2019-04-15 00:00:00'),(75,'かんぽくん',NULL,2,'株式会社かんぽ生命保険所属','/YuruYokoyama/075.jpg','0','2019-04-15 00:00:00','2019-04-15 00:00:00'),(76,'あらびき星人ソップリン',NULL,2,'プリマハム株式会社所属','/YuruYokoyama/076.jpg','0','2019-04-15 00:00:00','2019-04-15 00:00:00'),(77,'ふなっしー',12,1,'本名 : ﾌﾅﾃﾞｨｳｽ4世/船田梨男','/YuruYokoyama/077.jpg','0','2019-04-15 00:00:00','2019-04-15 00:00:00'),(78,'ずーしーほっきー',1,1,'可愛さよりキモさが売りです','/YuruYokoyama/078.jpg','0','2019-04-15 00:00:00','2019-04-15 00:00:00'),(79,'ちぃたん☆',13,1,'秋葉原出身のコツメカワウソの妖精','/YuruYokoyama/079.jpg','0','2019-04-15 00:00:00','2019-04-15 00:00:00'),(80,'パッチョ',NULL,2,'東京ガス所属','/YuruYokoyama/080.gif','0','2019-04-15 00:00:00','2019-04-15 00:00:00'),(81,'電パッチョ',NULL,2,'東京ガス所属','/YuruYokoyama/081.jpg','0','2019-04-15 00:00:00','2019-04-15 00:00:00');
/*!40000 ALTER TABLE `yuru_data_yokoyama` ENABLE KEYS */;
UNLOCK TABLES;

--
-- Table structure for table `yuru_from_yokoyama`
--

DROP TABLE IF EXISTS `yuru_from_yokoyama`;
/*!40101 SET @saved_cs_client     = @@character_set_client */;
/*!40101 SET character_set_client = utf8 */;
CREATE TABLE `yuru_from_yokoyama` (
  `from_id` int(11) NOT NULL,
  `place` varchar(256) NOT NULL,
  `del_flg` varchar(1) DEFAULT NULL,
  `create_date` datetime DEFAULT NULL,
  `update_date` datetime DEFAULT NULL
) ENGINE=InnoDB DEFAULT CHARSET=utf8;
/*!40101 SET character_set_client = @saved_cs_client */;

--
-- Dumping data for table `yuru_from_yokoyama`
--

LOCK TABLES `yuru_from_yokoyama` WRITE;
/*!40000 ALTER TABLE `yuru_from_yokoyama` DISABLE KEYS */;
INSERT INTO `yuru_from_yokoyama` VALUES (1,'北海道','0','2019-04-12 00:00:00','2019-04-12 00:00:00'),(2,'青森県','0','2019-04-12 00:00:00','2019-04-12 00:00:00'),(3,'岩手県','0','2019-04-12 00:00:00','2019-04-12 00:00:00'),(4,'宮城県','0','2019-04-12 00:00:00','2019-04-12 00:00:00'),(5,'秋田県','0','2019-04-12 00:00:00','2019-04-12 00:00:00'),(6,'山形県','0','2019-04-12 00:00:00','2019-04-12 00:00:00'),(7,'福島県','0','2019-04-12 00:00:00','2019-04-12 00:00:00'),(8,'茨城県','0','2019-04-12 00:00:00','2019-04-12 00:00:00'),(9,'栃木県','0','2019-04-12 00:00:00','2019-04-12 00:00:00'),(10,'群馬県','0','2019-04-12 00:00:00','2019-04-12 00:00:00'),(11,'埼玉県','0','2019-04-12 00:00:00','2019-04-12 00:00:00'),(12,'千葉県','0','2019-04-12 00:00:00','2019-04-12 00:00:00'),(13,'東京都','0','2019-04-12 00:00:00','2019-04-12 00:00:00'),(14,'神奈川県','0','2019-04-12 00:00:00','2019-04-12 00:00:00'),(15,'新潟県','0','2019-04-12 00:00:00','2019-04-12 00:00:00'),(16,'富山県','0','2019-04-12 00:00:00','2019-04-12 00:00:00'),(17,'石川県','0','2019-04-12 00:00:00','2019-04-12 00:00:00'),(18,'福井県','0','2019-04-12 00:00:00','2019-04-12 00:00:00'),(19,'山梨県','0','2019-04-12 00:00:00','2019-04-12 00:00:00'),(20,'長野県','0','2019-04-12 00:00:00','2019-04-12 00:00:00'),(21,'岐阜県','0','2019-04-12 00:00:00','2019-04-12 00:00:00'),(22,'静岡県','0','2019-04-12 00:00:00','2019-04-12 00:00:00'),(23,'愛知県','0','2019-04-12 00:00:00','2019-04-12 00:00:00'),(24,'三重県','0','2019-04-12 00:00:00','2019-04-12 00:00:00'),(25,'滋賀県','0','2019-04-12 00:00:00','2019-04-12 00:00:00'),(26,'京都府','0','2019-04-12 00:00:00','2019-04-12 00:00:00'),(27,'大阪府','0','2019-04-12 00:00:00','2019-04-12 00:00:00'),(28,'兵庫県','0','2019-04-12 00:00:00','2019-04-12 00:00:00'),(29,'奈良県','0','2019-04-12 00:00:00','2019-04-12 00:00:00'),(30,'和歌山県','0','2019-04-12 00:00:00','2019-04-12 00:00:00'),(31,'鳥取県','0','2019-04-12 00:00:00','2019-04-12 00:00:00'),(32,'島根県','0','2019-04-12 00:00:00','2019-04-12 00:00:00'),(33,'岡山県','0','2019-04-12 00:00:00','2019-04-12 00:00:00'),(34,'広島県','0','2019-04-12 00:00:00','2019-04-12 00:00:00'),(35,'山口県','0','2019-04-12 00:00:00','2019-04-12 00:00:00'),(36,'徳島県','0','2019-04-12 00:00:00','2019-04-12 00:00:00'),(37,'香川県','0','2019-04-12 00:00:00','2019-04-12 00:00:00'),(38,'愛媛県','0','2019-04-12 00:00:00','2019-04-12 00:00:00'),(39,'高知県','0','2019-04-12 00:00:00','2019-04-12 00:00:00'),(40,'福岡県','0','2019-04-12 00:00:00','2019-04-12 00:00:00'),(41,'佐賀県','0','2019-04-12 00:00:00','2019-04-12 00:00:00'),(42,'長崎県','0','2019-04-12 00:00:00','2019-04-12 00:00:00'),(43,'熊本県','0','2019-04-12 00:00:00','2019-04-12 00:00:00'),(44,'大分県','0','2019-04-12 00:00:00','2019-04-12 00:00:00'),(45,'宮崎県','0','2019-04-12 00:00:00','2019-04-12 00:00:00'),(46,'鹿児島県','0','2019-04-12 00:00:00','2019-04-12 00:00:00'),(47,'沖縄県','0','2019-04-12 00:00:00','2019-04-12 00:00:00');
/*!40000 ALTER TABLE `yuru_from_yokoyama` ENABLE KEYS */;
UNLOCK TABLES;
/*!40103 SET TIME_ZONE=@OLD_TIME_ZONE */;

/*!40101 SET SQL_MODE=@OLD_SQL_MODE */;
/*!40014 SET FOREIGN_KEY_CHECKS=@OLD_FOREIGN_KEY_CHECKS */;
/*!40014 SET UNIQUE_CHECKS=@OLD_UNIQUE_CHECKS */;
/*!40101 SET CHARACTER_SET_CLIENT=@OLD_CHARACTER_SET_CLIENT */;
/*!40101 SET CHARACTER_SET_RESULTS=@OLD_CHARACTER_SET_RESULTS */;
/*!40101 SET COLLATION_CONNECTION=@OLD_COLLATION_CONNECTION */;
/*!40111 SET SQL_NOTES=@OLD_SQL_NOTES */;

-- Dump completed on 2019-07-25 11:05:37
