-- phpMyAdmin SQL Dump
-- version 4.9.0.1
-- https://www.phpmyadmin.net/
--
-- ホスト: 127.0.0.1
-- 生成日時: 
-- サーバのバージョン： 10.4.6-MariaDB
-- PHP のバージョン: 7.3.9

SET SQL_MODE = "NO_AUTO_VALUE_ON_ZERO";
SET AUTOCOMMIT = 0;
START TRANSACTION;
SET time_zone = "+00:00";


/*!40101 SET @OLD_CHARACTER_SET_CLIENT=@@CHARACTER_SET_CLIENT */;
/*!40101 SET @OLD_CHARACTER_SET_RESULTS=@@CHARACTER_SET_RESULTS */;
/*!40101 SET @OLD_COLLATION_CONNECTION=@@COLLATION_CONNECTION */;
/*!40101 SET NAMES utf8mb4 */;

--
-- データベース: `fa`
--
CREATE DATABASE IF NOT EXISTS `fa` DEFAULT CHARACTER SET utf8 COLLATE utf8_general_ci;
USE `fa`;

-- --------------------------------------------------------

--
-- テーブルの構造 `album_anzai`
--

CREATE TABLE `album_anzai` (
  `id` int(11) NOT NULL,
  `album` varchar(256) NOT NULL,
  `del_flg` varchar(1) DEFAULT NULL,
  `create_date` datetime NOT NULL,
  `update_date` datetime NOT NULL
) ENGINE=InnoDB DEFAULT CHARSET=utf8;

--
-- テーブルのデータのダンプ `album_anzai`
--

INSERT INTO `album_anzai` (`id`, `album`, `del_flg`, `create_date`, `update_date`) VALUES
(0, '', '0', '2019-10-29 00:00:00', '2019-10-29 00:00:00'),
(1, 'Perfume～Complete Best', '0', '2019-10-29 00:00:00', '2019-10-29 00:00:00'),
(2, 'GAME', '0', '2019-10-29 00:00:00', '2019-10-29 00:00:00'),
(3, '⊿', '0', '2019-10-29 00:00:00', '2019-10-29 00:00:00'),
(4, 'JPN', '0', '2019-10-29 00:00:00', '2019-10-29 00:00:00'),
(5, 'Perfume Global Compilation', '0', '2019-10-29 00:00:00', '2019-10-29 00:00:00'),
(6, 'LOVE THE WORLD', '0', '2019-10-29 00:00:00', '2019-10-29 00:00:00'),
(7, 'LEVEL3', '0', '2019-10-29 00:00:00', '2019-10-29 00:00:00'),
(8, 'COSMIC EXPLORER', '0', '2019-10-29 00:00:00', '2019-10-29 00:00:00'),
(9, 'Future Pop', '0', '2019-10-29 00:00:00', '2019-10-29 00:00:00'),
(10, 'Perfume The Best “P Cubed”', '0', '2019-10-29 00:00:00', '2019-10-29 00:00:00');

-- --------------------------------------------------------

--
-- テーブルの構造 `animal_uriu`
--

CREATE TABLE `animal_uriu` (
  `id` int(11) NOT NULL,
  `animal` varchar(256) DEFAULT NULL,
  `del_flg` varchar(1) DEFAULT NULL,
  `create_date` int(11) NOT NULL,
  `update_date` int(11) NOT NULL
) ENGINE=InnoDB DEFAULT CHARSET=utf8;

--
-- テーブルのデータのダンプ `animal_uriu`
--

INSERT INTO `animal_uriu` (`id`, `animal`, `del_flg`, `create_date`, `update_date`) VALUES
(0, NULL, '0', 2019, 2019),
(1, 'イヌ', '0', 2019, 2019),
(2, 'ネコ', '0', 2019, 2019),
(3, 'ウシ', '0', 2019, 2019),
(4, 'ウサギ', '0', 2019, 2019),
(5, 'カエル', '0', 2019, 2019),
(6, 'ネズミ', '0', 2019, 2019),
(7, 'オオカミ', '0', 2019, 2019),
(8, 'クマ', '0', 2019, 2019),
(9, 'ヒツジ', '0', 2019, 2019),
(10, 'アヒル', '0', 2019, 2019),
(11, 'ワシ', '0', 2019, 2019),
(12, 'ペンギン', '0', 2019, 2019),
(13, 'リス', '0', 2019, 2019),
(14, 'コアラ', '0', 2019, 2019),
(15, 'ゾウ', '0', 2019, 2019),
(16, 'トリ', '0', 2019, 2019),
(17, 'コグマ', '0', 2019, 2019);

-- --------------------------------------------------------

--
-- テーブルの構造 `anime_main_nagatake`
--

CREATE TABLE `anime_main_nagatake` (
  `id` int(11) NOT NULL,
  `anime_title` varchar(256) NOT NULL,
  `genre_id` int(11) DEFAULT NULL,
  `studio_id` int(11) DEFAULT NULL,
  `release_year` int(4) NOT NULL,
  `voiceactor_id` int(50) DEFAULT NULL,
  `source_id` int(10) DEFAULT NULL,
  `comment` varchar(256) DEFAULT NULL,
  `del_flg` varchar(1) DEFAULT NULL,
  `create_date` datetime NOT NULL,
  `update_date` datetime NOT NULL
) ENGINE=InnoDB DEFAULT CHARSET=utf8;

--
-- テーブルのデータのダンプ `anime_main_nagatake`
--

INSERT INTO `anime_main_nagatake` (`id`, `anime_title`, `genre_id`, `studio_id`, `release_year`, `voiceactor_id`, `source_id`, `comment`, `del_flg`, `create_date`, `update_date`) VALUES
(1, 'ドラゴンボール', 3, 1, 1986, 1, 2, '日本だけでなく海外でも大人気の作品', '0', '2019-09-18 00:00:00', '2019-09-18 00:00:00'),
(2, 'ワンピース', 3, 1, 1999, 2, 2, '知らない人はいないであろう超大作', '0', '2019-09-13 00:00:00', '2019-09-13 00:00:00'),
(3, 'ソードアートオンライン', 1, 2, 2012, 3, 5, 'ゲームが好きな人はハマるかも！！', '0', '2019-09-13 00:00:00', '2019-09-13 00:00:00'),
(4, '日常', 6, 10, 2011, 4, 6, '日常系アニメ…です。', '0', '2019-09-13 00:00:00', '2019-09-13 00:00:00'),
(5, 'がっこうぐらし', 8, 12, 2015, 5, 3, '日常系のほのぼのアニメです。(ジャンルは要チェック)', '0', '2019-09-13 00:00:00', '2019-09-27 15:12:48'),
(6, '魔法少女まどかマギカ', 3, 8, 2011, 6, 1, '魔法少女が魔女と戦う話ですが内容は女児向けのアニメではありません。伏線が沢山あったりと何度も見れる面白い内容になっています。', '0', '2019-09-13 00:00:00', '2019-09-27 15:16:50'),
(7, 'CLANNAD', 10, 10, 2007, 7, 7, '私の見た作品で一番感動する作品でした。一言で表すなら「人生」です。', '0', '2019-09-13 00:00:00', '2019-09-30 13:04:12'),
(8, 'Fate/stay nigtht(ubw)', 3, 11, 2014, 8, 7, '迫力の戦闘シーン。最高峰の映像です。\r\nストーリーもよく構成されています。', '0', '2019-09-13 00:00:00', '2019-09-13 00:00:00'),
(9, 'あの日見た花の名前を僕たちはまだ知らない', 10, 2, 2011, 9, 1, '突然現れた少女が昔亡くなった友達で…　\r\nとっても感動します。', '0', '2019-09-13 00:00:00', '2019-09-13 00:00:00'),
(10, '幼女戦記', 9, 13, 2017, 6, 6, '戦争に小さな女の子が出向くが…\r\n迫力のあるシーンが特徴的です。', '0', '2019-09-13 00:00:00', '2019-09-13 00:00:00'),
(11, 'コードギアス反逆のルルーシュ', 2, 9, 2008, 10, 1, 'ロボット系のアニメですが苦手な人でも見れる\r\nくらい、ストーリーが面白いです', '0', '2019-09-13 00:00:00', '2019-09-13 00:00:00'),
(12, 'のんのんびより', 6, 14, 2013, 11, 6, '田舎暮らしのほのぼの系です。', '0', '2019-09-13 00:00:00', '2019-09-13 00:00:00'),
(13, '僕のヒーローアカデミア', 3, 5, 2016, 12, 2, 'とにかく熱い作品！！ジャンプならではの作品', '0', '2019-09-13 00:00:00', '2019-09-13 00:00:00'),
(14, 'マクロスF', 2, 15, 2008, 7, 1, '戦闘中に流れる歌がかっこいい！', '0', '2019-09-13 00:00:00', '2019-09-13 00:00:00'),
(15, 'とある魔術の禁書目録', 1, 3, 2008, 13, 6, '超能力を持った人がいる世界での物語', '0', '2019-09-13 00:00:00', '2019-09-13 00:00:00'),
(16, 'Charlotte', 10, 6, 2015, 14, 1, '超能力系の話ですが、とっても感動します', '0', '2019-09-13 00:00:00', '2019-09-13 00:00:00'),
(17, 'NEW GAME!', 6, 4, 2016, 15, 3, 'これを見たらゲームの見方が変わるかも？', '0', '2019-09-13 00:00:00', '2019-09-13 00:00:00'),
(18, 'Re:ゼロから始める異世界生活', 1, 7, 2016, 16, 6, '一大ブームを引き起こした作品。ループ系のダークファンタジーです。', '0', '2019-09-13 00:00:00', '2019-09-27 15:21:12'),
(19, '涼宮ハルヒの憂鬱', 1, 10, 2006, 17, 6, 'ハルヒを中心に起きる非日常的な物語。', '0', '2019-09-13 00:00:00', '2019-09-13 00:00:00'),
(20, 'この素晴らしい世界に祝福を！', 4, 16, 2016, 18, 6, 'ファンタジーでギャグアニメです。', '0', '2019-09-13 00:00:00', '2019-09-13 00:00:00'),
(21, 'working！！', 6, 2, 2010, 10, 8, 'ファミレスで働いてみたくなります。', '0', '2019-09-13 00:00:00', '2019-09-13 00:00:00'),
(22, '這いよれ！ニャル子さん', 1, 17, 2012, 19, 9, '日常系のSFギャグ系です。ニャル子さんがかわいい', '0', '2019-09-13 00:00:00', '2019-09-27 15:10:16'),
(23, 'ガールズ＆パンツァー', 9, 18, 2012, 20, 1, '戦車で戦う姿は迫力満点。', '0', '2019-09-13 00:00:00', '2019-09-13 00:00:00'),
(24, 'マクロス7', 2, 19, 1994, 21, 1, '戦場に出て戦闘をせずに歌い続ける主人公の生きざまが見どころです。', '0', '2019-09-13 00:00:00', '2019-09-30 13:01:21'),
(25, 'グリザイアの果実', 3, 20, 2014, 22, 7, '重たい内容が多く、見ていて悲しくなるようなものが多いです。ですが、その分よく物語が構成されていてとても面白いです。', '0', '2019-09-13 00:00:00', '2019-09-27 15:12:17'),
(26, 'シュタインズゲート', 1, 7, 2011, 23, 4, 'タイムマシンで過去を変える話です。', '0', '2019-09-13 00:00:00', '2019-09-13 00:00:00'),
(27, 'あそびあそばせ', 4, 12, 2018, 24, 10, 'このアニメより面白いものを見たことがないです', '0', '2019-09-13 00:00:00', '2019-09-13 00:00:00'),
(28, '火ノ丸相撲', 7, 22, 2018, 25, 2, '相撲に興味を持つくらい面白い作品です', '0', '2019-09-13 00:00:00', '2019-09-13 00:00:00'),
(29, 'ダンジョンに出会いを求めるのは間違っているだろうか', 1, 3, 2017, 3, 9, 'ファンタジー好きな人はとってもおススメ！', '0', '2019-09-13 00:00:00', '2019-09-13 00:00:00'),
(30, '物語シリーズ', 3, 8, 2009, 26, 11, '独特な世界観に惹かれること間違いなし！！', '0', '2019-09-13 00:00:00', '2019-09-27 09:50:07'),
(31, 'ご注文はうさぎですか？', 6, 7, 2014, 5, 3, '癒し系のアニメです。心がぴょんぴょんします。', '0', '2019-09-27 11:48:01', '2019-09-27 11:48:01'),
(32, '中二病でも恋がしたい！', 5, 10, 2012, 10, 12, '高校生になった主人公が中学生の頃の黒歴史を持っていて...\r\n中二病だった人や中二病のままの人が集まって起こるラブコメです。', '0', '2019-09-27 12:02:00', '2019-09-27 15:08:41');

-- --------------------------------------------------------

--
-- テーブルの構造 `area_kurihara`
--

CREATE TABLE `area_kurihara` (
  `id` int(11) NOT NULL,
  `area` varchar(256) DEFAULT NULL,
  `del_flg` int(11) DEFAULT NULL,
  `create_date` datetime NOT NULL,
  `update_date` datetime NOT NULL
) ENGINE=InnoDB DEFAULT CHARSET=utf8;

--
-- テーブルのデータのダンプ `area_kurihara`
--

INSERT INTO `area_kurihara` (`id`, `area`, `del_flg`, `create_date`, `update_date`) VALUES
(0, NULL, 0, '2019-05-08 00:00:00', '2019-05-08 00:00:00'),
(1, '北海道', 0, '2019-05-08 00:00:00', '2019-05-08 00:00:00'),
(2, '東北', 0, '2019-05-08 00:00:00', '2019-05-08 00:00:00'),
(3, '関東', 0, '2019-05-08 00:00:00', '2019-05-08 00:00:00'),
(4, '北陸', 0, '2019-05-08 00:00:00', '2019-05-08 00:00:00'),
(5, '中央高地', 0, '2019-05-08 00:00:00', '2019-05-08 00:00:00'),
(6, '東海', 0, '2019-05-08 00:00:00', '2019-05-08 00:00:00'),
(7, '近畿', 0, '2019-05-08 00:00:00', '2019-05-08 00:00:00'),
(8, '中国', 0, '2019-05-08 00:00:00', '2019-05-08 00:00:00'),
(9, '四国', 0, '2019-05-08 00:00:00', '2019-05-08 00:00:00'),
(10, '九州', 0, '2019-05-08 00:00:00', '2019-05-08 00:00:00'),
(11, '離島', 0, '2019-05-08 00:00:00', '2019-05-08 00:00:00'),
(12, '外国', 0, '2019-05-08 00:00:00', '2019-05-08 00:00:00');

-- --------------------------------------------------------

--
-- テーブルの構造 `area_okabe`
--

CREATE TABLE `area_okabe` (
  `id` int(11) NOT NULL,
  `area` varchar(50) DEFAULT NULL,
  `del_flg` varchar(1) DEFAULT NULL,
  `create_date` datetime DEFAULT NULL,
  `update_date` datetime DEFAULT NULL
) ENGINE=InnoDB DEFAULT CHARSET=utf8;

--
-- テーブルのデータのダンプ `area_okabe`
--

INSERT INTO `area_okabe` (`id`, `area`, `del_flg`, `create_date`, `update_date`) VALUES
(0, NULL, '0', '2019-05-16 15:24:00', '2019-05-16 15:24:00'),
(1, '北海道', '0', '2019-05-16 15:24:00', '2019-05-16 15:24:00'),
(2, '青森県', '0', '2019-05-16 15:24:00', '2019-05-16 15:24:00'),
(3, '岩手県', '0', '2019-05-16 15:24:00', '2019-05-16 15:24:00'),
(4, '宮城県', '0', '2019-05-16 15:24:00', '2019-05-16 15:24:00'),
(5, '秋田県', '0', '2019-05-16 15:24:00', '2019-05-16 15:24:00'),
(6, '山形県', '0', '2019-05-16 15:24:00', '2019-05-16 15:24:00'),
(7, '福島県', '0', '2019-05-16 15:24:00', '2019-05-16 15:24:00'),
(8, '茨城県', '0', '2019-05-16 15:24:00', '2019-05-16 15:24:00'),
(9, '栃木県', '0', '2019-05-16 15:24:00', '2019-05-16 15:24:00'),
(10, '群馬県', '0', '2019-05-16 15:24:00', '2019-05-16 15:24:00'),
(11, '埼玉県', '0', '2019-05-16 15:24:00', '2019-05-16 15:24:00'),
(12, '千葉県', '0', '2019-05-16 15:24:00', '2019-05-16 15:24:00'),
(13, '東京都', '0', '2019-05-16 15:24:00', '2019-05-16 15:24:00'),
(14, '神奈川県', '0', '2019-05-16 15:24:00', '2019-05-16 15:24:00'),
(15, '新潟県', '0', '2019-05-16 15:24:00', '2019-05-16 15:24:00'),
(16, '富山県', '0', '2019-05-16 15:24:00', '2019-05-16 15:24:00'),
(17, '石川県', '0', '2019-05-16 15:24:00', '2019-05-16 15:24:00'),
(18, '福井県', '0', '2019-05-16 15:24:00', '2019-05-16 15:24:00'),
(19, '山梨県', '0', '2019-05-16 15:24:00', '2019-05-16 15:24:00'),
(20, '長野県', '0', '2019-05-16 15:24:00', '2019-05-16 15:24:00'),
(21, '岐阜県', '0', '2019-05-16 15:24:00', '2019-05-16 15:24:00'),
(22, '静岡県', '0', '2019-05-16 15:24:00', '2019-05-16 15:24:00'),
(23, '愛知県', '0', '2019-05-16 15:24:00', '2019-05-16 15:24:00'),
(24, '三重県', '0', '2019-05-16 15:24:00', '2019-05-16 15:24:00'),
(25, '滋賀県', '0', '2019-05-16 15:24:00', '2019-05-16 15:24:00'),
(26, '京都府', '0', '2019-05-16 15:24:00', '2019-05-16 15:24:00'),
(27, '大阪府', '0', '2019-05-16 15:24:00', '2019-05-16 15:24:00'),
(28, '兵庫県', '0', '2019-05-16 15:24:00', '2019-05-16 15:24:00'),
(29, '奈良県', '0', '2019-05-16 15:24:00', '2019-05-16 15:24:00'),
(30, '和歌山県', '0', '2019-05-16 15:24:00', '2019-05-16 15:24:00'),
(31, '鳥取県', '0', '2019-05-16 15:24:00', '2019-05-16 15:24:00'),
(32, '島根県', '0', '2019-05-16 15:24:00', '2019-05-16 15:24:00'),
(33, '岡山県', '0', '2019-05-16 15:24:00', '2019-05-16 15:24:00'),
(34, '広島県', '0', '2019-05-16 15:24:00', '2019-05-16 15:24:00'),
(35, '山口県', '0', '2019-05-16 15:24:00', '2019-05-16 15:24:00'),
(36, '徳島県', '0', '2019-05-16 15:24:00', '2019-05-16 15:24:00'),
(37, '香川県', '0', '2019-05-16 15:24:00', '2019-05-16 15:24:00'),
(38, '愛媛県', '0', '2019-05-16 15:24:00', '2019-05-16 15:24:00'),
(39, '高知県', '0', '2019-05-16 15:24:00', '2019-05-16 15:24:00'),
(40, '福岡県', '0', '2019-05-16 15:24:00', '2019-05-16 15:24:00'),
(41, '佐賀県', '0', '2019-05-16 15:24:00', '2019-05-16 15:24:00'),
(42, '長崎県', '0', '2019-05-16 15:24:00', '2019-05-16 15:24:00'),
(43, '熊本県', '0', '2019-05-16 15:24:00', '2019-05-16 15:24:00'),
(44, '大分県', '0', '2019-05-16 15:24:00', '2019-05-16 15:24:00'),
(45, '宮崎県', '0', '2019-05-16 15:24:00', '2019-05-16 15:24:00'),
(46, '鹿児島県', '0', '2019-05-16 15:24:00', '2019-05-16 15:24:00'),
(47, '沖縄県', '0', '2019-05-16 15:24:00', '2019-05-16 15:24:00');

-- --------------------------------------------------------

--
-- テーブルの構造 `artist`
--

CREATE TABLE `artist` (
  `id` int(11) NOT NULL,
  `artist` varchar(256) DEFAULT NULL,
  `del_flg` varchar(1) DEFAULT NULL,
  `create_date` timestamp NOT NULL DEFAULT current_timestamp() ON UPDATE current_timestamp(),
  `update_date` timestamp NOT NULL DEFAULT '0000-00-00 00:00:00'
) ENGINE=InnoDB DEFAULT CHARSET=utf8;

--
-- テーブルのデータのダンプ `artist`
--

INSERT INTO `artist` (`id`, `artist`, `del_flg`, `create_date`, `update_date`) VALUES
(1, 'Zebrahead', '0', '2018-05-23 01:27:00', '2018-05-23 01:27:00'),
(2, 'FLOW', '0', '2018-05-23 01:27:00', '2018-05-23 01:27:00'),
(3, '米津玄師', '0', '2018-05-23 01:27:00', '2018-05-23 01:27:00'),
(4, 'Anly', '0', '2018-05-23 01:27:00', '2018-05-23 01:27:00'),
(5, 'fox capture plan', '0', '2018-05-23 01:27:00', '2018-05-23 01:27:00');

-- --------------------------------------------------------

--
-- テーブルの構造 `author_miyamoto`
--

CREATE TABLE `author_miyamoto` (
  `author_id` int(11) NOT NULL,
  `author_name` varchar(255) DEFAULT NULL,
  `del_flg` varchar(1) DEFAULT NULL,
  `create_date` datetime DEFAULT NULL,
  `update_date` datetime DEFAULT NULL
) ENGINE=InnoDB DEFAULT CHARSET=utf8;

--
-- テーブルのデータのダンプ `author_miyamoto`
--

INSERT INTO `author_miyamoto` (`author_id`, `author_name`, `del_flg`, `create_date`, `update_date`) VALUES
(0, '', '0', '2019-05-07 00:00:00', '2019-05-07 00:00:00'),
(1, '夏目漱石', '0', '2019-05-07 00:00:00', '2019-05-07 00:00:00'),
(2, '芥川龍之介', '0', '2019-05-07 00:00:00', '2019-05-07 00:00:00'),
(3, '森鴎外', '0', '2019-05-07 00:00:00', '2019-05-07 00:00:00'),
(4, '東野圭吾', '0', '2019-05-08 00:00:00', '2019-05-08 00:00:00'),
(5, '三浦しをん', '0', '2019-05-08 00:00:00', '2019-05-08 00:00:00');

-- --------------------------------------------------------

--
-- テーブルの構造 `band_main_sasaki`
--

CREATE TABLE `band_main_sasaki` (
  `id` int(2) DEFAULT NULL,
  `photo` varchar(256) DEFAULT NULL,
  `band_name` varchar(256) DEFAULT NULL,
  `member_id` int(2) DEFAULT NULL,
  `birthplace_id` int(2) DEFAULT NULL,
  `formation_year` int(4) DEFAULT NULL,
  `release_num` int(2) DEFAULT NULL,
  `comment` varchar(256) DEFAULT NULL,
  `del_flg` varchar(1) DEFAULT NULL,
  `create_date` datetime DEFAULT NULL,
  `update_date` datetime DEFAULT NULL
) ENGINE=InnoDB DEFAULT CHARSET=utf8;

--
-- テーブルのデータのダンプ `band_main_sasaki`
--

INSERT INTO `band_main_sasaki` (`id`, `photo`, `band_name`, `member_id`, `birthplace_id`, `formation_year`, `release_num`, `comment`, `del_flg`, `create_date`, `update_date`) VALUES
(1, '/bandimage/han.jpg', 'ハンブレッダーズ', 4, 8, 2009, 3, 'そろそろ売れてくるであろうバンド。', '0', '2018-03-01 00:00:00', '2018-03-01 00:00:00'),
(2, '/bandimage/floor.jpg', 'The Floor', 4, 1, 2012, 5, 'ポップなサウンドが特徴.', '0', '2018-03-01 00:00:00', '2018-03-01 00:00:00'),
(3, '/bandimage/fom.jpg', 'FOMARE', 3, 2, 2014, 2, '結成してから売れるまでが早い。', '0', '2018-03-01 00:00:00', '2018-03-01 00:00:00'),
(4, '/bandimage/num.jpg', 'NUMBER GIAL', 4, 12, 1995, 6, '2002年に解散したが17年ぶりに再結成。', '0', '2018-03-01 00:00:00', '2018-03-01 00:00:00'),
(5, '/bandimage/mo.jpg', 'モーモールルギャバン', 3, 9, 2005, 9, 'パン一ドラムボーカル。', '0', '2018-03-01 00:00:00', '2018-03-01 00:00:00'),
(6, '/bandimage/jyo.jpg', 'JYOCHO', 5, 9, 2016, 4, 'ギターのテクニックが物凄い。', '0', '2018-03-01 00:00:00', '2018-03-01 00:00:00'),
(7, '/bandimage/maka.jpg', 'マカロニえんぴつ', 4, 5, 2012, 5, 'ポップな曲からかっこいい曲まで良曲揃い。', '0', '2018-03-01 00:00:00', '2018-03-01 00:00:00'),
(8, '/bandimage/hel.jpg', 'Helsinki Lambda Club', 3, 3, 2013, 5, 'ゆったりとした落ち着く音楽。', '0', '2018-03-01 00:00:00', '2018-03-01 00:00:00'),
(9, '/bandimage/zoo.jpg', 'ズーカラデル', 3, 1, 2015, 2, '初MVを投稿してわずか数ヶ月でCM曲。', '0', '2018-03-01 00:00:00', '2018-03-01 00:00:00'),
(10, '/bandimage/fin.jpg', 'FINLANDS', 2, 5, 2012, 6, '若い女性らしからぬかっこよさがある。', '0', '2018-03-01 00:00:00', '2018-03-01 00:00:00'),
(11, '/bandimage/sum.jpg', 'sumika', 4, 5, 2013, 8, '前バンドのbanbiから大出世。', '0', '2018-03-01 00:00:00', '2018-03-01 00:00:00'),
(12, '/bandimage/sup.jpg', 'SUPER BEAVER', 4, 4, 2005, 10, 'ライブのMCがダサかっこいい。', '0', '2018-03-01 00:00:00', '2018-03-01 00:00:00'),
(13, '/bandimage/was.jpg', '忘れらんねえよ', 1, 11, 2008, 7, '36歳にしてメンバーが一人になってしまう。', '0', '2018-03-01 00:00:00', '2018-03-01 00:00:00'),
(14, '/bandimage/qoo.jpg', 'QOOLAND', 4, 4, 2011, 9, 'ボスハンドタッピングという奏法が特徴。', '0', '2018-03-01 00:00:00', '2018-03-01 00:00:00'),
(15, '/bandimage/nev.jpg', 'never young beach', 4, 4, 2014, 3, 'ボーカルの兄が高橋一生。', '0', '2018-03-01 00:00:00', '2018-03-01 00:00:00'),
(16, '/bandimage/sex.jpg', 'セックスマシーン', 4, 7, 1998, 7, 'ジーンズがダメージを受けすぎている。', '0', '2018-03-01 00:00:00', '2018-03-01 00:00:00'),
(17, '/bandimage/toco.jpg', 'toconoma', 4, 4, 2008, 5, '高テクニックのインストバンド。', '0', '2018-03-01 00:00:00', '2018-03-01 00:00:00'),
(18, '/bandimage/suc.jpg', 'Suck a Stew Dry', 5, 4, 2010, 5, '現在はTHURSDAYS YOUTHというバンド。', '0', '2018-03-01 00:00:00', '2018-03-01 00:00:00'),
(19, '/bandimage/su-.jpg', '四星球', 4, 10, 2002, 7, 'ライブで使う小道具は全て手作り。', '0', '2018-03-01 00:00:00', '2018-03-01 00:00:00'),
(20, '/bandimage/sak.jpg', 'SAKEROCK', 5, 6, 2000, 14, 'バナナマンのライブBGMなどを担当する。', '0', '2018-03-01 00:00:00', '2018-03-01 00:00:00'),
(21, '/bandimage/nec.jpg', 'ネクライトーキー', 5, 8, 2017, 1, 'ほとんどコンテンポラリーな生活。', '0', '2018-03-01 00:00:00', '2018-03-01 00:00:00'),
(22, '/bandimage/pop.jpg', 'ポップしなないで', 2, 4, 2015, 2, '優花さんおすすめのバンド。', '0', '2018-03-01 00:00:00', '2018-03-01 00:00:00'),
(23, '/bandimage/ao.jpg', '藍坊主', 4, 5, 2000, 14, '歌ほんとうまい。', '0', '2018-03-01 00:00:00', '2018-03-01 00:00:00'),
(24, '/bandimage/bak.jpg', '爆弾ジョニー', 5, 1, 2010, 4, 'アニメ「ピンポン」のOP。', '0', '2018-03-01 00:00:00', '2018-03-01 00:00:00'),
(25, '/bandimage/sakana.jpg', 'サカナクション', 5, 1, 2005, 8, '言わずと知れたかっこよさ。', '0', '2018-03-01 00:00:00', '2018-03-01 00:00:00'),
(26, '/bandimage/s.jpg', 'さしすせそズ', 4, 8, 2013, 2, 'パルプンテ山田とイケダーマン池田が脱退。', '0', '2018-03-01 00:00:00', '2018-03-01 00:00:00'),
(27, '/bandimage/mint.jpg', 'MINT mate box', 3, 4, 2017, 2, 'ベースかわいい。', '0', '2018-03-01 00:00:00', '2018-03-01 00:00:00'),
(28, '/bandimage/fujiki.jpg', '藤木さん', 1, 4, 1995, 0, '明日も競艇に全てを賭ける。', '0', '2019-04-05 09:23:18', '2019-04-05 09:28:59'),
(29, '/bandimage/friends.jpg', '石原さん', 1, 4, 2019, 1, 'フレンズの件に関してはほとんど桜井さんが悪い。', '0', '2019-04-05 09:24:50', '2019-04-05 09:28:38'),
(1, '/bandimage/han.jpg', 'ハンブレッダーズ', 4, 8, 2009, 3, 'そろそろ売れてくるであろうバンド。', '0', '2018-03-01 00:00:00', '2018-03-01 00:00:00'),
(2, '/bandimage/floor.jpg', 'The Floor', 4, 1, 2012, 5, 'ポップなサウンドが特徴.', '0', '2018-03-01 00:00:00', '2018-03-01 00:00:00'),
(3, '/bandimage/fom.jpg', 'FOMARE', 3, 2, 2014, 2, '結成してから売れるまでが早い。', '0', '2018-03-01 00:00:00', '2018-03-01 00:00:00'),
(4, '/bandimage/num.jpg', 'NUMBER GIAL', 4, 12, 1995, 6, '2002年に解散したが17年ぶりに再結成。', '0', '2018-03-01 00:00:00', '2018-03-01 00:00:00'),
(5, '/bandimage/mo.jpg', 'モーモールルギャバン', 3, 9, 2005, 9, 'パン一ドラムボーカル。', '0', '2018-03-01 00:00:00', '2018-03-01 00:00:00'),
(6, '/bandimage/jyo.jpg', 'JYOCHO', 5, 9, 2016, 4, 'ギターのテクニックが物凄い。', '0', '2018-03-01 00:00:00', '2018-03-01 00:00:00'),
(7, '/bandimage/maka.jpg', 'マカロニえんぴつ', 4, 5, 2012, 5, 'ポップな曲からかっこいい曲まで良曲揃い。', '0', '2018-03-01 00:00:00', '2018-03-01 00:00:00'),
(8, '/bandimage/hel.jpg', 'Helsinki Lambda Club', 3, 3, 2013, 5, 'ゆったりとした落ち着く音楽。', '0', '2018-03-01 00:00:00', '2018-03-01 00:00:00'),
(9, '/bandimage/zoo.jpg', 'ズーカラデル', 3, 1, 2015, 2, '初MVを投稿してわずか数ヶ月でCM曲。', '0', '2018-03-01 00:00:00', '2018-03-01 00:00:00'),
(10, '/bandimage/fin.jpg', 'FINLANDS', 2, 5, 2012, 6, '若い女性らしからぬかっこよさがある。', '0', '2018-03-01 00:00:00', '2018-03-01 00:00:00'),
(11, '/bandimage/sum.jpg', 'sumika', 4, 5, 2013, 8, '前バンドのbanbiから大出世。', '0', '2018-03-01 00:00:00', '2018-03-01 00:00:00'),
(12, '/bandimage/sup.jpg', 'SUPER BEAVER', 4, 4, 2005, 10, 'ライブのMCがダサかっこいい。', '0', '2018-03-01 00:00:00', '2018-03-01 00:00:00'),
(13, '/bandimage/was.jpg', '忘れらんねえよ', 1, 11, 2008, 7, '36歳にしてメンバーが一人になってしまう。', '0', '2018-03-01 00:00:00', '2018-03-01 00:00:00'),
(14, '/bandimage/qoo.jpg', 'QOOLAND', 4, 4, 2011, 9, 'ボスハンドタッピングという奏法が特徴。', '0', '2018-03-01 00:00:00', '2018-03-01 00:00:00'),
(15, '/bandimage/nev.jpg', 'never young beach', 4, 4, 2014, 3, 'ボーカルの兄が高橋一生。', '0', '2018-03-01 00:00:00', '2018-03-01 00:00:00'),
(16, '/bandimage/sex.jpg', 'セックスマシーン', 4, 7, 1998, 7, 'ジーンズがダメージを受けすぎている。', '0', '2018-03-01 00:00:00', '2018-03-01 00:00:00'),
(17, '/bandimage/toco.jpg', 'toconoma', 4, 4, 2008, 5, '高テクニックのインストバンド。', '0', '2018-03-01 00:00:00', '2018-03-01 00:00:00'),
(18, '/bandimage/suc.jpg', 'Suck a Stew Dry', 5, 4, 2010, 5, '現在はTHURSDAYS YOUTHというバンド。', '0', '2018-03-01 00:00:00', '2018-03-01 00:00:00'),
(19, '/bandimage/su-.jpg', '四星球', 4, 10, 2002, 7, 'ライブで使う小道具は全て手作り。', '0', '2018-03-01 00:00:00', '2018-03-01 00:00:00'),
(20, '/bandimage/sak.jpg', 'SAKEROCK', 5, 6, 2000, 14, 'バナナマンのライブBGMなどを担当する。', '0', '2018-03-01 00:00:00', '2018-03-01 00:00:00'),
(21, '/bandimage/nec.jpg', 'ネクライトーキー', 5, 8, 2017, 1, 'ほとんどコンテンポラリーな生活。', '0', '2018-03-01 00:00:00', '2018-03-01 00:00:00'),
(22, '/bandimage/pop.jpg', 'ポップしなないで', 2, 4, 2015, 2, '優花さんおすすめのバンド。', '0', '2018-03-01 00:00:00', '2018-03-01 00:00:00'),
(23, '/bandimage/ao.jpg', '藍坊主', 4, 5, 2000, 14, '歌ほんとうまい。', '0', '2018-03-01 00:00:00', '2018-03-01 00:00:00'),
(24, '/bandimage/bak.jpg', '爆弾ジョニー', 5, 1, 2010, 4, 'アニメ「ピンポン」のOP。', '0', '2018-03-01 00:00:00', '2018-03-01 00:00:00'),
(25, '/bandimage/sakana.jpg', 'サカナクション', 5, 1, 2005, 8, '言わずと知れたかっこよさ。', '0', '2018-03-01 00:00:00', '2018-03-01 00:00:00'),
(26, '/bandimage/s.jpg', 'さしすせそズ', 4, 8, 2013, 2, 'パルプンテ山田とイケダーマン池田が脱退。', '0', '2018-03-01 00:00:00', '2018-03-01 00:00:00'),
(27, '/bandimage/mint.jpg', 'MINT mate box', 3, 4, 2017, 2, 'ベースかわいい。', '0', '2018-03-01 00:00:00', '2018-03-01 00:00:00'),
(28, '/bandimage/fujiki.jpg', '藤木さん', 1, 4, 1995, 0, '明日も競艇に全てを賭ける。', '0', '2019-04-05 09:23:18', '2019-04-05 09:28:59'),
(29, '/bandimage/friends.jpg', '石原さん', 1, 4, 2019, 1, 'フレンズの件に関してはほとんど桜井さんが悪い。', '0', '2019-04-05 09:24:50', '2019-04-05 09:28:38');

-- --------------------------------------------------------

--
-- テーブルの構造 `band_main_taneichi`
--

CREATE TABLE `band_main_taneichi` (
  `id` int(10) NOT NULL,
  `band_name` varchar(100) NOT NULL,
  `member` int(2) DEFAULT NULL,
  `band_year` int(4) DEFAULT NULL,
  `band_sex` int(2) DEFAULT NULL,
  `genre_id` int(2) DEFAULT NULL,
  `comment` varchar(300) DEFAULT NULL,
  `del_flg` varchar(1) DEFAULT NULL,
  `create_date` datetime NOT NULL,
  `update_date` datetime NOT NULL
) ENGINE=InnoDB DEFAULT CHARSET=utf8;

--
-- テーブルのデータのダンプ `band_main_taneichi`
--

INSERT INTO `band_main_taneichi` (`id`, `band_name`, `member`, `band_year`, `band_sex`, `genre_id`, `comment`, `del_flg`, `create_date`, `update_date`) VALUES
(1, 'クリープハイプ', 4, 2001, 1, 3, '個人的にNo.1バンド。サイコー\r\n♪「手と手」', '0', '2019-05-24 15:10:11', '2019-05-24 15:10:11'),
(2, 'King Gnu', 4, 2017, 1, 2, 'ボーカルが髭面。いわゆるシティポップ。読み方は\"キングヌー\"\r\n♪「Tokyo Rendez-Vous」', '0', '2019-05-24 15:10:11', '2019-05-24 15:10:11'),
(3, 'Wienners', 4, 2008, 3, 1, 'ボーカルが変人。曲調早めで元気がでる\r\n♪「Justice 4」', '0', '2019-05-24 15:10:11', '2019-05-24 15:10:11'),
(4, 'saucy dog', 3, 2013, 1, 1, '田舎の道とか夜の丘とか海沿いとかで聴きたい\r\n♪「コンタクトケース」', '0', '2019-05-24 15:10:11', '2019-05-24 15:10:11'),
(5, 'yonige', 2, 2013, 2, 3, 'アボカド投げちゃう系\r\n♪「最愛の恋人たち」', '0', '2019-05-24 15:10:11', '2019-05-24 15:10:11'),
(6, 'ドミコ', 2, 2011, 1, 1, '野外で酒飲みながら聴きたい\r\n♪「ロースト・ビーチ・ベイベー」', '0', '2019-05-24 15:10:11', '2019-05-24 15:10:11'),
(7, 'Awsome City Club', 5, 2013, 3, 2, 'THE・シティポップ\r\n♪「青春の胸さわぎ」', '0', '2019-05-24 15:10:11', '2019-05-24 15:10:11'),
(8, 'chelmico', 2, 2014, 2, 4, '女２人のラップユニット\r\n♪「ママレードボーイ」', '0', '2019-05-24 15:10:11', '2019-05-24 15:10:11'),
(9, 'Hump Back', 3, 2012, 2, 1, 'THE・ガールズバンド\r\n♪「チープマンデー」', '0', '2019-05-24 15:10:11', '2019-05-24 15:10:11'),
(10, 'とけた電球', 4, 2012, 1, 1, 'リズムに中毒性\r\n♪「強がり」', '0', '2019-05-24 15:10:11', '2019-05-24 15:10:11'),
(11, 'SUNNY CAR WASH', 3, 2016, 1, 3, '声高い 良い\r\n♪「キルミー」', '0', '2019-05-24 15:10:11', '2019-05-24 15:10:11'),
(12, 'ハルカミライ', 4, 2012, 1, 1, 'えもい\r\n♪「春はあけぼの」', '0', '2019-05-24 15:10:11', '2019-05-24 15:10:11'),
(13, 'SIX LOUNGE', 3, 2012, 1, 1, 'あつい\r\n♪「くだらない」', '0', '2019-05-24 15:10:11', '2019-05-24 15:10:11'),
(14, 'TETO', 4, 2016, 1, 1, 'めちゃくちゃ早口 カラオケで歌うのは不可能 ボーカルは多多分エラ呼吸\r\n♪「Pain Pain Pain」', '0', '2019-05-24 15:10:11', '2019-05-24 15:10:11'),
(15, 'FOMARE', 3, 2014, 1, 1, '王道\r\n♪「23:12」', '0', '2019-05-24 15:10:11', '2019-05-24 15:10:11'),
(16, 'DENIMS', 4, 2012, 1, 1, 'よこのり 野外フェス必須\r\n♪「ゆるりゆらり」', '0', '2019-05-24 15:10:11', '2019-05-24 15:10:11'),
(17, 'ハンブレッターズ', 3, 2009, 1, 1, '全員芋男\r\n♪「スクールマジシャンガール」', '0', '2019-05-24 15:10:11', '2019-05-24 15:10:11'),
(18, '銀杏BOYS', 1, 2003, 1, 5, '激エモバンド 聞いてほしい\r\nBOYSっていってるけど峯田一人 俳優業すんな\r\n♪「二十九、三十」（クリープハイプカバー）', '0', '2019-05-24 15:10:11', '2019-05-24 15:10:11'),
(19, 'マカロニえんぴつ', 4, 2012, 1, 1, '青春を感じたいならこれ いまきてる\r\n♪「メイビーネイビー」', '0', '2019-05-24 15:10:11', '2019-05-24 15:10:11'),
(20, 'フレンズ', 5, 2015, 3, 2, 'いろんなバンドの人たちの寄せ集め\r\n大人なシティポップ\r\n♪「夏のSAYにしてゴメンネ♡」', '0', '2019-05-24 15:10:11', '2019-05-24 15:10:11'),
(21, 'ナードマグネット', 4, 2006, 1, 1, '電車でききたい\r\n♪「Mixtape」', '0', '2019-05-24 15:10:11', '2019-05-24 15:10:11'),
(22, '忘れらんねえよ', 1, 2008, 1, 5, '柴田がおもろい ライブが楽しいよ\r\n♪「寝てらんねえよ」', '0', '2019-05-24 15:10:11', '2019-05-24 15:10:11'),
(23, 'Brian the Sun', 4, 2007, 1, 1, 'ベースがかっこいいです\r\n♪「キャラメルパンケーキ」', '0', '2019-05-24 15:10:11', '2019-05-24 15:10:11'),
(24, 'KOTORI', 4, 2014, 1, 1, '若者に戻りたいときにどうぞ\r\n♪「6月」', '0', '2019-05-24 15:10:11', '2019-05-24 15:10:11'),
(25, 'Creepy Nuts', 2, 2013, 1, 4, 'ラップ聴きたいときに聴く R-指定のユニット\r\n♪「合法的トビ方ノススメ」', '0', '2019-05-24 15:10:11', '2019-05-24 15:10:11'),
(26, 'TENDOUJI', 4, 2014, 1, 1, '海外映画のドライブシーンで使われそう\r\n♪「Sonic Boom」', '0', '2019-05-24 15:10:11', '2019-05-24 15:10:11'),
(27, 'カネコアヤノ', 1, 2012, 2, 2, 'シンガーソングライター 程よいぶす\r\n♪「コンビニ」', '0', '2019-05-24 15:10:11', '2019-05-24 15:10:11'),
(28, 'andymori', 3, 2007, 1, 3, '解散してしまって一番悲しいバンド\r\n聴くと泣く\r\n♪「ユートピア」', '0', '2019-05-24 15:10:11', '2019-05-24 15:10:11'),
(29, 'さよならポエジー', 2, 2012, 1, 1, '夕方とか朝方とかに聴く\r\n♪「二束三文」', '0', '2019-05-24 15:10:11', '2019-05-24 15:10:11'),
(30, 'きのこ帝国', 4, 2007, 2, 1, 'ふとした日常のときに聴くと良き\r\n♪「ありふれた言葉」', '0', '2019-05-24 15:10:11', '2019-05-24 15:10:11');

-- --------------------------------------------------------

--
-- テーブルの構造 `band_sex_taneichi`
--

CREATE TABLE `band_sex_taneichi` (
  `id` int(2) NOT NULL,
  `sex` varchar(20) DEFAULT NULL,
  `del_flg` varchar(1) DEFAULT NULL,
  `create_date` datetime NOT NULL,
  `update_date` datetime NOT NULL
) ENGINE=InnoDB DEFAULT CHARSET=utf8;

--
-- テーブルのデータのダンプ `band_sex_taneichi`
--

INSERT INTO `band_sex_taneichi` (`id`, `sex`, `del_flg`, `create_date`, `update_date`) VALUES
(0, '', '0', '2019-05-24 16:51:00', '2019-05-24 16:51:00'),
(1, '男性ボーカル', '0', '2019-05-24 15:54:42', '2019-05-24 15:54:42'),
(2, '女性ボーカル', '0', '2019-05-24 15:54:42', '2019-05-24 15:54:42'),
(3, '男女ツインボーカル', '0', '2019-05-24 15:54:42', '2019-05-24 15:54:42');

-- --------------------------------------------------------

--
-- テーブルの構造 `birthplace_sasaki`
--

CREATE TABLE `birthplace_sasaki` (
  `id` int(2) NOT NULL,
  `birthplace` varchar(4) DEFAULT NULL,
  `del_flg` varchar(1) DEFAULT NULL,
  `create_date` datetime NOT NULL,
  `update_date` datetime NOT NULL
) ENGINE=InnoDB DEFAULT CHARSET=utf8;

--
-- テーブルのデータのダンプ `birthplace_sasaki`
--

INSERT INTO `birthplace_sasaki` (`id`, `birthplace`, `del_flg`, `create_date`, `update_date`) VALUES
(0, ' ', '0', '2018-03-01 00:00:00', '2018-03-01 00:00:00'),
(1, '北海道', '0', '2018-03-01 00:00:00', '2018-03-01 00:00:00'),
(2, '群馬', '0', '2018-03-01 00:00:00', '2018-03-01 00:00:00'),
(3, '千葉', '0', '2018-03-01 00:00:00', '2018-03-01 00:00:00'),
(4, '東京', '0', '2018-03-01 00:00:00', '2018-03-01 00:00:00'),
(5, '神奈川', '0', '2018-03-01 00:00:00', '2018-03-01 00:00:00'),
(6, '埼玉', '0', '2018-03-01 00:00:00', '2018-03-01 00:00:00'),
(7, '兵庫', '0', '2018-03-01 00:00:00', '2018-03-01 00:00:00'),
(8, '大阪', '0', '2018-03-01 00:00:00', '2018-03-01 00:00:00'),
(9, '京都', '0', '2018-03-01 00:00:00', '2018-03-01 00:00:00'),
(10, '徳島', '0', '2018-03-01 00:00:00', '2018-03-01 00:00:00'),
(11, '熊本', '0', '2018-03-01 00:00:00', '2018-03-01 00:00:00'),
(12, '福岡', '0', '2018-03-01 00:00:00', '2018-03-01 00:00:00');

-- --------------------------------------------------------

--
-- テーブルの構造 `body_izawa`
--

CREATE TABLE `body_izawa` (
  `id` int(2) DEFAULT NULL,
  `bodyname` varchar(255) DEFAULT NULL
) ENGINE=InnoDB DEFAULT CHARSET=utf8;

--
-- テーブルのデータのダンプ `body_izawa`
--

INSERT INTO `body_izawa` (`id`, `bodyname`) VALUES
(0, NULL),
(1, '大胸筋'),
(2, '背筋'),
(3, '三頭筋'),
(4, '上腕二頭筋'),
(5, '上腕三頭筋'),
(6, 'その他');

-- --------------------------------------------------------

--
-- テーブルの構造 `book_main_miyamoto`
--

CREATE TABLE `book_main_miyamoto` (
  `no` int(10) DEFAULT NULL,
  `id` int(3) NOT NULL,
  `book_title` varchar(256) DEFAULT NULL,
  `genre_id` int(11) DEFAULT NULL,
  `author_id` int(11) DEFAULT NULL,
  `year` int(4) DEFAULT NULL,
  `page` int(4) DEFAULT NULL,
  `comment` varchar(256) DEFAULT NULL,
  `del_flg` varchar(1) DEFAULT NULL,
  `create_date` datetime DEFAULT NULL,
  `update_date` datetime DEFAULT NULL
) ENGINE=InnoDB DEFAULT CHARSET=utf8;

--
-- テーブルのデータのダンプ `book_main_miyamoto`
--

INSERT INTO `book_main_miyamoto` (`no`, `id`, `book_title`, `genre_id`, `author_id`, `year`, `page`, `comment`, `del_flg`, `create_date`, `update_date`) VALUES
(1, 1, '吾輩は猫である', 1, 1, 1905, 746, 'オチが謎', '0', '2019-05-07 00:00:00', '2019-05-07 00:00:00'),
(2, 2, '坊ちゃん', 2, 1, 1906, 216, 'スラスラ読める', '0', '2019-05-07 00:00:00', '2019-05-07 00:00:00'),
(3, 3, 'こころ', 2, 1, 1914, 348, '読んだはずですが忘れました', '0', '2019-05-07 00:00:00', '2019-05-07 00:00:00'),
(4, 4, '羅生門', 3, 2, 1915, 301, '教科書に載ってる部分しか知りません', '0', '2019-05-07 00:00:00', '2019-05-07 00:00:00'),
(5, 5, '鼻', 3, 2, 1916, 256, '読んだことないです', '0', '2019-05-07 00:00:00', '2019-05-07 00:00:00'),
(6, 6, '地獄変', 3, 2, 1918, NULL, '知りません', '0', '2019-05-07 00:00:00', '2019-05-07 00:00:00'),
(7, 7, '舞姫', 3, 3, 1890, NULL, '見たことないです', '0', '2019-05-07 00:00:00', '2019-05-07 00:00:00'),
(8, 8, '青年', 2, 3, 1910, NULL, '被りそうなタイトルだと思います', '0', '2019-05-07 00:00:00', '2019-05-07 00:00:00'),
(9, 9, '雁', 3, 3, 1911, NULL, '聞いたこともないです', '0', '2019-05-07 00:00:00', '2019-05-07 00:00:00'),
(10, 10, '高瀬舟', 2, 3, 1916, NULL, '存じません', '0', '2019-05-07 00:00:00', '2019-05-07 00:00:00'),
(11, 11, '眠りの森', 2, 4, 1989, 328, '存じ上げません', '0', '2019-05-08 00:00:00', '2019-05-08 00:00:00'),
(12, 12, 'どちらかが彼女を殺した', 2, 4, 1996, 355, 'わかりません', '0', '2019-05-08 00:00:00', '2019-05-08 00:00:00'),
(13, 13, '悪意', 2, 4, 1996, 365, '聞いたことがあるかもしれません', '0', '2019-05-08 00:00:00', '2019-05-08 00:00:00'),
(14, 14, '私が彼を殺した', 2, 4, 1999, 431, '聞いたことはあるかもしれません', '0', '2019-05-08 00:00:00', '2019-05-08 00:00:00'),
(15, 15, '嘘をもうひとつだけ', 2, 4, 2000, 269, '見たことはあるかもしれません', '0', '2019-05-08 00:00:00', '2019-05-08 00:00:00'),
(16, 16, '赤い指', 2, 4, 2006, 320, '息子がいいキャラしていました', '0', '2019-05-08 00:00:00', '2019-05-08 00:00:00'),
(17, 17, '新参者', 2, 4, 2009, 416, '読んだ気がしますが、忘れました', '0', '2019-05-08 00:00:00', '2019-05-08 00:00:00'),
(18, 18, '麒麟の翼', 2, 4, 2011, 384, '知らないです', '0', '2019-05-08 00:00:00', '2019-05-08 00:00:00'),
(19, 19, '祈りの幕が下がる時', 2, 4, 2013, 448, 'どこかで聞いた気がします', '0', '2019-05-08 00:00:00', '2019-05-08 00:00:00'),
(20, 20, '探偵ガリレオ', 2, 4, 1998, 336, '有名らしいですが、読んだことありません', '0', '2019-05-08 00:00:00', '2019-05-08 00:00:00'),
(21, 21, '予知夢', 2, 4, 2000, 272, 'たまに見ます', '0', '2019-05-08 00:00:00', '2019-05-08 00:00:00'),
(22, 22, '容疑者Xの献身', 2, 4, 2005, 400, '救いのない話でした', '0', '2019-05-08 00:00:00', '2019-05-08 00:00:00'),
(23, 23, '秘密の花園', 2, 5, 2002, 278, '読んでみたいです', '0', '2019-05-08 00:00:00', '2019-05-08 00:00:00'),
(24, 24, 'ロマンス小説の七日間', 2, 5, 2003, 283, '面白そうです', '0', '2019-05-08 00:00:00', '2019-05-08 00:00:00'),
(25, 25, '私が語りはじめた彼は', 2, 5, 2004, 297, '楽しそうです', '0', '2019-05-08 00:00:00', '2019-05-08 00:00:00'),
(26, 26, '風が強く吹いている', 2, 5, 2006, 670, '台風でしょう', '0', '2019-05-08 00:00:00', '2019-05-08 00:00:00'),
(27, 27, '光', 2, 5, 2008, 374, '凄まじく被りそうなタイトルだと思います', '0', '2019-05-08 00:00:00', '2019-05-08 00:00:00'),
(28, 28, '舟を編む', 2, 5, 2011, 259, '途中まで読んで図書館に返しました', '0', '2019-05-08 00:00:00', '2019-05-08 00:00:00'),
(29, 29, '政と源', 2, 5, 2013, 304, '内容が想像できません', '0', '2019-05-08 00:00:00', '2019-05-08 00:00:00'),
(30, 30, 'ののはな通信', 2, 5, 2018, 456, '雑誌のようなタイトルです', '0', '2019-05-08 00:00:00', '2019-05-08 00:00:00'),
(NULL, 31, 'foo', 3, 3, 1946, 236, 'weabduaw', '1', '2019-05-22 14:29:41', '2019-05-22 14:29:41');

-- --------------------------------------------------------

--
-- テーブルの構造 `book_main_uchiyama`
--

CREATE TABLE `book_main_uchiyama` (
  `id` int(11) NOT NULL,
  `book_title` varchar(256) COLLATE utf8_unicode_ci NOT NULL,
  `genre_id` int(11) DEFAULT NULL,
  `writer_id` int(11) DEFAULT NULL,
  `release_year` int(4) DEFAULT NULL,
  `comment` varchar(256) COLLATE utf8_unicode_ci DEFAULT NULL,
  `del_flg` varchar(1) COLLATE utf8_unicode_ci DEFAULT NULL,
  `create_date` datetime NOT NULL,
  `update_date` datetime NOT NULL
) ENGINE=InnoDB DEFAULT CHARSET=utf8 COLLATE=utf8_unicode_ci;

--
-- テーブルのデータのダンプ `book_main_uchiyama`
--

INSERT INTO `book_main_uchiyama` (`id`, `book_title`, `genre_id`, `writer_id`, `release_year`, `comment`, `del_flg`, `create_date`, `update_date`) VALUES
(1, 'はつ恋', 1, 1, 1860, '悲しい話です。\r\nツルゲーネフの半自伝的小説らしい。', '0', '2019-09-17 00:00:00', '2019-09-20 15:22:31'),
(2, 'クロイツェル・ソナタ', 1, 2, 1889, '老人が語る夫婦関係、人生の回顧。\r\nタイトルはヴェートーベン,ヴァイオリンソナタ第9番より。', '0', '2019-09-17 00:00:00', '2019-09-17 00:00:00'),
(3, 'ガラスの街', 1, 3, 1985, '「そもそもの始まりは間違い電話だった」\r\n探偵の仕事を請け負うことになってしまったミステリー作家の悲劇。', '0', '2019-09-17 00:00:00', '2019-09-17 00:00:00'),
(4, '町でいちばんの美女', 4, 4, 1972, 'ちょっと狂った短編集。\r\nアル中の詩人なら共感しやすいかもしれません。', '0', '2019-09-17 00:00:00', '2019-09-17 00:00:00'),
(5, '死をポケットに入れて', 3, 4, 1999, '作家ブコウスキー晩年の日記、エッセイ。\r\n口汚い。', '0', '2019-09-17 00:00:00', '2019-09-17 00:00:00'),
(6, 'ウインドアイ', 4, 5, 2011, '短編集です。読むべき。', '0', '2019-09-17 00:00:00', '2019-09-17 00:00:00'),
(7, 'ぼくが電話をかけている場所', 1, 6, 1983, '最高の短編集。\r\n「僕が電話をかけていた場所」という似た名前の小説がある。', '0', '2019-09-17 00:00:00', '2019-09-17 00:00:00'),
(8, '死んでいるかしら', 3, 7, 1997, 'アメリカ文学翻訳家のエッセイ。', '0', '2019-09-17 00:00:00', '2019-09-17 00:00:00'),
(9, 'しあわせの理由', 2, 8, 2003, '「12歳の誕生日をすぎてまもなく、ぼくはいつもしあわせな気分でいるようになった」\r\nちゃんと面白いSF短編集です。', '0', '2019-09-17 00:00:00', '2019-09-17 00:00:00'),
(10, '道化師の蝶', 4, 9, 2012, '芥川賞受賞作\r\n小説ってこんなことが出来るんだ。', '0', '2019-09-17 00:00:00', '2019-09-17 00:00:00'),
(11, 'ドグラ・マグラ', 4, 10, 1935, '日本探偵小説三大奇書の一つ。\r\n「…ブウウーーーンンンーーンンン………。」', '0', '2019-09-17 00:00:00', '2019-09-17 00:00:00'),
(12, '時計仕掛けのオレンジ', 4, 11, 1962, '映画が有名。「ホラーショー！」', '0', '2019-09-17 00:00:00', '2019-09-17 00:00:00'),
(13, '虐殺器官', 2, 12, 2007, 'ホラーやサスペンスみたいなタイトルだけれどSFです。\r\n映像化作品も有名', '0', '2019-09-17 00:00:00', '2019-09-17 00:00:00'),
(14, '断片的なものの社会学', 3, 13, 2015, '社会学者の書いた「解釈できない出来事」をめぐるエッセイ', '0', '2019-09-17 00:00:00', '2019-09-17 00:00:00'),
(15, '美味い豆腐の話', 3, 14, 1933, '同著者のグルメなエッセイが青空文庫で沢山読めます。', '0', '2019-09-17 00:00:00', '2019-09-17 00:00:00'),
(16, 'ナイン・ストーリーズ', 1, 15, 1953, 'J・D・サリンジャーの自薦短編集。\r\n「笑い男」等を収録。', '0', '2019-09-17 00:00:00', '2019-09-17 00:00:00'),
(17, 'レモン畑の吸血鬼', 1, 16, 2016, '熟年吸血鬼夫婦の倦怠期、お国の為に蚕に変えられた女工達…ちょっとファンタジックな短編集。', '0', '2019-09-17 00:00:00', '2019-09-17 00:00:00'),
(18, '銀河ヒッチハイク・ガイド', 2, 17, 1979, 'ラジオドラマが原作。日本語で楽しむ場合は、映画がつまらないので小説を読む必要がある。', '0', '2019-09-17 00:00:00', '2019-09-17 00:00:00'),
(19, '機龍警察', 2, 18, 2010, '2010年代警察小説の最高峰', '0', '2019-09-17 00:00:00', '2019-09-17 00:00:00'),
(20, '脂肪の塊', 1, 19, 1880, 'ちょっと思想的だけれど、読みやすくて面白い。', '0', '2019-09-17 00:00:00', '2019-09-17 00:00:00'),
(21, 'ユートピア', 4, 20, 1516, 'ユートピア(理想郷)という語はこの作品に出る国名であり、著者の造語。', '0', '2019-09-17 00:00:00', '2019-09-17 00:00:00'),
(22, 'タイムマシン', 2, 21, 1895, 'タイムマシンという概念を導入した初期の作品。この作品の地球の未来は大変なことになっています…。', '0', '2019-09-17 00:00:00', '2019-09-17 00:00:00'),
(23, '断食芸人', 1, 22, 1924, '断食芸という芸が19世紀後半から20世紀後半にかけてサーカスで実際に行われていたようです。', '0', '2019-09-17 00:00:00', '2019-09-17 00:00:00'),
(24, '外套', 1, 23, 1842, 'かのドストエフスキーすらこの作品から影響を受けたと語ったらしい。', '0', '2019-09-17 00:00:00', '2019-09-17 00:00:00'),
(25, '紙の動物園', 2, 24, 2015, '中国系アメリカ人の書くSF小説。中国文学を読もう。', '0', '2019-09-17 00:00:00', '2019-09-17 00:00:00'),
(26, '見えない都市', 4, 25, 1972, '多くの人は好まない内容かもしれない。', '0', '2019-09-17 00:00:00', '2019-09-17 00:00:00'),
(27, '西瓜糖の日々', 1, 26, 2002, '西瓜糖世界のお話です。', '0', '2019-09-17 00:00:00', '2019-09-17 00:00:00'),
(28, '結婚式のメンバー', 1, 27, 1946, '12歳の少女の繊細な心理描写。村上春樹訳で話題になった。', '0', '2019-09-17 00:00:00', '2019-09-17 00:00:00'),
(29, '女生徒', 4, 28, 1939, '当時19歳の女性読者が太宰治に送った日記を題材に書かれた小説。', '0', '2019-09-17 00:00:00', '2019-09-17 00:00:00'),
(30, '文字渦', 2, 9, 2018, 'プログラマーにも読んでほしい。', '0', '2019-09-17 00:00:00', '2019-09-17 00:00:00'),
(41, 'wqq', 0, 0, NULL, '', '0', '2019-09-24 10:27:46', '2019-09-24 10:27:46');

-- --------------------------------------------------------

--
-- テーブルの構造 `brand_main_kambara`
--

CREATE TABLE `brand_main_kambara` (
  `id` int(11) NOT NULL,
  `brand_name` varchar(256) NOT NULL,
  `genre_id` int(11) DEFAULT NULL,
  `designer` varchar(256) DEFAULT NULL,
  `release_year` int(4) DEFAULT NULL,
  `country_id` int(11) DEFAULT NULL,
  `comment` varchar(256) DEFAULT NULL,
  `del_flg` varchar(1) DEFAULT NULL,
  `create_date` datetime NOT NULL,
  `update_date` datetime NOT NULL
) ENGINE=InnoDB DEFAULT CHARSET=utf8;

--
-- テーブルのデータのダンプ `brand_main_kambara`
--

INSERT INTO `brand_main_kambara` (`id`, `brand_name`, `genre_id`, `designer`, `release_year`, `country_id`, `comment`, `del_flg`, `create_date`, `update_date`) VALUES
(1, 'GUCCI', 1, 'グッチオ・グッチ', 1921, 4, '緑×赤×緑が特徴！', '0', '2019-09-18 00:00:00', '2019-09-24 10:34:01'),
(2, 'CHANEL', 1, 'ココ・シャネル', 1909, 4, '古い価値観にとらわれない女性像がポリシー', '0', '2019-09-18 00:00:00', '2019-09-24 09:15:36'),
(3, 'LOUIS VUITTON', 1, 'ルイ・ヴィトン', 1854, 3, 'スーツケース職人が創始したブランド', '0', '2019-09-18 00:00:00', '2019-09-18 00:00:00'),
(4, 'HERMES', 1, 'ティエリー・エルメス', 1837, 3, '人名が由来', '0', '2019-09-18 00:00:00', '2019-09-18 00:00:00'),
(5, 'off-white', 4, 'ヴァージル・アブロー', 2014, 2, 'ラグジュアリーなストリート系ファッション', '0', '2019-09-18 00:00:00', '2019-09-18 00:00:00'),
(6, 'balenciaga', 5, 'クリストバル・バレンシアガ', 2013, 8, 'パリのエレガンスを体現', '0', '2019-09-18 00:00:00', '2019-09-18 00:00:00'),
(7, 'PRADA', 1, 'マリオ・プラダ', 1975, 4, '日常を贅沢に飾るがコンセプト', '0', '2019-09-18 00:00:00', '2019-09-18 00:00:00'),
(8, 'BURBERRY', 3, 'トーマス・バーバリー', 1856, 9, 'トレンチコートが有名', '0', '2019-09-18 00:00:00', '2019-09-18 00:00:00'),
(9, 'COACH', 1, 'カーン夫妻', 1941, 2, 'Cが特徴的', '0', '2019-09-18 00:00:00', '2019-09-18 00:00:00'),
(10, 'Dior', 1, 'クリスチャン・ディオール', 1946, 3, '香水が有名', '0', '2019-09-18 00:00:00', '2019-09-18 00:00:00'),
(11, 'YVESSAINT LAURENT', 1, 'イヴ・サン＝ローラン', 1936, 3, 'モードの帝王', '0', '2019-09-18 00:00:00', '2019-09-18 00:00:00'),
(12, 'FENDI', 1, 'エドアルド・フェンディ', 1925, 4, 'LOUIS VUITTONのグループ会社', '0', '2019-09-18 00:00:00', '2019-09-18 00:00:00'),
(13, 'BOTTEGA VENETA', 1, 'ミケーレ・タッデイ', 1966, 4, '細長い革素材を用いたイントレチャートが有名', '0', '2019-09-18 00:00:00', '2019-09-18 00:00:00'),
(14, 'MARNI', 3, 'コンスエロ・カスティリオーニ', 1994, 4, '温かみのある雰囲気が特徴', '0', '2019-09-18 00:00:00', '2019-09-18 00:00:00'),
(15, 'CELINE', 1, 'セリーヌ・ヴィピアナ', 1945, 3, 'オーダーメイドの革製子供靴専門店が始まり', '0', '2019-09-18 00:00:00', '2019-09-18 00:00:00'),
(16, 'JIL SANDER', 1, 'ジル・サンダー', 1968, 6, 'ドイツ語（標準）では、「ハイデマリー・イリーネ“イル”ザンダー」と発音される。', '0', '2019-09-18 00:00:00', '2019-09-18 00:00:00'),
(17, 'LOEWE', 3, 'エンリケ・ロエベ・レスベルグ', 1846, 9, 'ルイヴィトングループ', '0', '2019-09-18 00:00:00', '2019-09-18 00:00:00'),
(18, 'DOLCE&GABBANA', 3, 'ドメニコ・ドルチェ', 1985, 4, 'スターをスターらしく見せる', '0', '2019-09-18 00:00:00', '2019-09-18 00:00:00'),
(19, 'POLO', 4, 'ラルフ・ローレン', 1968, 2, '馬のマークが特徴', '0', '2019-09-18 00:00:00', '2019-09-18 00:00:00'),
(20, 'Hender Scheme', 3, '柏崎亮', 2015, 1, '定番スニーカーを革で作る', '0', '2019-09-18 00:00:00', '2019-09-18 00:00:00'),
(21, 'Maison Martin Margiela', 3, 'マルタン・マルジェラ', 1988, 3, 'コンセプトによってグループを作りナンバリングしている。', '0', '2019-09-18 00:00:00', '2019-09-18 00:00:00'),
(22, 'Acne Studios', 3, 'ジョニー・ヨハンセン', 1996, 5, 'デニムが代表的アイテム', '0', '2019-09-18 00:00:00', '2019-09-18 00:00:00'),
(23, 'graphpaper', 3, '南貴之', 2015, 1, '素材感・仕立てが抜群に良い', '0', '2019-09-18 00:00:00', '2019-09-18 00:00:00'),
(24, 'Levis', 4, 'リーヴァイ・ストラウス', 2007, 2, 'ジーンズブランド', '0', '2019-09-18 00:00:00', '2019-09-18 00:00:00'),
(25, 'NEAT', 3, '西野大士', 2015, 1, '一癖も二癖もあるパンツブランド', '0', '2019-09-18 00:00:00', '2019-09-18 00:00:00'),
(26, 'NEEDLES', 3, '清水慶三', 1989, 1, '蝶のロゴが有名', '0', '2019-09-18 00:00:00', '2019-09-18 00:00:00'),
(27, 'THE NORTH FACE', 2, 'ダグラス・トンプキンス', 1966, 2, 'ブランド名は山岳で登山が難しい北側のことを指している。', '0', '2019-09-18 00:00:00', '2019-09-18 00:00:00'),
(28, 'patagonia', 2, 'イヴォン・シュイナード', 1953, 2, 'デザインの理念は、フランスの飛行家が語るデザイン美学に導かれている。', '0', '2019-09-18 00:00:00', '2019-09-18 00:00:00'),
(29, 'SUPREME', 4, 'ジェームズ・ジェピア', 1994, 2, 'ブランドのトレードマークである赤地にFutura字体の白い文字というボックスロゴ', '0', '2019-09-18 00:00:00', '2019-09-18 00:00:00');

-- --------------------------------------------------------

--
-- テーブルの構造 `castle_main_minami`
--

CREATE TABLE `castle_main_minami` (
  `id` int(3) NOT NULL,
  `castle_name` varchar(100) NOT NULL,
  `cashu_name` varchar(50) DEFAULT NULL,
  `prefecture_id` int(2) NOT NULL,
  `castle_year` int(4) DEFAULT NULL,
  `tenshu_id` int(1) DEFAULT NULL,
  `comment` varchar(300) DEFAULT NULL,
  `del_flg` varchar(1) DEFAULT NULL,
  `create_date` datetime NOT NULL,
  `update_date` datetime NOT NULL
) ENGINE=InnoDB DEFAULT CHARSET=utf8;

--
-- テーブルのデータのダンプ `castle_main_minami`
--

INSERT INTO `castle_main_minami` (`id`, `castle_name`, `cashu_name`, `prefecture_id`, `castle_year`, `tenshu_id`, `comment`, `del_flg`, `create_date`, `update_date`) VALUES
(1, '会津若松城', '葦名直盛', 6, 1384, 1, '維新や白虎隊が好きな人必見', '0', '2019-05-16 00:00:00', '2019-05-16 00:00:00'),
(2, '江戸城', '徳川家康', 12, 1457, 2, 'なんかもう皇居すごすぎ', '0', '2019-05-16 00:00:00', '2019-05-16 00:00:00'),
(3, '小田原城', '北条氏康', 13, 1582, 1, '再建されたばかりだが見応えあり', '0', '2019-05-16 00:00:00', '2019-05-16 00:00:00'),
(4, '石垣三城', '豊臣秀吉', 13, 1566, 2, '駅から城跡まで2km歩く', '0', '2019-05-16 00:00:00', '2019-05-16 00:00:00'),
(5, '武田氏館', '武田信虎', 14, 1519, 2, '武田好きなら行かないと話にならない', '0', '2019-05-16 00:00:00', '2019-05-16 00:00:00'),
(6, '甲府城', '羽柴秀勝', 14, 1590, 2, '城壁と門構えが素晴らしい', '0', '2019-05-16 00:00:00', '2019-05-16 00:00:00'),
(7, '上田城', '真田昌幸', 15, 1583, 1, '真田好きは必見だが、桜シーズンはやめておけ', '0', '2019-05-16 00:00:00', '2019-05-16 00:00:00'),
(8, '松本城', '石川数正', 15, 1590, 1, '国宝5城の一つ。大天守からの景色凄い', '0', '2019-05-16 00:00:00', '2019-05-16 00:00:00'),
(9, '高島城', '日根野高吉', 15, 1598, 1, '水堀に囲まれてて茶色い天守が特徴', '0', '2019-05-16 00:00:00', '2019-05-16 00:00:00'),
(10, '高岡城', '前田利長', 16, 1609, 2, '現在は高岡古城公園としてある。内堀は残っている', '0', '2019-05-16 00:00:00', '2019-05-16 00:00:00'),
(11, '金沢城', '前田利家', 17, 1580, 1, 'なまこ壁と鉛瓦が特徴の青白い城', '0', '2019-05-16 00:00:00', '2019-05-16 00:00:00'),
(12, '丸岡城', '柴田勝豊', 18, 1576, 1, '豪雪に耐えるための石瓦が特徴', '0', '2019-05-16 00:00:00', '2019-05-16 00:00:00'),
(13, '岐阜城', '斎藤道三', 19, 1200, 1, '険しい山の頂にあるため城につく前に疲れる', '0', '2019-05-16 00:00:00', '2019-05-16 00:00:00'),
(14, '岩村城', '遠山氏', 19, 1580, 2, '女城主伝説がある城', '0', '2019-05-16 00:00:00', '2019-05-16 00:00:00'),
(15, '山中城', '北条氏康', 20, 1560, 1, '敷地が広く発掘跡がすごいある', '0', '2019-05-16 00:00:00', '2019-05-16 00:00:00'),
(16, '浜松城', '徳川家康', 20, 1570, 1, '若き徳川家康の居城として利用されていた', '0', '2019-05-16 00:00:00', '2019-05-16 00:00:00'),
(17, '犬山城', '織田信康', 21, 1537, 1, '国宝の一つ。当時のままだから階段が急できつい', '0', '2019-05-16 00:00:00', '2019-05-16 00:00:00'),
(18, '名古屋城', '徳川幕府', 21, 1609, 1, '城内にエレベータがある。完全に観光資料館', '0', '2019-05-16 00:00:00', '2019-05-16 00:00:00'),
(19, '清須城', '織田信長', 21, 1405, 1, '清須会議の舞台の城', '0', '2019-05-16 00:00:00', '2019-05-16 00:00:00'),
(20, '小牧山城', '織田信長', 21, 1563, 1, '小牧長久手の戦いが学べる', '0', '2019-05-16 00:00:00', '2019-05-16 00:00:00'),
(21, '彦根城', '井伊直政', 23, 1622, 1, '井伊家の城とひこにゃんに会える', '0', '2019-05-16 00:00:00', '2019-05-16 00:00:00'),
(22, '二条城', '徳川家康', 24, 1603, 1, '修学旅行で行く人多そうな城', '0', '2019-05-16 00:00:00', '2019-05-16 00:00:00'),
(23, '大阪城', '豊臣秀吉', 25, 1584, 1, '立派過ぎてさすが秀吉様のお城', '0', '2019-05-16 00:00:00', '2019-05-16 00:00:00'),
(24, '姫路城', '赤松貞範', 26, 1346, 1, '世界文化遺産に登録されている', '0', '2019-05-16 00:00:00', '2019-05-16 00:00:00');

-- --------------------------------------------------------

--
-- テーブルの構造 `category_kurimoto`
--

CREATE TABLE `category_kurimoto` (
  `id` int(11) NOT NULL,
  `category_name` varchar(256) DEFAULT NULL,
  `del_flg` varchar(1) DEFAULT NULL,
  `create_date` datetime NOT NULL,
  `update_date` datetime NOT NULL
) ENGINE=InnoDB DEFAULT CHARSET=utf8;

--
-- テーブルのデータのダンプ `category_kurimoto`
--

INSERT INTO `category_kurimoto` (`id`, `category_name`, `del_flg`, `create_date`, `update_date`) VALUES
(0, NULL, '0', '2019-08-09 00:00:00', '2019-08-09 00:00:00'),
(1, 'サラダ・スープ', '0', '2019-08-09 00:00:00', '2019-08-09 00:00:00'),
(2, '前菜・おつまみ', '0', '2019-08-09 00:00:00', '2019-08-09 00:00:00'),
(3, 'パン', '0', '2019-08-09 00:00:00', '2019-08-09 00:00:00'),
(4, 'イタリアの味', '0', '2019-08-09 00:00:00', '2019-08-09 00:00:00'),
(5, 'ピザ', '0', '2019-08-09 00:00:00', '2019-08-09 00:00:00'),
(6, 'パスタ', '0', '2019-08-09 00:00:00', '2019-08-09 00:00:00'),
(7, 'ドリア', '0', '2019-08-09 00:00:00', '2019-08-09 00:00:00'),
(8, '米料理', '0', '2019-08-09 00:00:00', '2019-08-09 00:00:00'),
(9, '肉料理', '0', '2019-08-09 00:00:00', '2019-08-09 00:00:00'),
(10, 'デザート', '0', '2019-08-09 00:00:00', '2019-08-09 00:00:00'),
(11, 'ドリンクバー', '0', '2019-08-09 00:00:00', '2019-08-09 00:00:00');

-- --------------------------------------------------------

--
-- テーブルの構造 `cd_name_sahota`
--

CREATE TABLE `cd_name_sahota` (
  `NO` int(11) DEFAULT NULL,
  `name_id` int(11) DEFAULT NULL,
  `name` varchar(255) DEFAULT NULL,
  `del_flg` varchar(1) DEFAULT NULL,
  `create_date` datetime DEFAULT NULL,
  `update_date` datetime DEFAULT NULL
) ENGINE=InnoDB DEFAULT CHARSET=utf8;

--
-- テーブルのデータのダンプ `cd_name_sahota`
--

INSERT INTO `cd_name_sahota` (`NO`, `name_id`, `name`, `del_flg`, `create_date`, `update_date`) VALUES
(1, 0, NULL, '0', '2019-06-11 12:00:00', '2019-06-11 12:00:00'),
(2, 1, 'もしもし原宿', '0', '2019-06-11 12:00:00', '2019-06-11 12:00:00'),
(3, 2, 'ぱみゅぱみゅレボリューション', '0', '2019-06-11 12:00:00', '2019-06-11 12:00:00'),
(4, 3, 'なんだこれくしょん', '0', '2019-06-11 12:00:00', '2019-06-11 12:00:00'),
(5, 4, 'ピカピカふぁんたじん', '0', '2019-06-11 12:00:00', '2019-06-11 12:00:00'),
(6, 5, 'KPP BEST', '0', '2019-06-11 12:00:00', '2019-06-11 12:00:00'),
(7, 6, 'じゃぱみゅ', '0', '2019-06-11 12:00:00', '2019-06-11 12:00:00'),
(8, 7, 'つけまつける', '0', '2019-06-11 12:00:00', '2019-06-11 12:00:00'),
(9, 8, 'CANDY CANDY', '0', '2019-06-11 12:00:00', '2019-06-11 12:00:00'),
(10, 9, 'ファッションモンスター', '0', '2019-06-11 12:00:00', '2019-06-11 12:00:00'),
(11, 10, 'キミに100パーセント/ふりそでーしょん', '0', '2019-06-11 12:00:00', '2019-06-11 12:00:00'),
(12, 11, 'にんじゃりばんばん', '0', '2019-06-11 12:00:00', '2019-06-11 12:00:00'),
(13, 12, 'インベーダーインベーダー', '0', '2019-06-11 12:00:00', '2019-06-11 12:00:00'),
(14, 13, 'もったいないとらんど', '0', '2019-06-11 12:00:00', '2019-06-11 12:00:00'),
(15, 14, 'ゆめのはじまりんりん', '0', '2019-06-11 12:00:00', '2019-06-11 12:00:00'),
(16, 15, 'ファミリーパーティー', '0', '2019-06-11 12:00:00', '2019-06-11 12:00:00'),
(17, 16, 'きらきらキラー', '0', '2019-06-11 12:00:00', '2019-06-11 12:00:00'),
(18, 17, 'もんだいガール', '0', '2019-06-11 12:00:00', '2019-06-11 12:00:00'),
(19, 18, 'Crazy Party Night ～ぱんぷきんの逆襲～', '0', '2019-06-11 12:00:00', '2019-06-11 12:00:00'),
(20, 19, '最＆高', '0', '2019-06-11 12:00:00', '2019-06-11 12:00:00'),
(21, 20, 'Crazy Crazy/原宿いやほい', '0', '2019-06-11 12:00:00', '2019-06-11 12:00:00'),
(22, 21, '良すた', '0', '2019-06-11 12:00:00', '2019-06-11 12:00:00'),
(23, 22, 'きみのみかた', '0', '2019-06-11 12:00:00', '2019-06-11 12:00:00'),
(24, 23, 'きみがいいねくれたら', '0', '2019-06-11 12:00:00', '2019-06-11 12:00:00');

-- --------------------------------------------------------

--
-- テーブルの構造 `cd_type_sahota`
--

CREATE TABLE `cd_type_sahota` (
  `NO` int(11) DEFAULT NULL,
  `type_id` int(11) DEFAULT NULL,
  `cd_type` varchar(256) DEFAULT NULL,
  `del_flg` varchar(1) DEFAULT NULL,
  `create_date` datetime DEFAULT NULL,
  `update_date` datetime DEFAULT NULL
) ENGINE=InnoDB DEFAULT CHARSET=utf8;

--
-- テーブルのデータのダンプ `cd_type_sahota`
--

INSERT INTO `cd_type_sahota` (`NO`, `type_id`, `cd_type`, `del_flg`, `create_date`, `update_date`) VALUES
(1, 0, NULL, '0', '2019-06-11 12:00:00', '2019-06-11 12:00:00'),
(2, 1, 'アルバム', '0', '2019-06-11 12:00:00', '2019-06-11 12:00:00'),
(3, 2, 'シングル', '0', '2019-06-11 12:00:00', '2019-06-11 12:00:00'),
(4, 3, 'デジタルシングル', '0', '2019-06-11 12:00:00', '2019-06-11 12:00:00');

-- --------------------------------------------------------

--
-- テーブルの構造 `champion_main_tiba`
--

CREATE TABLE `champion_main_tiba` (
  `id` int(11) NOT NULL,
  `champion_name` varchar(256) NOT NULL,
  `class_id` int(20) DEFAULT NULL,
  `country_id` int(20) DEFAULT NULL,
  `achievement` varchar(20) DEFAULT NULL,
  `comment` varchar(256) DEFAULT NULL,
  `del_flg` varchar(1) DEFAULT NULL,
  `create_date` datetime NOT NULL,
  `update_date` datetime NOT NULL
) ENGINE=InnoDB DEFAULT CHARSET=utf8;

--
-- テーブルのデータのダンプ `champion_main_tiba`
--

INSERT INTO `champion_main_tiba` (`id`, `champion_name`, `class_id`, `country_id`, `achievement`, `comment`, `del_flg`, `create_date`, `update_date`) VALUES
(1, 'ノックアウト・CP・フレッシュマート', 0, 0, '17戦１７勝0負け', 'タイのプロボクサー。現WBA世界ミニマム級王者。ポンサクレック・ウォンジョンカムなど多くの世界王者を輩出したウィラット・ワチララタナウォンがプロモーター兼会長を務め、ピヤラット・ワチララタナウォンがプロモーターを務めるペッインディー所属。', '0', '2018-03-01 00:00:00', '2018-03-00 00:00:00'),
(2, 'カルロス・カニサレス', 1, 1, '２２戦２１勝1分', 'ベネズエラのWBA世界Lフライ級チャンピオン。オーソドックスなスタイルで最高のスタミナと体幹を活かし、無敗の現役ボクサー。', '0', '2018-03-01 00:00:00', '2018-03-01 00:00:00'),
(3, 'アーテム・ダラキアン', 2, 2, '１８戦１８勝', 'ウクライナのプロボクサー。アゼルバイジャンバクー出身。現WBA世界フライ級王者。K2プロモーションズ所属。ガードを上げて攻防分離の状況を作るより、極力身体に触れさせずに自分のパンチだけを当てるボクシングスタイル', '0', '2018-03-01 00:00:00', '2018-03-01 00:00:00'),
(4, 'カリッド・ヤファイ', 3, 3, '２５戦２５勝', 'イギリスのプロボクサー。バーミンガム出身。現WBA世界スーパーフライ級王者。エディー・ハーンのマッチルーム・スポルト所属。背骨が直角に曲がるほどのスウェーバック、背面を完全に相手に見せるほどの深いダッキング、比較的リードブロー打たない変則型ボクシングスタイル。', '0', '2018-03-01 00:00:00', '2018-03-01 00:00:00'),
(5, '井上　尚弥', 4, 4, '１８戦１８勝', '日本のプロボクサー。神奈川県座間市出身。大橋ボクシングジム所属。広告代理店・マネジメントは株式会社セカンドキャリア。弟は同じプロボクサーの井上拓真。相手がガードしていても、 ガードの上からパンチを叩き込んでダウンを奪う軽量級離れしたパワーを誇る。オーソドックスボクシングスタイル', '0', '2018-03-01 00:00:00', '2018-03-01 00:00:00'),
(6, 'ダニー・ローマン', 5, 5, '３０戦２７勝2負け１分', 'アメリカ合衆国のプロボクサー。カリフォルニア州ロサンゼルス出身。現WBA世界スーパーバンタム級王者。トンプソン・ボクシングとエディー・ハーンのマッチルーム・スポーツ所属。ジャブとフックのスイッチを得意とするオーソドックスボクシングスタイル。', '0', '2018-03-01 00:00:00', '2018-03-01 00:00:00'),
(7, 'レオ・サンタ・クルス', 6, 6, '３８戦３６勝1負け１分', 'メキシコのプロボクサー。元IBF世界バンタム級王者。元WBC世界スーパーバンタム級王者。現WBA世界フェザー級スーパー王者。世界3階級制覇王者。オーソドックスボクシングスタイル', '0', '2018-03-01 00:00:00', '2018-03-01 00:00:00'),
(8, 'アンドリュー・カンシオ', 7, 7, '18戦１７勝１分', 'アメリカ合衆国のプロボクサー。WBAインターコンチネンタルスーパーフェザー級王座、第43代WBA世界スーパーフェザー級王座。\r\n体格はウェルター級並み、ガードが非常に硬くカウンターを得意とするオーソドックスボクシングスタイル。\r\n', '0', '2018-03-01 00:00:00', '2018-03-01 00:00:00'),
(9, 'ワシル・ロマチェンコ', 8, 8, '１４戦１３勝１負け', 'ウクライナのプロボクサー。オデッサ州ビルホルド・ドニストロフスキー出身。元WBO世界フェザー級王者。元WBO世界スーパーフェザー級王者。現WBAスーパー・WBO世界ライト級統一王者。世界最速の3階級制覇王者。\r\nプレッシャーをかけ手数を多く出して多彩なテクニックを武器に試合を組み立てる。特にコンビネーションを交えたボディ攻撃が巧い。\r\nボクシングスタイルはサウスポー。', '0', '2018-03-01 00:00:00', '2018-03-01 00:00:00'),
(10, 'キリル・レリック', 9, 9, '２１戦１９勝２負け', 'ベラルーシのプロボクサー。第三シードのWBA世界スーパーライト級チャンピオン。\r\n動体視力がよく、独特のリズムのステップやウィービングを持ちリーチが非常に長いオーソドックスボクシングスタイル。\r\n', '0', '2018-03-01 00:00:00', '2018-03-01 00:00:00'),
(11, 'マニー・パッキャオ', 10, 10, '７０戦６１勝７負け2分', 'フィリピンのプロボクサー、政治家、フィリピンプロバスケットボールリーグのバスケットボール選手兼ヘッドコーチ。\r\n元WBC世界フライ級王者。元IBF世界スーパーバンタム級王者。元WBC世界スーパーフェザー級王者。元WBC世界ライト級王者。元WBO世界ウェルター級王者。元WBC世界スーパーウェルター級王者。現WBA世界ウェルター級王者。史上2人目の6階級制覇王者。\r\nスピードとスタミナに優れリングを縦横無尽に動いて手数で圧倒する試合スタイル。サウスポースタイル。', '0', '2018-03-01 00:00:00', '2018-03-01 00:00:00'),
(12, 'ジュリア・ウィリアムズ', 11, 11, '２５戦２２勝１負け１分１無効試合', 'アメリカのプロボクサー。ペンシルバニア州フィラデルフィア出身。\r\nWBCアメリカ大陸スーパーウェルター級王座。\r\n一撃で相手を仕留めるパンチ力を持つ本格派のファイター。\r\nオーソドックスボクシングスタイル。\r\n', '0', '2018-03-01 00:00:00', '2018-03-01 00:00:00'),
(13, 'ブライアン・カルロス・カスターノ', 12, 12, '１６戦１５勝１分', 'アルゼンチンのプロボクサー。ブエノスアイレス州イシドロ・カサノバ出身。現WBA世界スーパーウェルター級王者。\r\nオーソドックスボクシングスタイル。\r\n', '0', '2018-03-01 00:00:00', '2018-03-01 00:00:00'),
(14, 'サウル・アルバレス', 13, 13, '５５戦５２勝1負け２分', 'メキシコのプロボクサー。元WBA・WBC世界スーパーウェルター級王者。元WBO世界スーパーウェルター級王者。現WBAスーパー・WBC・IBF世界ミドル級王者。世界3階級制覇王者。\r\nオーソドックスボクシングスタイル。\r\n', '0', '2018-03-01 00:00:00', '2018-03-01 00:00:00'),
(15, 'ロブ・プラント', 14, 14, '１６戦１４勝1負け1分', 'アメリカ合衆国のプロボクサー。WBA世界ミドル級王者。\r\n右ボクサーファイタースタイル。', '0', '2018-03-01 00:00:00', '2018-03-01 00:00:00'),
(16, 'カラム・スミス', 15, 15, '１７戦１7勝', 'イギリスのプロボクサー。リヴァプール出身。元WBO世界スーパーウェルター級王者。\r\nオーソドックスボクシングスタイル。', '0', '2018-03-01 00:00:00', '2018-03-01 00:00:00'),
(17, 'ディミトリー・ビボル', 16, 16, '１５戦１５勝', 'ロシアのプロボクサー。キルギストクマク出身。現WBA世界ライトヘビー級王者。\r\n誰がみてもわかりやすい、速いの・上手いの・強いの・3拍子揃ったエリートボクシングです。重量級なのにとにかく速いオーソドックスコンビネーション型スタイル', '0', '2018-03-01 00:00:00', '2018-03-01 00:00:00'),
(18, 'ベイバット・シュメノフ', 17, 17, '２０戦１８勝２負け', 'カザフスタンのプロボクサー。南カザフスタン州シムケント出身。元WBA世界ライトヘビー級スーパー王者。現WBA世界クルーザー級王者。世界2階級制覇王者。右のフックを武器にバックボーンである空手を感じさせる独特のオーソドックスボクシングスタイル。\r\n', '0', '2018-03-01 00:00:00', '2018-03-01 00:00:00'),
(19, 'デニス・レべデフ', 18, 18, '３４戦３１勝２負け', 'ロシアのプロボクサー。ベルゴロド州スタールイ・オスコル出身。現WBA世界クルーザー級休養王者。元IBF世界クルーザー級王者。ロシアのプロボクサーの多くが国外に拠点を移す一方、レベデフはロシアを活動拠点としている。パワフルなファイトを展開し強烈なフックで仕留める選手。サウスポースタイル。', '0', '2018-03-01 00:00:00', '2018-03-01 00:00:00'),
(20, 'マニュエルチャー', 19, 19, '３５戦３１勝４負け', 'ドイツのプロボクサー。WBCバルチックヘビー級王座、WBAインターナショナルヘビー級王座、WBA世界ヘビー級王者。\r\nムエタイのドイツ王者でガードが固くスピードのあるボクサー。\r\nオーソドックスボクシングスタイル。', '0', '2018-03-01 00:00:00', '2018-03-01 00:00:00'),
(21, 'アンソニー・ジョシュア', 20, 20, '２２戦２２勝', 'イギリスのプロボクサー。イングランド・ワトフォード出身。現WBAスーパー・IBF・WBO世界ヘビー級統一王者。ロンドンオリンピックスーパーヘビー級金メダリスト。距離を詰めながらの右ストレートを武器にし、一発が重いボクサー。オーソドックスボクシングスタイル。', '0', '2018-03-01 00:00:00', '2018-03-01 00:00:00');

-- --------------------------------------------------------

--
-- テーブルの構造 `class_tiba`
--

CREATE TABLE `class_tiba` (
  `id` int(20) NOT NULL,
  `class` varchar(256) DEFAULT NULL,
  `del_flg` varchar(1) DEFAULT NULL,
  `create_date` datetime NOT NULL,
  `update_date` datetime NOT NULL
) ENGINE=InnoDB DEFAULT CHARSET=utf8;

--
-- テーブルのデータのダンプ `class_tiba`
--

INSERT INTO `class_tiba` (`id`, `class`, `del_flg`, `create_date`, `update_date`) VALUES
(0, '', '0', '2018-03-01 00:00:00', '2018-03-01 00:00:00'),
(1, 'ミニマム', ' ', '2018-03-01 00:00:00', '2018-03-01 00:00:00'),
(2, 'ライトフライ', '0', '2018-03-01 00:00:00', '2018-03-01 00:00:00'),
(3, 'ライト', '0', '2018-03-01 00:00:00', '2018-03-01 00:00:00'),
(4, 'スーパーフライ', '0', '2018-03-01 00:00:00', '2018-03-01 00:00:00'),
(5, 'バンダム', '0', '2018-03-01 00:00:00', '2018-03-01 00:00:00'),
(6, 'スーパーバンダム', '0', '2018-03-01 00:00:00', '2018-03-01 00:00:00'),
(7, 'フェザー', '0', '2018-03-01 00:00:00', '2018-03-01 00:00:00'),
(8, 'スーパーフェザー', '0', '2018-03-01 00:00:00', '2018-03-01 00:00:00'),
(9, 'ラト', '0', '2018-03-01 00:00:00', '2018-03-01 00:00:00'),
(10, 'スーパーライト', '0', '2018-03-01 00:00:00', '2018-03-01 00:00:00'),
(11, 'ウェルダー', '0', '2018-03-01 00:00:00', '2018-03-01 00:00:00'),
(12, 'スーパーウェルダー', '0', '2018-03-01 00:00:00', '2018-03-01 00:00:00'),
(13, 'ミドル', '0', '2018-03-01 00:00:00', '2018-03-01 00:00:00'),
(14, 'スーパーミドル', '0', '2018-03-01 00:00:00', '2018-03-01 00:00:00'),
(15, 'ライトヘビー', '0', '2018-03-01 00:00:00', '2018-03-01 00:00:00'),
(16, 'クルーザー', '0', '2018-03-01 00:00:00', '2018-03-01 00:00:00'),
(17, 'ヘビー', '0', '2018-03-01 00:00:00', '2018-03-01 00:00:00');

-- --------------------------------------------------------

--
-- テーブルの構造 `color_nakai`
--

CREATE TABLE `color_nakai` (
  `color_id` int(11) NOT NULL,
  `color` varchar(256) DEFAULT NULL,
  `del_flg` varchar(1) NOT NULL,
  `create_date` datetime NOT NULL,
  `update_date` datetime NOT NULL
) ENGINE=InnoDB DEFAULT CHARSET=utf8;

--
-- テーブルのデータのダンプ `color_nakai`
--

INSERT INTO `color_nakai` (`color_id`, `color`, `del_flg`, `create_date`, `update_date`) VALUES
(0, NULL, '0', '2018-10-15 00:00:00', '2018-10-15 00:00:00'),
(1, '白', '0', '2018-10-09 00:00:00', '2018-10-09 00:00:00'),
(2, '黄', '0', '2018-10-09 00:00:00', '2018-10-09 00:00:00'),
(3, 'オレンジ', '0', '2018-10-09 00:00:00', '2018-10-09 00:00:00'),
(4, 'ピンク', '0', '2018-10-09 00:00:00', '2018-10-09 00:00:00'),
(5, '赤', '0', '2018-10-09 00:00:00', '2018-10-09 00:00:00'),
(6, '青', '0', '2018-10-09 00:00:00', '2018-10-09 00:00:00'),
(7, '紫', '0', '2018-10-09 00:00:00', '2018-10-09 00:00:00'),
(8, '緑', '0', '2018-10-09 00:00:00', '2018-10-09 00:00:00'),
(9, 'その他', '0', '2018-10-09 00:00:00', '2018-10-09 00:00:00'),
(0, NULL, '0', '2018-10-15 00:00:00', '2018-10-15 00:00:00'),
(1, '白', '0', '2018-10-09 00:00:00', '2018-10-09 00:00:00'),
(2, '黄', '0', '2018-10-09 00:00:00', '2018-10-09 00:00:00'),
(3, 'オレンジ', '0', '2018-10-09 00:00:00', '2018-10-09 00:00:00'),
(4, 'ピンク', '0', '2018-10-09 00:00:00', '2018-10-09 00:00:00'),
(5, '赤', '0', '2018-10-09 00:00:00', '2018-10-09 00:00:00'),
(6, '青', '0', '2018-10-09 00:00:00', '2018-10-09 00:00:00'),
(7, '紫', '0', '2018-10-09 00:00:00', '2018-10-09 00:00:00'),
(8, '緑', '0', '2018-10-09 00:00:00', '2018-10-09 00:00:00'),
(9, 'その他', '0', '2018-10-09 00:00:00', '2018-10-09 00:00:00');

-- --------------------------------------------------------

--
-- テーブルの構造 `company_fujimoto`
--

CREATE TABLE `company_fujimoto` (
  `id` int(11) NOT NULL,
  `company` varchar(256) DEFAULT NULL,
  `del_flg` varchar(1) DEFAULT NULL,
  `create_date` datetime DEFAULT NULL,
  `update_date` datetime DEFAULT NULL
) ENGINE=InnoDB DEFAULT CHARSET=utf8;

--
-- テーブルのデータのダンプ `company_fujimoto`
--

INSERT INTO `company_fujimoto` (`id`, `company`, `del_flg`, `create_date`, `update_date`) VALUES
(0, '', '0', '2019-05-20 10:27:00', '2019-05-20 10:27:00'),
(1, 'Seagull', '0', '2019-05-20 10:27:00', '2019-05-20 10:27:00'),
(2, 'Anuenue', '0', '2019-05-20 10:27:00', '2019-05-20 10:27:00'),
(3, 'Headway', '0', '2019-05-20 10:27:00', '2019-05-20 10:27:00'),
(4, 'Taylor', '0', '2019-05-20 10:27:00', '2019-05-20 10:27:00'),
(5, 'MARTIN', '0', '2019-05-20 10:27:00', '2019-05-20 10:27:00');

-- --------------------------------------------------------

--
-- テーブルの構造 `country_tiba`
--

CREATE TABLE `country_tiba` (
  `id` int(20) NOT NULL,
  `country` varchar(255) DEFAULT NULL,
  `del_flg` varchar(1) DEFAULT NULL,
  `create_date` datetime NOT NULL,
  `update_date` datetime NOT NULL
) ENGINE=InnoDB DEFAULT CHARSET=utf8;

--
-- テーブルのデータのダンプ `country_tiba`
--

INSERT INTO `country_tiba` (`id`, `country`, `del_flg`, `create_date`, `update_date`) VALUES
(0, '', '0', '2018-03-01 00:00:00', '2018-03-01 00:00:00'),
(1, 'タイ', '0', '2018-03-01 00:00:00', '2018-03-01 00:00:00'),
(2, 'ベネズエラ', '0', '2018-03-01 00:00:00', '2018-03-01 00:00:00'),
(3, 'ウクライナ', '0', '2018-03-01 00:00:00', '2018-03-01 00:00:00'),
(4, 'イギリス', '0', '2018-03-01 00:00:00', '2018-03-01 00:00:00'),
(5, '日本', '0', '2018-03-01 00:00:00', '2018-03-01 00:00:00'),
(6, 'アメリカ', '0', '2018-03-01 00:00:00', '2018-03-01 00:00:00'),
(7, 'メキシコ', '0', '2018-03-01 00:00:00', '2018-03-01 00:00:00'),
(8, 'アメリカ', '0', '2018-03-01 00:00:00', '2018-03-01 00:00:00'),
(9, 'ウクライナ', '0', '2018-03-01 00:00:00', '2018-03-01 00:00:00'),
(10, 'ベラルーシ', '0', '2018-03-01 00:00:00', '2018-03-01 00:00:00'),
(11, 'フィリピン', '0', '2018-03-01 00:00:00', '2018-03-01 00:00:00'),
(12, 'アメリカ', '0', '2018-03-01 00:00:00', '2018-03-01 00:00:00'),
(13, 'アルゼンチン', '0', '2018-03-01 00:00:00', '2018-03-01 00:00:00'),
(14, 'メキシコ', '0', '2018-03-01 00:00:00', '2018-03-01 00:00:00'),
(15, 'アメリカ', '0', '2018-03-01 00:00:00', '2018-03-01 00:00:00'),
(16, 'イギリス', '0', '2018-03-01 00:00:00', '2018-03-01 00:00:00'),
(17, 'ロシア', '0', '2018-03-01 00:00:00', '2018-03-01 00:00:00'),
(18, 'カザフスタン', '0', '2018-03-01 00:00:00', '2018-03-01 00:00:00'),
(19, 'ロシア', '0', '2018-03-01 00:00:00', '2018-03-01 00:00:00'),
(20, 'レバノン', '0', '2018-03-01 00:00:00', '2018-03-01 00:00:00'),
(21, 'イギリス', '0', '2018-03-01 00:00:00', '2018-03-01 00:00:00');

-- --------------------------------------------------------

--
-- テーブルの構造 `deck_okugawa`
--

CREATE TABLE `deck_okugawa` (
  `id` int(11) NOT NULL,
  `deck_attribute` varchar(256) DEFAULT NULL,
  `del_flg` varchar(1) DEFAULT NULL,
  `create_date` datetime NOT NULL,
  `update_date` datetime NOT NULL
) ENGINE=InnoDB DEFAULT CHARSET=utf8;

--
-- テーブルのデータのダンプ `deck_okugawa`
--

INSERT INTO `deck_okugawa` (`id`, `deck_attribute`, `del_flg`, `create_date`, `update_date`) VALUES
(0, NULL, '0', '2019-06-10 12:00:00', '2019-06-10 12:00:00'),
(1, '炎', '0', '2019-06-10 12:00:00', '2019-06-10 12:00:00'),
(2, '水', '0', '2019-06-10 12:00:00', '2019-06-10 12:00:00'),
(3, '地', '0', '2019-06-10 12:00:00', '2019-06-10 12:00:00'),
(4, '風', '0', '2019-06-10 12:00:00', '2019-06-10 12:00:00'),
(5, '光', '0', '2019-06-10 12:00:00', '2019-06-10 12:00:00'),
(6, '闇', '0', '2019-06-10 12:00:00', '2019-06-10 12:00:00');

-- --------------------------------------------------------

--
-- テーブルの構造 `district_uezu`
--

CREATE TABLE `district_uezu` (
  `id` int(11) NOT NULL,
  `district` varchar(256) DEFAULT NULL,
  `del_flg` varchar(1) DEFAULT NULL,
  `create_date` datetime NOT NULL,
  `update_date` datetime NOT NULL
) ENGINE=InnoDB DEFAULT CHARSET=utf8;

--
-- テーブルのデータのダンプ `district_uezu`
--

INSERT INTO `district_uezu` (`id`, `district`, `del_flg`, `create_date`, `update_date`) VALUES
(0, NULL, '0', '2019-05-21 00:00:00', '2019-05-21 00:00:00'),
(1, '東地区', '0', '2019-05-21 00:00:00', '2019-05-21 00:00:00'),
(2, '中地区', '0', '2019-05-21 00:00:00', '2019-05-21 00:00:00'),
(3, '西地区', '0', '2019-05-21 00:00:00', '2019-05-21 00:00:00');

-- --------------------------------------------------------

--
-- テーブルの構造 `fa`
--

CREATE TABLE `fa` (
  `id` int(10) NOT NULL,
  `band_name` varchar(100) NOT NULL,
  `member` int(2) DEFAULT NULL,
  `band_year` int(4) DEFAULT NULL,
  `band_sex` int(2) DEFAULT NULL,
  `genre_id` int(2) DEFAULT NULL,
  `comment` varchar(300) DEFAULT NULL
) ENGINE=InnoDB DEFAULT CHARSET=utf8;

-- --------------------------------------------------------

--
-- テーブルの構造 `feature_sakuma`
--

CREATE TABLE `feature_sakuma` (
  `id` int(1) NOT NULL,
  `feature_name` varchar(256) DEFAULT NULL,
  `del_flg` varchar(1) DEFAULT NULL,
  `create_date` datetime NOT NULL,
  `update_date` datetime NOT NULL
) ENGINE=InnoDB DEFAULT CHARSET=utf8;

--
-- テーブルのデータのダンプ `feature_sakuma`
--

INSERT INTO `feature_sakuma` (`id`, `feature_name`, `del_flg`, `create_date`, `update_date`) VALUES
(0, NULL, NULL, '2019-07-08 11:00:00', '2019-07-08 11:00:00'),
(1, '回復', '0', '2019-07-08 11:00:00', '2019-07-08 11:00:00'),
(2, '攻撃', '0', '2019-07-08 11:00:00', '2019-07-08 11:00:00'),
(3, '前進', '0', '2019-07-08 11:00:00', '2019-07-08 11:00:00'),
(4, '先手', '0', '2019-07-08 11:00:00', '2019-07-08 11:00:00'),
(5, '追撃', '0', '2019-07-08 11:00:00', '2019-07-08 11:00:00'),
(6, '突撃', '0', '2019-07-08 11:00:00', '2019-07-08 11:00:00'),
(7, '爆発力', '0', '2019-07-08 11:00:00', '2019-07-08 11:00:00'),
(8, '妨害', '0', '2019-07-08 11:00:00', '2019-07-08 11:00:00'),
(9, 'ポーク', '0', '2019-07-08 11:00:00', '2019-07-08 11:00:00');

-- --------------------------------------------------------

--
-- テーブルの構造 `flower_main_nakai`
--

CREATE TABLE `flower_main_nakai` (
  `id` int(11) NOT NULL,
  `flower_image` varchar(256) DEFAULT NULL,
  `flower_name` varchar(256) NOT NULL,
  `month_id` int(11) NOT NULL,
  `color_id` int(11) NOT NULL,
  `country` varchar(256) DEFAULT NULL,
  `word` varchar(256) DEFAULT NULL,
  `del_flg` varchar(1) DEFAULT NULL,
  `create_date` datetime NOT NULL,
  `update_date` datetime NOT NULL
) ENGINE=InnoDB DEFAULT CHARSET=utf8;

--
-- テーブルのデータのダンプ `flower_main_nakai`
--

INSERT INTO `flower_main_nakai` (`id`, `flower_image`, `flower_name`, `month_id`, `color_id`, `country`, `word`, `del_flg`, `create_date`, `update_date`) VALUES
(1, '/FlowerNakai/ume.jpg', '梅（ウメ）', 1, 1, '中国', '高潔、澄んだ心', '0', '2018-10-09 00:00:00', '2018-10-09 00:00:00'),
(2, '/FlowerNakai/sazanka.jpg', '山茶花（サザンカ）', 1, 4, '日本', '素直、飾らない心', '0', '2018-10-09 00:00:00', '2018-10-09 00:00:00'),
(3, '/FlowerNakai/cyclamen.jpg', 'シクラメン', 2, 7, 'トルコ', '清純、はにかみ、思慮深い', '0', '2018-10-09 00:00:00', '2018-10-09 00:00:00'),
(4, '/FlowerNakai/fukujuso.jpg', '福寿草（フクジュソウ）', 2, 2, '日本', '幸せを招く', '0', '2018-10-09 00:00:00', '2018-10-09 00:00:00'),
(5, '/FlowerNakai/momo.jpg', '桃（モモ）', 3, 4, '中国', 'チャーミング、私はあなたの虜', '0', '2018-10-09 00:00:00', '2018-10-09 00:00:00'),
(6, '/FlowerNakai/boke.jpg', '木瓜（ボケ）', 3, 5, '中国', '平凡', '0', '2018-10-09 00:00:00', '2018-10-09 00:00:00'),
(7, '/FlowerNakai/sakura.jpg', '桜（サクラ）', 4, 4, '日本', '高尚、教養、心の美', '0', '2018-10-09 00:00:00', '2018-10-09 00:00:00'),
(8, '/FlowerNakai/fuji.jpg', '藤（フジ）', 4, 7, '日本', '恋に酔う', '0', '2018-10-09 00:00:00', '2018-10-09 00:00:00'),
(9, '/FlowerNakai/carnation.jpg', 'カーネーション', 5, 5, '地中海沿岸から西アジア', '純愛', '0', '2018-10-09 00:00:00', '2018-10-09 00:00:00'),
(10, '/FlowerNakai/ayame.jpg', '菖蒲（アヤメ）', 5, 6, 'ユーラシア大陸', '気品漂う', '0', '2018-10-09 00:00:00', '2018-10-09 00:00:00'),
(11, '/FlowerNakai/gakuajisai.jpg', '額紫陽花（ガクアジサイ）', 6, 7, '日本', '謙虚', '0', '2018-10-09 00:00:00', '2018-10-09 00:00:00'),
(12, '/FlowerNakai/shirotsumekusa.jpg', 'シロツメクサ（クローバー）', 6, 1, 'ヨーロッパ', '約束', '0', '2018-10-09 00:00:00', '2018-10-09 00:00:00'),
(13, '/FlowerNakai/hozuki.jpg', '鬼灯（ホオヅキ）', 7, 3, '東南アジア', '笑顔', '0', '2018-10-09 00:00:00', '2018-10-09 00:00:00'),
(14, '/FlowerNakai/kikyo.jpg', '桔梗（キキョウ）', 7, 6, '日本', '不屈の心', '0', '2018-10-09 00:00:00', '2018-10-09 00:00:00'),
(15, '/FlowerNakai/himawari.jpg', '向日葵（ヒマワリ）', 8, 2, '北米', '栄光', '0', '2018-10-09 00:00:00', '2018-10-09 00:00:00'),
(16, '/FlowerNakai/hibisucus.jpg', 'ハイビスカス', 8, 5, '不明', '繊細な美', '0', '2018-10-09 00:00:00', '2018-10-09 00:00:00'),
(17, '/FlowerNakai/kiku.jpg', '菊（キク）', 9, 2, '中国', '信頼', '0', '2018-10-09 00:00:00', '2018-10-09 00:00:00'),
(18, '/FlowerNakai/manjusyage.jpg', '曼珠沙華（マンジュシャゲ）', 9, 5, '中国', '感謝', '0', '2018-10-09 00:00:00', '2018-10-09 00:00:00'),
(19, '/FlowerNakai/kinmokusei.jpg', '金木犀（キンモクセイ）', 10, 2, '中国', '変わらぬ魅力', '0', '2018-10-09 00:00:00', '2018-10-09 00:00:00'),
(20, '/FlowerNakai/susuki.jpg', '薄（ススキ）', 10, 8, '中国', '秋風に想いを乗せて', '0', '2018-10-09 00:00:00', '2018-10-09 00:00:00'),
(21, '/FlowerNakai/marygold.jpg', 'マリーゴールド', 11, 3, 'メキシコ', '嫉妬、絶望、悲しみ', '0', '2018-10-09 00:00:00', '2018-10-09 00:00:00'),
(22, '/FlowerNakai/bara.jpg', '薔薇（バラ）', 11, 4, '不明', 'しとやか、上品、可愛い人', '0', '2018-10-09 00:00:00', '2018-10-09 00:00:00'),
(23, '/FlowerNakai/nanten.jpg', '南天（ナンテン）', 12, 1, '中国', 'ますます幸せ', '0', '2018-10-09 00:00:00', '2018-10-09 00:00:00'),
(24, '/FlowerNakai/poinsettia.jpg', 'ポインセチア', 12, 5, 'メキシコ', '祝福', '0', '2018-10-09 00:00:00', '2018-10-09 00:00:00'),
(25, NULL, '山法師（ヤマボウシ）', 5, 8, '日本、中国、朝鮮半島', '友情', '0', '2018-10-16 09:29:34', '2018-10-16 09:29:34'),
(1, '/FlowerNakai/ume.jpg', '梅（ウメ）', 1, 1, '中国', '高潔、澄んだ心', '0', '2018-10-09 00:00:00', '2018-10-09 00:00:00'),
(2, '/FlowerNakai/sazanka.jpg', '山茶花（サザンカ）', 1, 4, '日本', '素直、飾らない心', '0', '2018-10-09 00:00:00', '2018-10-09 00:00:00'),
(3, '/FlowerNakai/cyclamen.jpg', 'シクラメン', 2, 7, 'トルコ', '清純、はにかみ、思慮深い', '0', '2018-10-09 00:00:00', '2018-10-09 00:00:00'),
(4, '/FlowerNakai/fukujuso.jpg', '福寿草（フクジュソウ）', 2, 2, '日本', '幸せを招く', '0', '2018-10-09 00:00:00', '2018-10-09 00:00:00'),
(5, '/FlowerNakai/momo.jpg', '桃（モモ）', 3, 4, '中国', 'チャーミング、私はあなたの虜', '0', '2018-10-09 00:00:00', '2018-10-09 00:00:00'),
(6, '/FlowerNakai/boke.jpg', '木瓜（ボケ）', 3, 5, '中国', '平凡', '0', '2018-10-09 00:00:00', '2018-10-09 00:00:00'),
(7, '/FlowerNakai/sakura.jpg', '桜（サクラ）', 4, 4, '日本', '高尚、教養、心の美', '0', '2018-10-09 00:00:00', '2018-10-09 00:00:00'),
(8, '/FlowerNakai/fuji.jpg', '藤（フジ）', 4, 7, '日本', '恋に酔う', '0', '2018-10-09 00:00:00', '2018-10-09 00:00:00'),
(9, '/FlowerNakai/carnation.jpg', 'カーネーション', 5, 5, '地中海沿岸から西アジア', '純愛', '0', '2018-10-09 00:00:00', '2018-10-09 00:00:00'),
(10, '/FlowerNakai/ayame.jpg', '菖蒲（アヤメ）', 5, 6, 'ユーラシア大陸', '気品漂う', '0', '2018-10-09 00:00:00', '2018-10-09 00:00:00'),
(11, '/FlowerNakai/gakuajisai.jpg', '額紫陽花（ガクアジサイ）', 6, 7, '日本', '謙虚', '0', '2018-10-09 00:00:00', '2018-10-09 00:00:00'),
(12, '/FlowerNakai/shirotsumekusa.jpg', 'シロツメクサ（クローバー）', 6, 1, 'ヨーロッパ', '約束', '0', '2018-10-09 00:00:00', '2018-10-09 00:00:00'),
(13, '/FlowerNakai/hozuki.jpg', '鬼灯（ホオヅキ）', 7, 3, '東南アジア', '笑顔', '0', '2018-10-09 00:00:00', '2018-10-09 00:00:00'),
(14, '/FlowerNakai/kikyo.jpg', '桔梗（キキョウ）', 7, 6, '日本', '不屈の心', '0', '2018-10-09 00:00:00', '2018-10-09 00:00:00'),
(15, '/FlowerNakai/himawari.jpg', '向日葵（ヒマワリ）', 8, 2, '北米', '栄光', '0', '2018-10-09 00:00:00', '2018-10-09 00:00:00'),
(16, '/FlowerNakai/hibisucus.jpg', 'ハイビスカス', 8, 5, '不明', '繊細な美', '0', '2018-10-09 00:00:00', '2018-10-09 00:00:00'),
(17, '/FlowerNakai/kiku.jpg', '菊（キク）', 9, 2, '中国', '信頼', '0', '2018-10-09 00:00:00', '2018-10-09 00:00:00'),
(18, '/FlowerNakai/manjusyage.jpg', '曼珠沙華（マンジュシャゲ）', 9, 5, '中国', '感謝', '0', '2018-10-09 00:00:00', '2018-10-09 00:00:00'),
(19, '/FlowerNakai/kinmokusei.jpg', '金木犀（キンモクセイ）', 10, 2, '中国', '変わらぬ魅力', '0', '2018-10-09 00:00:00', '2018-10-09 00:00:00'),
(20, '/FlowerNakai/susuki.jpg', '薄（ススキ）', 10, 8, '中国', '秋風に想いを乗せて', '0', '2018-10-09 00:00:00', '2018-10-09 00:00:00'),
(21, '/FlowerNakai/marygold.jpg', 'マリーゴールド', 11, 3, 'メキシコ', '嫉妬、絶望、悲しみ', '0', '2018-10-09 00:00:00', '2018-10-09 00:00:00'),
(22, '/FlowerNakai/bara.jpg', '薔薇（バラ）', 11, 4, '不明', 'しとやか、上品、可愛い人', '0', '2018-10-09 00:00:00', '2018-10-09 00:00:00'),
(23, '/FlowerNakai/nanten.jpg', '南天（ナンテン）', 12, 1, '中国', 'ますます幸せ', '0', '2018-10-09 00:00:00', '2018-10-09 00:00:00'),
(24, '/FlowerNakai/poinsettia.jpg', 'ポインセチア', 12, 5, 'メキシコ', '祝福', '0', '2018-10-09 00:00:00', '2018-10-09 00:00:00'),
(25, NULL, '山法師（ヤマボウシ）', 5, 8, '日本、中国、朝鮮半島', '友情', '0', '2018-10-16 09:29:34', '2018-10-16 09:29:34');

-- --------------------------------------------------------

--
-- テーブルの構造 `genre`
--

CREATE TABLE `genre` (
  `id` int(11) NOT NULL,
  `genre` varchar(255) NOT NULL,
  `del_flg` int(1) DEFAULT NULL,
  `create_date` varchar(14) NOT NULL,
  `update_date` varchar(14) NOT NULL
) ENGINE=InnoDB DEFAULT CHARSET=utf8;

--
-- テーブルのデータのダンプ `genre`
--

INSERT INTO `genre` (`id`, `genre`, `del_flg`, `create_date`, `update_date`) VALUES
(0, '', 0, '2017/11/08', '2017/11/08'),
(1, 'アクション', 0, '2017/11/08', '2017/11/08'),
(2, 'サスペンス', 0, '2017/11/08', '2017/11/08'),
(3, 'ヒューマン', 0, '2017/11/08', '2017/11/08'),
(4, 'ホラー', 0, '2017/11/08', '2017/11/08'),
(5, 'コメディ', 0, '2017/11/08', '2017/11/08');

-- --------------------------------------------------------

--
-- テーブルの構造 `genre_ishikawa`
--

CREATE TABLE `genre_ishikawa` (
  `id` int(11) DEFAULT NULL,
  `genre` varchar(256) DEFAULT NULL,
  `del_flg` varchar(1) DEFAULT NULL,
  `create_date` datetime DEFAULT NULL,
  `update_date` datetime DEFAULT NULL
) ENGINE=InnoDB DEFAULT CHARSET=utf8;

--
-- テーブルのデータのダンプ `genre_ishikawa`
--

INSERT INTO `genre_ishikawa` (`id`, `genre`, `del_flg`, `create_date`, `update_date`) VALUES
(1, '主食', '0', '2018-10-10 00:00:00', '2018-10-10 00:00:00'),
(2, '主菜', '0', '2018-10-10 00:00:00', '2018-10-10 00:00:00'),
(3, '副菜', '0', '2018-10-10 00:00:00', '2018-10-10 00:00:00'),
(0, '', '0', '2018-10-10 00:00:00', '2018-10-10 00:00:00'),
(0, '', '0', '2018-10-10 00:00:00', '2018-10-10 00:00:00'),
(1, '主食', '0', '2018-10-10 00:00:00', '2018-10-10 00:00:00'),
(2, '主菜', '0', '2018-10-10 00:00:00', '2018-10-10 00:00:00'),
(3, '副菜', '0', '2018-10-10 00:00:00', '2018-10-10 00:00:00');

-- --------------------------------------------------------

--
-- テーブルの構造 `genre_kambara`
--

CREATE TABLE `genre_kambara` (
  `genre_id` int(11) NOT NULL,
  `genre` varchar(256) DEFAULT NULL,
  `del_flg` varchar(1) DEFAULT NULL,
  `create_date` datetime NOT NULL,
  `update_date` datetime NOT NULL
) ENGINE=InnoDB DEFAULT CHARSET=utf8;

--
-- テーブルのデータのダンプ `genre_kambara`
--

INSERT INTO `genre_kambara` (`genre_id`, `genre`, `del_flg`, `create_date`, `update_date`) VALUES
(0, NULL, '0', '2019-09-18 00:00:00', '2019-09-18 00:00:00'),
(1, 'ハイブランド', '0', '2019-09-18 00:00:00', '2019-09-18 00:00:00'),
(2, 'アウトドア', '0', '2019-09-18 00:00:00', '2019-09-18 00:00:00'),
(3, 'セレクトブランド', '0', '2019-09-18 00:00:00', '2019-09-18 00:00:00'),
(4, 'ストリート', '0', '2019-09-18 00:00:00', '2019-09-18 00:00:00'),
(5, 'ラグジュアリーブランド', '0', '2019-09-18 00:00:00', '2019-09-18 00:00:00');

-- --------------------------------------------------------

--
-- テーブルの構造 `genre_kataoka`
--

CREATE TABLE `genre_kataoka` (
  `id` int(1) NOT NULL,
  `genre` varchar(20) NOT NULL,
  `del_flg` varchar(1) DEFAULT NULL,
  `create_date` timestamp NOT NULL DEFAULT current_timestamp() ON UPDATE current_timestamp(),
  `update_date` timestamp NOT NULL DEFAULT '0000-00-00 00:00:00'
) ENGINE=InnoDB DEFAULT CHARSET=utf8;

--
-- テーブルのデータのダンプ `genre_kataoka`
--

INSERT INTO `genre_kataoka` (`id`, `genre`, `del_flg`, `create_date`, `update_date`) VALUES
(0, '', '0', '2018-09-26 23:49:48', '2018-09-17 06:00:00'),
(1, '文化遺産', '0', '2018-09-17 06:00:00', '2018-09-17 06:00:00'),
(2, '自然遺産', '0', '2018-09-17 06:00:00', '2018-09-17 06:00:00'),
(0, '', '0', '2018-09-26 23:49:48', '2018-09-17 06:00:00'),
(1, '文化遺産', '0', '2018-09-17 06:00:00', '2018-09-17 06:00:00'),
(2, '自然遺産', '0', '2018-09-17 06:00:00', '2018-09-17 06:00:00');

-- --------------------------------------------------------

--
-- テーブルの構造 `genre_kurihara`
--

CREATE TABLE `genre_kurihara` (
  `id` int(11) NOT NULL,
  `genre` varchar(256) DEFAULT NULL,
  `del_flg` int(11) DEFAULT NULL,
  `create_date` datetime NOT NULL,
  `update_date` datetime NOT NULL
) ENGINE=InnoDB DEFAULT CHARSET=utf8;

--
-- テーブルのデータのダンプ `genre_kurihara`
--

INSERT INTO `genre_kurihara` (`id`, `genre`, `del_flg`, `create_date`, `update_date`) VALUES
(0, NULL, 0, '2019-05-08 00:00:00', '2019-05-08 00:00:00'),
(1, '家', 0, '2019-05-08 00:00:00', '2019-05-08 00:00:00'),
(2, '家（大）', 0, '2019-05-08 00:00:00', '2019-05-08 00:00:00'),
(3, '城', 0, '2019-05-08 00:00:00', '2019-05-08 00:00:00'),
(4, '軍事施設', 0, '2019-05-08 00:00:00', '2019-05-08 00:00:00'),
(5, '工業施設', 0, '2019-05-08 00:00:00', '2019-05-08 00:00:00'),
(6, '商業施設', 0, '2019-05-08 00:00:00', '2019-05-08 00:00:00'),
(7, '医療・公共施設', 0, '2019-05-08 00:00:00', '2019-05-08 00:00:00'),
(8, '群市町村', 0, '2019-05-08 00:00:00', '2019-05-08 00:00:00');

-- --------------------------------------------------------

--
-- テーブルの構造 `genre_miyamoto`
--

CREATE TABLE `genre_miyamoto` (
  `genre_id` int(11) NOT NULL,
  `genre_name` varchar(256) DEFAULT NULL,
  `del_flg` varchar(1) DEFAULT NULL,
  `create_date` datetime DEFAULT NULL,
  `update_date` datetime DEFAULT NULL
) ENGINE=InnoDB DEFAULT CHARSET=utf8;

--
-- テーブルのデータのダンプ `genre_miyamoto`
--

INSERT INTO `genre_miyamoto` (`genre_id`, `genre_name`, `del_flg`, `create_date`, `update_date`) VALUES
(0, '', '0', '2019-05-07 00:00:00', '2019-05-07 00:00:00'),
(1, '風刺', '0', '2019-05-07 00:00:00', '2019-05-07 00:00:00'),
(2, '長編小説', '0', '2019-05-07 00:00:00', '2019-05-07 00:00:00'),
(3, '短編小説', '0', '2019-05-07 00:00:00', '2019-05-07 00:00:00');

-- --------------------------------------------------------

--
-- テーブルの構造 `genre_nagatake`
--

CREATE TABLE `genre_nagatake` (
  `genre_id` int(11) NOT NULL,
  `genre` varchar(256) DEFAULT NULL,
  `del_flg` varchar(1) DEFAULT NULL,
  `create_date` datetime NOT NULL,
  `update_date` datetime NOT NULL
) ENGINE=InnoDB DEFAULT CHARSET=utf8;

--
-- テーブルのデータのダンプ `genre_nagatake`
--

INSERT INTO `genre_nagatake` (`genre_id`, `genre`, `del_flg`, `create_date`, `update_date`) VALUES
(0, NULL, '0', '2019-09-18 00:00:00', '2019-09-18 00:00:00'),
(1, 'SF/ファンタジー', '0', '2019-09-18 00:00:00', '2019-09-18 00:00:00'),
(2, 'ロボット/メカ', '0', '2019-09-13 00:00:00', '2019-09-13 00:00:00'),
(3, 'アクション/バトル', '0', '2019-09-13 00:00:00', '2019-09-13 00:00:00'),
(4, 'コメディ/ギャグ', '0', '2019-09-13 00:00:00', '2019-09-13 00:00:00'),
(5, '恋愛ラブコメ', '0', '2019-09-13 00:00:00', '2019-09-13 00:00:00'),
(6, '日常/ほのぼの', '0', '2019-09-13 00:00:00', '2019-09-13 00:00:00'),
(7, 'スポーツ/競技', '0', '2019-09-13 00:00:00', '2019-09-13 00:00:00'),
(8, 'ホラー/サスペンス/推理', '0', '2019-09-13 00:00:00', '2019-09-13 00:00:00'),
(9, '戦争/ミリタリー', '0', '2019-09-13 00:00:00', '2019-09-13 00:00:00'),
(10, '感動', '0', '2019-09-13 00:00:00', '2019-09-13 00:00:00');

-- --------------------------------------------------------

--
-- テーブルの構造 `genre_sako`
--

CREATE TABLE `genre_sako` (
  `genre_id` int(11) DEFAULT NULL,
  `genre` varchar(256) DEFAULT NULL,
  `del_flg` int(11) DEFAULT NULL,
  `create_date` datetime DEFAULT NULL,
  `update_date` datetime DEFAULT NULL
) ENGINE=InnoDB DEFAULT CHARSET=utf8;

--
-- テーブルのデータのダンプ `genre_sako`
--

INSERT INTO `genre_sako` (`genre_id`, `genre`, `del_flg`, `create_date`, `update_date`) VALUES
(1, 'アイスクリーム', 0, '2018-10-16 00:00:00', '2018-10-16 00:00:00'),
(2, 'アイスミルク', 0, '2018-10-16 00:00:00', '2018-10-16 00:00:00'),
(3, 'ラクトアイス', 0, '2018-10-16 00:00:00', '2018-10-16 00:00:00'),
(1, 'アイスクリーム', 0, '2018-10-16 00:00:00', '2018-10-16 00:00:00'),
(2, 'アイスミルク', 0, '2018-10-16 00:00:00', '2018-10-16 00:00:00'),
(3, 'ラクトアイス', 0, '2018-10-16 00:00:00', '2018-10-16 00:00:00');

-- --------------------------------------------------------

--
-- テーブルの構造 `genre_taneichi`
--

CREATE TABLE `genre_taneichi` (
  `id` int(2) NOT NULL,
  `genre` varchar(50) DEFAULT NULL,
  `del_flg` varchar(1) DEFAULT NULL,
  `create_date` datetime NOT NULL,
  `update_date` datetime NOT NULL
) ENGINE=InnoDB DEFAULT CHARSET=utf8;

--
-- テーブルのデータのダンプ `genre_taneichi`
--

INSERT INTO `genre_taneichi` (`id`, `genre`, `del_flg`, `create_date`, `update_date`) VALUES
(0, '', '0', '2019-05-24 16:50:00', '2019-05-24 16:50:00'),
(1, 'ロック', '0', '0019-05-24 16:01:18', '2019-05-24 16:01:18'),
(2, 'ポップ', '0', '2019-05-24 16:01:18', '2019-05-24 16:01:18'),
(3, 'オルタナティヴ', '0', '2019-05-24 16:01:18', '2019-05-24 16:01:18'),
(4, 'ヒップホップ', '0', '2019-05-24 16:01:18', '2019-05-24 16:01:18'),
(5, 'パンク', '0', '2019-05-24 16:01:18', '2019-05-24 16:01:18');

-- --------------------------------------------------------

--
-- テーブルの構造 `genre_uchiyama`
--

CREATE TABLE `genre_uchiyama` (
  `id` int(11) NOT NULL,
  `genre` varchar(256) COLLATE utf8_unicode_ci DEFAULT NULL,
  `del_flg` varchar(1) COLLATE utf8_unicode_ci DEFAULT NULL,
  `create_date` datetime NOT NULL,
  `update_date` datetime NOT NULL
) ENGINE=InnoDB DEFAULT CHARSET=utf8 COLLATE=utf8_unicode_ci;

--
-- テーブルのデータのダンプ `genre_uchiyama`
--

INSERT INTO `genre_uchiyama` (`id`, `genre`, `del_flg`, `create_date`, `update_date`) VALUES
(0, NULL, '0', '2019-09-17 00:00:00', '2019-09-17 00:00:00'),
(1, '文学', '0', '2019-09-17 00:00:00', '2019-09-17 00:00:00'),
(2, 'SF', '0', '2019-09-17 00:00:00', '2019-09-17 00:00:00'),
(3, 'エッセイ', '0', '2019-09-17 00:00:00', '2019-09-17 00:00:00'),
(4, '不明', '0', '2019-09-17 00:00:00', '2019-09-17 00:00:00'),
(5, 'その他', '0', '2019-09-17 00:00:00', '2019-09-17 00:00:00');

-- --------------------------------------------------------

--
-- テーブルの構造 `guiter_main_fujimoto`
--

CREATE TABLE `guiter_main_fujimoto` (
  `id` int(11) NOT NULL,
  `aco_name` varchar(256) DEFAULT NULL,
  `company_id` int(11) DEFAULT NULL,
  `wood_id` int(11) DEFAULT NULL,
  `price_int` int(8) DEFAULT NULL,
  `color_name` varchar(256) DEFAULT NULL,
  `comment` varchar(256) DEFAULT NULL,
  `del_flg` varchar(1) DEFAULT NULL,
  `create_date` datetime DEFAULT NULL,
  `update_date` datetime DEFAULT NULL
) ENGINE=InnoDB DEFAULT CHARSET=utf8;

-- --------------------------------------------------------

--
-- テーブルの構造 `heritage_main_kataoka`
--

CREATE TABLE `heritage_main_kataoka` (
  `id` int(2) NOT NULL,
  `genre_id` int(1) NOT NULL,
  `image` varchar(256) NOT NULL,
  `heritage_name` varchar(50) NOT NULL,
  `location_id1` int(2) NOT NULL,
  `location_id2` int(2) DEFAULT NULL,
  `location_id3` int(2) DEFAULT NULL,
  `location_id4` int(2) DEFAULT NULL,
  `location_id5` int(2) DEFAULT NULL,
  `location_id6` int(2) DEFAULT NULL,
  `location_id7` int(2) DEFAULT NULL,
  `location_id8` int(2) DEFAULT NULL,
  `registration_year` int(4) NOT NULL,
  `remarks` varchar(200) DEFAULT NULL,
  `del_flg` varchar(1) DEFAULT NULL,
  `create_date` timestamp NOT NULL DEFAULT current_timestamp() ON UPDATE current_timestamp(),
  `update_date` timestamp NOT NULL DEFAULT '0000-00-00 00:00:00'
) ENGINE=InnoDB DEFAULT CHARSET=utf8;

--
-- テーブルのデータのダンプ `heritage_main_kataoka`
--

INSERT INTO `heritage_main_kataoka` (`id`, `genre_id`, `image`, `heritage_name`, `location_id1`, `location_id2`, `location_id3`, `location_id4`, `location_id5`, `location_id6`, `location_id7`, `location_id8`, `registration_year`, `remarks`, `del_flg`, `create_date`, `update_date`) VALUES
(1, 1, '/heritageKataoka/horyuji.jpeg\r\n', '法隆寺地域の仏教建造物', 29, NULL, NULL, NULL, NULL, NULL, NULL, NULL, 1993, NULL, '0', '2018-09-30 21:01:17', '2018-09-17 06:00:00'),
(2, 1, '/heritageKataoka/himejijyo.jpeg\r\n', '姫路城', 28, NULL, NULL, NULL, NULL, NULL, NULL, NULL, 1993, NULL, '0', '2018-09-30 21:01:35', '2018-09-17 06:00:00'),
(3, 1, '/heritageKataoka/kyoto.jpeg\r\n', '古都京都の文化財（京都市、宇治市、大津市）', 26, 25, NULL, NULL, NULL, NULL, NULL, NULL, 1994, NULL, '0', '2018-09-30 21:01:52', '2018-09-17 06:00:00'),
(4, 1, '/heritageKataoka/shirakawago.jpeg\r\n', '白川郷・五箇山の合掌造り集落', 21, 16, NULL, NULL, NULL, NULL, NULL, NULL, 1995, NULL, '0', '2018-09-30 21:02:06', '2018-09-17 06:00:00'),
(5, 1, '/heritageKataoka/genbakudomu.jpeg\r\n', '原爆ドーム', 34, NULL, NULL, NULL, NULL, NULL, NULL, NULL, 1996, '負の世界遺産', '0', '2018-09-30 21:02:15', '2018-09-17 06:00:00'),
(6, 1, '/heritageKataoka/itsukushima.jpeg\r\n', '厳島神社', 34, NULL, NULL, NULL, NULL, NULL, NULL, NULL, 1996, NULL, '0', '2018-09-30 21:02:20', '2018-09-17 06:00:00'),
(7, 1, '/heritageKataoka/nara.jpeg\r\n', '古都奈良の文化財', 29, NULL, NULL, NULL, NULL, NULL, NULL, NULL, 1998, NULL, '0', '2018-09-30 21:02:25', '2018-09-17 06:00:00'),
(8, 1, '/heritageKataoka/nikkoTemple.jpeg\r\n', '日光の社寺', 9, NULL, NULL, NULL, NULL, NULL, NULL, NULL, 1999, NULL, '0', '2018-09-30 21:02:30', '2018-09-17 06:00:00'),
(9, 1, '/heritageKataoka/ryukyuKingdum.jpeg\r\n', '琉球王国のグスク及び関連遺産群', 47, NULL, NULL, NULL, NULL, NULL, NULL, NULL, 2000, NULL, '0', '2018-09-30 21:02:41', '2018-09-17 06:00:00'),
(10, 1, '/heritageKataoka/mtKi.jpeg\r\n', '紀伊山地の霊場と参詣道', 30, 29, 24, NULL, NULL, NULL, NULL, NULL, 2004, '文化的景観、2016年に軽微な変更', '0', '2018-09-30 21:02:50', '2018-09-17 06:00:00'),
(11, 1, '/heritageKataoka/iwamiginzan.jpeg\r\n', '石見銀山遺跡とその文化的景観', 32, NULL, NULL, NULL, NULL, NULL, NULL, NULL, 2007, '文化的景観、産業遺産、2010年の軽微な変更', '0', '2018-09-30 21:02:59', '2018-09-17 06:00:00'),
(12, 1, '/heritageKataoka/hiraizumi.jpeg\r\n', '平泉―仏国土（浄土）を表す建築・庭園及び考古学的遺跡群―', 3, NULL, NULL, NULL, NULL, NULL, NULL, NULL, 2011, NULL, '0', '2018-09-30 21:03:15', '2018-09-17 06:00:00'),
(13, 1, '/heritageKataoka/mtFuji.jpeg\r\n', '富士山―信仰の対象と芸術の源泉', 22, 19, NULL, NULL, NULL, NULL, NULL, NULL, 2013, NULL, '0', '2018-09-30 21:03:10', '2018-09-17 06:00:00'),
(14, 1, '/heritageKataoka/tomiokaseisijyo.jpeg\r\n', '富岡製糸場と絹産業遺産群', 10, NULL, NULL, NULL, NULL, NULL, NULL, NULL, 2014, '産業遺産、近代化遺産', '0', '2018-09-30 21:03:20', '2018-09-17 06:00:00'),
(15, 1, '/heritageKataoka/meijiRevol.jpg\r\n\r\n', '明治日本の産業革命遺産 製鉄・製鋼、造船、石炭産業', 35, 40, 41, 42, 43, 46, 3, 22, 2015, '産業遺産、近代化遺産、稼働遺産', '0', '2018-09-30 21:09:12', '2018-09-17 06:00:00'),
(16, 1, '/heritageKataoka/luColuvu.jpeg\r\n', 'ル・コルビュジエの建築作品-近代建築運動への顕著な貢献-', 13, NULL, NULL, NULL, NULL, NULL, NULL, NULL, 2016, '現代建築、国境を越える世界遺産', '0', '2018-09-30 21:03:30', '2018-09-17 06:00:00'),
(17, 1, '/heritageKataoka/okinoshima.jpeg\r\n', '「神宿る島」宗像・沖ノ島と関連遺産群', 40, NULL, NULL, NULL, NULL, NULL, NULL, NULL, 2017, NULL, '0', '2018-09-30 21:03:34', '2018-09-17 06:00:00'),
(18, 1, '/heritageKataoka/nagasaki.jpeg\r\n', '長崎と天草地方の潜伏キリシタン関連遺産', 42, NULL, NULL, NULL, NULL, NULL, NULL, NULL, 2018, NULL, '0', '2018-09-30 21:03:39', '2018-09-17 06:00:00'),
(19, 2, '/heritageKataoka/yakushima.jpeg\r\n', '屋久島', 46, NULL, NULL, NULL, NULL, NULL, NULL, NULL, 1993, '屋久島国立公園、屋久島原生自然環境保全地域', '0', '2018-09-30 21:03:46', '2018-09-17 06:00:00'),
(20, 2, '/heritageKataoka/mtSirakami.jpeg\r\n', '白神山地', 2, 5, NULL, NULL, NULL, NULL, NULL, NULL, 1993, '白神山地自然環境保全地域、', '0', '2018-09-30 21:03:52', '2018-09-17 06:00:00'),
(21, 2, '/heritageKataoka/siretoko.jpeg\r\n', '知床', 1, NULL, NULL, NULL, NULL, NULL, NULL, NULL, 2005, '知床国立公園、遠音別岳原生自然環境保全地域', '0', '2018-09-30 21:03:57', '2018-09-17 06:00:00'),
(22, 2, '/heritageKataoka/ogasawara.jpg\r\n\r\n', '小笠原諸島', 13, NULL, NULL, NULL, NULL, NULL, NULL, NULL, 2011, '小笠原国立公園、南硫黄島原生自然環境保全地域', '0', '2018-09-30 21:08:48', '2018-09-17 06:00:00');

-- --------------------------------------------------------

--
-- テーブルの構造 `icecream_main_sako`
--

CREATE TABLE `icecream_main_sako` (
  `id` int(25) DEFAULT NULL,
  `name` varchar(256) DEFAULT NULL,
  `genre_id` int(25) DEFAULT NULL,
  `photo` varchar(256) DEFAULT NULL,
  `maker_id` int(25) DEFAULT NULL,
  `comment` varchar(256) DEFAULT NULL,
  `del_flg` int(11) DEFAULT NULL,
  `create_date` datetime DEFAULT NULL,
  `update_date` datetime DEFAULT NULL
) ENGINE=InnoDB DEFAULT CHARSET=utf8;

--
-- テーブルのデータのダンプ `icecream_main_sako`
--

INSERT INTO `icecream_main_sako` (`id`, `name`, `genre_id`, `photo`, `maker_id`, `comment`, `del_flg`, `create_date`, `update_date`) VALUES
(1, 'チョコモナカジャンボ', 2, '/icecreamSako/janbomonaka.jpg', 1, '真ん中にパリパリのチョコ！', 0, '2018-10-16 00:00:00', '2018-10-16 00:00:00'),
(2, 'ピノ', 1, '/icecreamSako/pino.jpg', 1, '箱を開けるわくわく感', 0, '2018-10-16 00:00:00', '2018-10-16 00:00:00'),
(3, 'パルム', 1, '/icecreamSako/parm.jpg', 1, 'アイスの王道！', 0, '2018-10-16 00:00:00', '2018-10-16 00:00:00'),
(4, 'ザクレープ', 2, '/icecreamSako/thecreap.jpg', 1, '生地もおいしい', 0, '2018-10-16 00:00:00', '2018-10-16 00:00:00'),
(5, 'チーズスティック', 1, '/icecreamSako/cheesestick.jpg', 1, 'まるでチーズケーキ！', 0, '2018-10-16 00:00:00', '2018-10-16 00:00:00'),
(6, 'MOW', 1, '/icecreamSako/mow.jpg', 1, 'ミルク感', 0, '2018-10-16 00:00:00', '2018-10-16 00:00:00'),
(7, 'パピコ', 4, '/icecreamSako/papico.jpg', 2, '半分こできて良き', 0, '2018-10-16 00:00:00', '2018-10-16 00:00:00'),
(8, 'アイスの実', 4, '/icecreamSako/icenomi.jpg', 2, 'かわいいしおいしい◎', 0, '2018-10-16 00:00:00', '2018-10-16 00:00:00'),
(9, 'ジャイアントコーン', 2, '/icecreamSako/giantcone.jpg', 2, '食べ応えもおいしさも抜群', 0, '2018-10-16 00:00:00', '2018-10-16 00:00:00'),
(10, 'panapp', 3, '/icecreamSako/panapp.jpg', 2, 'にこちゃん以外も出るよ', 0, '2018-10-16 00:00:00', '2018-10-16 00:00:00'),
(11, 'スーパーカップ', 3, '/icecreamSako/supercup.jpg', 3, 'コスパ最強', 0, '2018-10-16 00:00:00', '2018-10-16 00:00:00'),
(12, 'ガリガリ君(ソーダ)', 4, '/icecreamSako/gerigerikun.jpg', 4, 'ロングセラー商品', 0, '2018-10-16 00:00:00', '2018-10-16 00:00:00'),
(13, '雪見だいふく', 2, '/icecreamSako/yukimidaihuku.jpg', 5, '冬になったら食べたくなる！', 0, '2018-10-16 00:00:00', '2018-10-16 00:00:00'),
(14, '爽', 3, '/icecreamSako/sou.jpg', 4, 'シャープなキレのあるおいしさ', 0, '2018-10-16 00:00:00', '2018-10-16 00:00:00'),
(15, 'モナ王', 2, '/icecreamSako/monaou.jpg', 5, 'パリッとしてる', 0, '2018-10-16 00:00:00', '2018-10-16 00:00:00'),
(16, 'あいすまんじゅう', 1, '/icecreamSako/icemanjyu.jpg', 6, 'あんこ好きにはたまらない♪', 0, '2018-10-16 00:00:00', '2018-10-16 00:00:00'),
(17, 'SACRE', 4, '/icecreamSako/sacre.jpg', 7, '夏になったら食べたくなる！', 0, '2018-10-16 00:00:00', '2018-10-16 00:00:00'),
(18, 'あずきバー', 4, '/icecreamSako/azukibar.jpg', 8, '家族みんなだいすき！', 0, '2018-10-16 00:00:00', '2018-10-16 00:00:00'),
(19, 'ハーゲンダッツ(ミルク)', 1, '/icecreamSako/haagendazs.jpg', 9, '頑張った日のご褒美♪', 0, '2018-10-16 00:00:00', '2018-10-16 00:00:00'),
(20, 'ガツンと、みかん', 4, '/icecreamSako/mikan.jpg', 4, 'まるごとみかん！', 0, '2018-10-16 00:00:00', '2018-10-16 00:00:00'),
(21, 'coolish', 3, '/icecreamSako/coolish.jpg', 5, '食べやすい', 0, '2018-10-16 00:00:00', '2018-10-16 00:00:00'),
(22, 'test', 1, '/icecreamSako/201904021459217.jpg', 1, 'test', 1, '2019-04-02 14:59:48', '2019-04-02 14:59:48');

-- --------------------------------------------------------

--
-- テーブルの構造 `idol_main_shintaku`
--

CREATE TABLE `idol_main_shintaku` (
  `id` int(11) NOT NULL,
  `name` varchar(256) NOT NULL,
  `age` int(2) DEFAULT NULL,
  `type_id` int(10) DEFAULT NULL,
  `unit_id` int(10) DEFAULT NULL,
  `song` varchar(256) DEFAULT NULL,
  `comment` varchar(256) DEFAULT NULL,
  `del_flg` varchar(1) DEFAULT NULL,
  `create_date` datetime NOT NULL,
  `update_date` datetime NOT NULL
) ENGINE=InnoDB DEFAULT CHARSET=utf8;

--
-- テーブルのデータのダンプ `idol_main_shintaku`
--

INSERT INTO `idol_main_shintaku` (`id`, `name`, `age`, `type_id`, `unit_id`, `song`, `comment`, `del_flg`, `create_date`, `update_date`) VALUES
(1, '双葉杏', 17, 1, 9, 'あんずのうた', '全人類の推し', '0', '2019-06-10 12:00:00', '2019-06-10 12:00:00'),
(2, '渋谷凛', 15, 2, 1, 'Never say never', '絶世の美女', '0', '2019-06-10 12:00:00', '2019-06-10 12:00:00'),
(3, '安部菜々', NULL, 1, 17, 'メルヘンデビュー', '永遠の17歳(実年齢は+10歳)', '0', '2019-06-10 12:00:00', '2019-06-10 12:00:00'),
(4, '一ノ瀬志希', 18, 1, 7, '秘密のトワレ', 'アヤシイ科学実験が趣味', '0', '2019-06-10 12:00:00', '2019-06-10 12:00:00'),
(5, '赤城みりあ', 11, 3, 22, 'Romantic Now', 'みりあベンツ', '0', '2019-06-10 12:00:00', '2019-06-10 12:00:00'),
(6, '佐藤心', 26, 3, 17, NULL, '過剰なぶりっ子', '0', '2019-06-10 12:00:00', '2019-06-10 12:00:00'),
(7, '輿水幸子', 14, 1, NULL, 'To my darling...', '自信過剰', '0', '2019-06-10 12:00:00', '2019-06-10 12:00:00'),
(8, '白坂小梅', 13, 2, NULL, '小さな恋の密室事件', 'ホラー好きで霊感が強く、色々見える(らしい)', '0', '2019-06-10 12:00:00', '2019-06-10 12:00:00'),
(9, '有浦柑奈', 19, 1, NULL, NULL, 'ラブ＆ピース', '0', '2019-06-10 12:00:00', '2019-06-10 12:00:00'),
(10, '並木芽衣子', 22, 3, NULL, NULL, '帽子好き', '0', '2019-06-10 12:00:00', '2019-06-10 12:00:00'),
(11, '西園寺琴歌', 17, 1, NULL, NULL, '育ちの良いお嬢様', '0', '2019-06-10 12:00:00', '2019-06-10 12:00:00'),
(12, '大槻唯', 17, 3, 13, 'Radio Happy', 'おちゃらけたりさぼり気味', '0', '2019-06-10 12:00:00', '2019-06-10 12:00:00'),
(13, '松尾千鶴', 15, 2, NULL, NULL, '礼儀は正しいものの愛想はまったくない', '0', '2019-06-10 12:00:00', '2019-06-10 12:00:00'),
(14, '今井加奈', 16, 1, 11, NULL, 'ザ・お上りさん', '0', '2019-06-10 12:00:00', '2019-06-10 12:00:00'),
(15, '小早川紗枝', 15, 1, 5, '花簪HANAKANZASHI', 'こんちきちん', '0', '2019-06-10 12:00:00', '2019-06-10 12:00:00'),
(16, '市原仁奈', 9, 3, 22, 'みんなのきもち', '「〇〇の気持ちになるですよ」が決まり文句', '0', '2019-06-10 12:00:00', '2019-06-10 12:00:00'),
(17, '小日向美穂', 17, 1, NULL, 'Naked Romance', 'とても恥ずかしがり屋', '0', '2019-06-10 12:00:00', '2019-06-10 12:00:00'),
(18, '北条加蓮', 16, 2, NULL, '薄荷 -ハッカ-', 'オールドスタイルのキャラクター', '0', '2019-06-10 12:00:00', '2019-06-10 12:00:00'),
(19, '南条光', 14, 3, 22, NULL, '特撮好き', '0', '2019-06-10 12:00:00', '2019-06-10 12:00:00'),
(20, '安斎都', 16, 1, NULL, NULL, '探偵に憧れている', '0', '2019-06-10 12:00:00', '2019-06-10 12:00:00'),
(21, '難波笑美', 17, 3, NULL, NULL, 'ステレオタイプの大阪人', '0', '2019-06-10 12:00:00', '2019-06-10 12:00:00'),
(22, 'ヘレン', 24, 2, NULL, NULL, '自らを世界レベルと称する自信家', '0', '2019-06-10 12:00:00', '2019-06-10 12:00:00'),
(23, '五十嵐響子', 15, 1, NULL, '恋のHamburg♪', '料理上手', '0', '2019-06-10 12:00:00', '2019-06-10 12:00:00'),
(24, '佐久間まゆ', 16, 1, NULL, 'エヴリデイドリーム', 'ヤンデレ', '0', '2019-06-10 12:00:00', '2019-06-10 12:00:00'),
(25, '西島櫂', 19, 3, NULL, NULL, '水泳に打ち込むスイマー', '0', '2019-06-10 12:00:00', '2019-06-10 12:00:00'),
(26, '脇山珠美', 16, 2, 2, NULL, '剣道女子高生', '0', '2019-06-10 12:00:00', '2019-06-10 12:00:00'),
(27, '池袋晶葉', 14, 1, NULL, NULL, 'ロボット製作をする凄腕の技術者', '0', '2019-06-10 12:00:00', '2019-06-10 12:00:00'),
(28, '野々村そら', 15, 3, NULL, NULL, '性格はとにかくポジティブで底抜けに明るい', '0', '2019-06-10 12:00:00', '2019-06-10 12:00:00'),
(29, '榊原里美', 17, 1, NULL, NULL, 'おっとり系のブラコン', '0', '2019-06-10 12:00:00', '2019-06-10 12:00:00'),
(30, '古澤頼子', 17, 2, NULL, NULL, 'ポーカーフェイス', '0', '2019-06-10 12:00:00', '2019-06-10 12:00:00'),
(31, '藤原肇', 16, 2, 6, NULL, '祖父譲りの頑固な性格', '0', '2019-06-10 12:00:00', '2019-06-10 12:00:00'),
(32, '櫻井桃華', 12, 1, 22, 'ラヴィアンローズ', '他人を顎で使う傲慢なお嬢様', '0', '2019-06-10 12:00:00', '2019-06-10 12:00:00'),
(33, '浜川愛結奈', 22, 3, NULL, NULL, '自立心が強い', '0', '2019-06-10 12:00:00', '2019-06-10 12:00:00'),
(34, '島村卯月', 17, 1, 1, 'S(mile)ING！', 'メインキャラのためいつでもセンター', '0', '2019-06-10 12:00:00', '2019-06-10 12:00:00'),
(35, '浜口あやめ', 15, 3, 2, NULL, '忍者好き', '0', '2019-06-10 12:00:00', '2019-06-10 12:00:00'),
(36, 'ライラ', 16, 2, NULL, NULL, '外国出身アイドルの中でも特に日本語が怪しい', '0', '2019-06-10 12:00:00', '2019-06-10 12:00:00'),
(37, '藤居朋', 19, 2, 15, NULL, '占い依存症', '0', '2019-06-10 12:00:00', '2019-06-10 12:00:00'),
(38, '井村雪菜', 17, 1, 15, NULL, '化粧で化けるタイプ', '0', '2019-06-10 12:00:00', '2019-06-10 12:00:00'),
(39, '久川颯', 14, 2, 21, NULL, '熱心にアイドルを目指す快活な性格の自信家', '0', '2019-06-10 12:00:00', '2019-06-10 12:00:00'),
(40, '上田鈴帆', 14, 3, NULL, NULL, '芸人にしか見えない', '0', '2019-06-10 12:00:00', '2019-06-10 12:00:00'),
(41, '緒方智恵理', 16, 1, 9, '風色メロディ', '彼女への誹謗中傷は気を付けましょう', '0', '2019-06-10 12:00:00', '2019-06-10 12:00:00'),
(42, '柊志乃', 31, 2, NULL, NULL, 'ワイン好き', '0', '2019-06-10 12:00:00', '2019-06-10 12:00:00'),
(43, '奥山沙織', 19, 1, NULL, NULL, '田舎臭が漂う風貌', '0', '2019-06-10 12:00:00', '2019-06-10 12:00:00'),
(44, 'ナターリア', 14, 3, NULL, NULL, '一部のプロデューサーから人気が高い', '0', '2019-06-10 12:00:00', '2019-06-10 12:00:00'),
(45, '吉岡沙紀', 17, 2, NULL, NULL, 'ストリート系少女', '0', '2019-06-10 12:00:00', '2019-06-10 12:00:00'),
(46, '乙倉悠貴', 13, 1, NULL, '追い風Running', '運動が好きな健康優良児', '0', '2019-06-10 12:00:00', '2019-06-10 12:00:00'),
(47, '久川凪', 14, 3, 21, NULL, '淡々としていてナレーション気味な口調', '0', '2019-06-10 12:00:00', '2019-06-10 12:00:00'),
(48, '栗原ネネ', 15, 1, NULL, NULL, '健康志向が強い悪気のないお節介', '0', '2019-06-10 12:00:00', '2019-06-10 12:00:00'),
(49, '日野茜', 17, 3, 14, '熱血乙女A', '元気っ子', '0', '2019-06-10 12:00:00', '2019-06-10 12:00:00'),
(50, '速水奏', 17, 2, 16, 'Hotel Moonside', 'リーダー的存在', '0', '2019-06-10 12:00:00', '2019-06-10 12:00:00'),
(51, '日下部若葉', 20, 1, 22, NULL, '20歳に見えない幼児体型', '0', '2019-06-10 12:00:00', '2019-06-10 12:00:00'),
(52, '工藤忍', 16, 1, NULL, NULL, '努力のアイドル', '0', '2019-06-10 12:00:00', '2019-06-10 12:00:00'),
(53, '姫川友紀', 20, 3, 14, '気持ちいいよね 一等賞！', '野球娘', '0', '2019-06-10 12:00:00', '2019-06-10 12:00:00'),
(54, '結城晴', 12, 2, NULL, NULL, 'ボーイッシュ', '0', '2019-06-10 12:00:00', '2019-06-10 12:00:00'),
(55, '服部瞳子', 25, 2, NULL, NULL, '昔、一度デビューしたことがあるらしい', '0', '2019-06-10 12:00:00', '2019-06-10 12:00:00'),
(56, '黒崎ちとせ', 19, 1, 20, NULL, '自称・吸血鬼の末裔', '0', '2019-06-10 12:00:00', '2019-06-10 12:00:00'),
(57, '星輝子', 15, 3, 10, '毒茸伝説', '「キノコは親友」と豪語する大のキノコ好き', '0', '2019-06-10 12:00:00', '2019-06-10 12:00:00'),
(58, '古賀小春', 12, 1, 22, NULL, 'お姫様になりたい女の子', '0', '2019-06-10 12:00:00', '2019-06-10 12:00:00'),
(59, '大和亜季', 21, 2, NULL, NULL, 'アイドル界の自衛官', '0', '2019-06-10 12:00:00', '2019-06-10 12:00:00'),
(60, '堀裕子', 16, 3, 3, 'ミラクルテレパシー', '超能力好き', '0', '2019-06-10 12:00:00', '2019-06-10 12:00:00'),
(61, '二宮飛鳥', 14, 2, 18, '共鳴世界の存在論', '14歳の正真正銘・中二病', '0', '2019-06-10 12:00:00', '2019-06-10 12:00:00'),
(62, '白菊ほたる', 13, 1, NULL, '谷の底で咲く花は', '不幸体質', '0', '2019-06-10 12:00:00', '2019-06-10 12:00:00'),
(63, '椎名法子', 13, 1, 11, NULL, 'ドーナッツ大好きっ子', '0', '2019-06-10 12:00:00', '2019-06-10 12:00:00'),
(64, '槇原志保', 19, 3, NULL, NULL, '元ウェイトレス', '0', '2019-06-10 12:00:00', '2019-06-10 12:00:00'),
(65, '前川みく', 15, 1, NULL, 'おねだり Shall We～？', '猫好きで一貫した猫キャラで通している', '0', '2019-06-10 12:00:00', '2019-06-10 12:00:00'),
(66, '松山久美子', 21, 3, NULL, NULL, '自分の魅力を引き出すことに熱心', '0', '2019-06-10 12:00:00', '2019-06-10 12:00:00'),
(67, '瀬名詩織', 19, 2, NULL, NULL, '不思議な雰囲気を持つ令嬢', '0', '2019-06-10 12:00:00', '2019-06-10 12:00:00'),
(68, '新田美波', 19, 2, NULL, 'ヴィーナスシンドローム', '優等生的キャラクター', '0', '2019-06-10 12:00:00', '2019-06-10 12:00:00'),
(69, '的場梨沙', 12, 3, 22, NULL, 'マセガキ', '0', '2019-06-10 12:00:00', '2019-06-10 12:00:00'),
(70, '水本ゆかり', 15, 1, 11, NULL, '正統派清楚系アイドル', '0', '2019-06-10 12:00:00', '2019-06-10 12:00:00'),
(71, '西川保奈美', 16, 2, NULL, NULL, '歌姫になるための意識が高い', '0', '2019-06-10 12:00:00', '2019-06-10 12:00:00'),
(72, '八神マキノ', 18, 2, NULL, NULL, '何事にも「論理」を求める性格', '0', '2019-06-10 12:00:00', '2019-06-10 12:00:00'),
(73, '本田未央', 15, 3, 1, 'ミツボシ☆☆★', '某界隈から毎週日曜にネタにされている', '0', '2019-06-10 12:00:00', '2019-06-10 12:00:00'),
(74, '柳瀬美由紀', 14, 1, 22, NULL, '歳不相応に幼い印象', '0', '2019-06-10 12:00:00', '2019-06-10 12:00:00'),
(75, '真鍋いつき', 22, 3, NULL, NULL, '汗っかき', '0', '2019-06-10 12:00:00', '2019-06-10 12:00:00'),
(76, '成宮由愛', 13, 2, 22, NULL, '内気で人見知り', '0', '2019-06-10 12:00:00', '2019-06-10 12:00:00'),
(77, '三好紗南', 14, 3, NULL, NULL, 'ゲーマー', '0', '2019-06-10 12:00:00', '2019-06-10 12:00:00'),
(78, '三村かな子', 17, 1, 9, 'ショコラ・ティアラ', 'むちむち', '0', '2019-06-10 12:00:00', '2019-06-10 12:00:00'),
(79, '東郷あい', 23, 2, NULL, NULL, 'イケメン枠', '0', '2019-06-10 12:00:00', '2019-06-10 12:00:00'),
(80, '森久保乃々', 14, 2, 10, NULL, '「むーりぃー」が口癖', '0', '2019-06-10 12:00:00', '2019-06-10 12:00:00'),
(81, '沢田麻理菜', 26, 3, NULL, NULL, '健康的なナイスバディを持つお姉さん', '0', '2019-06-10 12:00:00', '2019-06-10 12:00:00'),
(82, '横山千佳', 9, 1, 22, NULL, '魔法少女に憧れている', '0', '2019-06-10 12:00:00', '2019-06-10 12:00:00'),
(83, '向井拓海', 18, 3, NULL, NULL, '不良娘', '0', '2019-06-10 12:00:00', '2019-06-10 12:00:00'),
(84, '橘ありす', 12, 2, 22, 'in fact', '無愛想がかわいい', '0', '2019-06-10 12:00:00', '2019-06-10 12:00:00'),
(85, '村上巴', 13, 3, NULL, 'おんなの道は星の道', '義理堅い', '0', '2019-06-10 12:00:00', '2019-06-10 12:00:00'),
(86, '宮本フレデリカ', 19, 1, 7, 'き・ま・ぐ・れ Cafe au lait!', '変なフランス語を必殺技のように使う', '0', '2019-06-10 12:00:00', '2019-06-10 12:00:00'),
(87, '多田李衣菜', 17, 2, 8, 'Twilight Sky', 'ロック好き', '0', '2019-06-10 12:00:00', '2019-06-10 12:00:00'),
(88, 'メアリー・コクラン', 11, 3, 22, NULL, '自信家で背伸びしたがり', '0', '2019-06-10 12:00:00', '2019-06-10 12:00:00'),
(89, '高峰のあ', 24, 2, NULL, NULL, '表情に乏しい', '0', '2019-06-10 12:00:00', '2019-06-10 12:00:00'),
(90, '鷹富士茄子', 20, 2, NULL, NULL, 'ナスじゃないよ、カコだよ', '0', '2019-06-10 12:00:00', '2019-06-10 12:00:00'),
(91, '土屋亜子', 15, 3, 4, NULL, 'お金のためにアイドル活動をする銭ゲバ', '0', '2019-06-10 12:00:00', '2019-06-10 12:00:00'),
(92, '棟方愛海', 14, 1, NULL, NULL, '「やわらかいもの」にただならぬ興味を抱く', '0', '2019-06-10 12:00:00', '2019-06-10 12:00:00'),
(93, '斉藤洋子', 20, 3, NULL, NULL, '健康と美肌が自慢の元気っ子キャラ', '0', '2019-06-10 12:00:00', '2019-06-10 12:00:00'),
(94, '望月聖', 13, 2, NULL, NULL, '聖なる乙女', '0', '2019-06-10 12:00:00', '2019-06-10 12:00:00'),
(95, '高橋礼子', 31, 2, NULL, NULL, 'デレステ最年長の1人', '0', '2019-06-10 12:00:00', '2019-06-10 12:00:00'),
(96, '財前時子', 21, 3, NULL, NULL, '女王様タイプのキャラクター', '0', '2019-06-10 12:00:00', '2019-06-10 12:00:00'),
(97, '冴島清美', 15, 3, NULL, NULL, 'かなりの正義感の強さ', '0', '2019-06-10 12:00:00', '2019-06-10 12:00:00'),
(98, '持田亜里沙', 21, 1, NULL, NULL, 'お姉さんキャラ', '0', '2019-06-10 12:00:00', '2019-06-10 12:00:00'),
(99, '首藤葵', 13, 3, NULL, NULL, '地元でローカルアイドルをやっていた', '0', '2019-06-10 12:00:00', '2019-06-10 12:00:00'),
(100, '高垣楓', 25, 2, 16, 'こいかぜ', '泣きぼくろがチャームポイント', '0', '2019-06-10 12:00:00', '2019-06-10 12:00:00'),
(101, '砂塚あきら', 15, 2, NULL, NULL, 'ファッションとSNSが趣味の現代っ子', '0', '2019-06-10 12:00:00', '2019-06-10 12:00:00'),
(102, '相馬夏美', 25, 3, NULL, NULL, '元CA', '0', '2019-06-10 12:00:00', '2019-06-10 12:00:00'),
(103, '桃井あずき', 15, 1, NULL, NULL, 'セクシーさに自身がある', '0', '2019-06-10 12:00:00', '2019-06-10 12:00:00'),
(104, '篠原礼', 27, 2, NULL, NULL, '実は怖がり', '0', '2019-06-10 12:00:00', '2019-06-10 12:00:00'),
(105, '和久井留美', 26, 2, NULL, NULL, '秘書をやっていたがヤケになって辞めた', '0', '2019-06-10 12:00:00', '2019-06-10 12:00:00'),
(106, '片桐早苗', 28, 3, 3, NULL, '前職は警察官の異色アイドル', '0', '2019-06-10 12:00:00', '2019-06-10 12:00:00'),
(107, '柳清良', 23, 1, NULL, NULL, '白衣の天使', '0', '2019-06-10 12:00:00', '2019-06-10 12:00:00'),
(108, '塩見周子', 18, 2, 5, '青の一番星', '自由奔放でノリが軽い', '0', '2019-06-10 12:00:00', '2019-06-10 12:00:00'),
(109, '仙崎恵磨', 21, 3, NULL, NULL, 'パワフルでボーイッシュなキャラ', '0', '2019-06-10 12:00:00', '2019-06-10 12:00:00'),
(110, '遊佐こずえ', 11, 1, 22, NULL, '独特な世界観を持つ少女', '0', '2019-06-10 12:00:00', '2019-06-10 12:00:00'),
(111, '高森藍子', 16, 3, NULL, 'お散歩カメラ', 'カメラおばさん', '0', '2019-06-10 12:00:00', '2019-06-10 12:00:00'),
(112, '佐城雪美', 10, 2, 22, NULL, 'とても寡黙な少女', '0', '2019-06-10 12:00:00', '2019-06-10 12:00:00'),
(113, '佐々木千枝', 11, 2, 22, NULL, 'クール系アイドルでは貴重なロリコンホイホイ', '0', '2019-06-10 12:00:00', '2019-06-10 12:00:00'),
(114, '村松さくら', 15, 1, 4, NULL, '運営から人柱扱いを受けている(らしい)', '0', '2019-06-10 12:00:00', '2019-06-10 12:00:00'),
(115, '小松伊吹', 19, 3, NULL, NULL, 'ストリート系のギャル', '0', '2019-06-10 12:00:00', '2019-06-10 12:00:00'),
(116, '三船美優', 26, 2, NULL, NULL, 'デレステの中でも特に落ち着いた大人の女性', '0', '2019-06-10 12:00:00', '2019-06-10 12:00:00'),
(117, '楊菲菲', 15, 1, NULL, NULL, 'ffdy', '0', '2019-06-10 12:00:00', '2019-06-10 12:00:00'),
(118, '鷺沢文香', 19, 2, NULL, 'Bright Blue', '根暗', '0', '2019-06-10 12:00:00', '2019-06-10 12:00:00'),
(119, 'イヴ・サンタクロース', 19, 3, NULL, NULL, '謎の存在', '0', '2019-06-10 12:00:00', '2019-06-10 12:00:00'),
(120, '小室千奈美', 19, 2, NULL, NULL, '上から目線で高飛車', '0', '2019-06-10 12:00:00', '2019-06-10 12:00:00'),
(121, 'ケイト', 20, 2, NULL, NULL, 'そばかすが特徴的なイギリス人', '0', '2019-06-10 12:00:00', '2019-06-10 12:00:00'),
(122, '相葉夕美', 18, 3, NULL, 'lilac time', 'お花畑', '0', '2019-06-10 12:00:00', '2019-06-10 12:00:00'),
(123, '小関麗奈', 13, 3, 22, NULL, '自称・世界的アイドル(予定)', '0', '2019-06-10 12:00:00', '2019-06-10 12:00:00'),
(124, '松原早耶', 18, 1, NULL, NULL, '頑張ることが苦手な女の子', '0', '2019-06-10 12:00:00', '2019-06-10 12:00:00'),
(125, '愛野渚', 18, 3, NULL, NULL, 'バスケ部員', '0', '2019-06-10 12:00:00', '2019-06-10 12:00:00'),
(126, '福山舞', 10, 1, 22, NULL, '礼儀の正しい優等生', '0', '2019-06-10 12:00:00', '2019-06-10 12:00:00'),
(127, '藤本里奈', 18, 1, 13, NULL, '自分の頭の悪さを自虐している', '0', '2019-06-10 12:00:00', '2019-06-10 12:00:00'),
(128, '黒川千秋', 20, 2, NULL, NULL, '正統派美少女', '0', '2019-06-10 12:00:00', '2019-06-10 12:00:00'),
(129, '木村夏樹', 18, 3, 8, 'Rockin\' Emotion', '男勝りな口調や態度', '0', '2019-06-10 12:00:00', '2019-06-10 12:00:00'),
(130, '間中美里', 20, 1, 11, NULL, '掴みどころのない楽天家', '0', '2019-06-10 12:00:00', '2019-06-10 12:00:00'),
(131, 'キャシー・グラハム', 15, 3, NULL, NULL, 'アメリカ出身の外国人', '0', '2019-06-10 12:00:00', '2019-06-10 12:00:00'),
(132, '水野翠', 18, 2, NULL, NULL, '弓道少女', '0', '2019-06-10 12:00:00', '2019-06-10 12:00:00'),
(133, '桐生つかさ', 18, 2, NULL, NULL, '高校生ながらアパレル系の社長の経歴を持つ', '0', '2019-06-10 12:00:00', '2019-06-10 12:00:00'),
(134, '兵頭レナ', 27, 1, NULL, NULL, '負けず嫌い', '0', '2019-06-10 12:00:00', '2019-06-10 12:00:00'),
(135, '喜多日菜子', 15, 3, NULL, NULL, '白馬の王子様が現れるのを妄想している', '0', '2019-06-10 12:00:00', '2019-06-10 12:00:00'),
(136, '原田美世', 20, 1, NULL, NULL, 'バイクと車が好き', '0', '2019-06-10 12:00:00', '2019-06-10 12:00:00'),
(137, '北川真尋', 17, 3, NULL, NULL, '眼鏡キャラでは初の体育会系', '0', '2019-06-10 12:00:00', '2019-06-10 12:00:00'),
(138, '桐野アヤ', 19, 2, NULL, NULL, '男勝りで粗暴', '0', '2019-06-10 12:00:00', '2019-06-10 12:00:00'),
(139, '喜多見柚', 15, 3, NULL, NULL, '明るい現代っ子', '0', '2019-06-10 12:00:00', '2019-06-10 12:00:00'),
(140, '江上椿', 19, 1, NULL, NULL, '写真を撮ることは好きでも撮られるのは嫌い', '0', '2019-06-10 12:00:00', '2019-06-10 12:00:00'),
(141, '太田優', 21, 1, NULL, NULL, '歳のわりにお気楽', '0', '2019-06-10 12:00:00', '2019-06-10 12:00:00'),
(142, '衛藤美紗希', 22, 3, 19, NULL, '元OL', '0', '2019-06-10 12:00:00', '2019-06-10 12:00:00'),
(143, '大沼くるみ', 13, 1, 22, NULL, 'ドジで泣き虫などんくさいタイプ', '0', '2019-06-10 12:00:00', '2019-06-10 12:00:00'),
(144, '木場真奈美', 25, 2, NULL, NULL, '何でもできるすごい人', '0', '2019-06-10 12:00:00', '2019-06-10 12:00:00'),
(145, '岸部彩華', 19, 2, 19, NULL, 'キャバ嬢のような風貌', '0', '2019-06-10 12:00:00', '2019-06-10 12:00:00'),
(146, '中野有香', 18, 1, 11, '恋色エナジー', '押忍！！！', '0', '2019-06-10 12:00:00', '2019-06-10 12:00:00'),
(147, '神崎蘭子', 14, 2, 18, '華蕾夢ミル狂詩曲～魂ノ導～', '重度の中二病を患っている', '0', '2019-06-10 12:00:00', '2019-06-10 12:00:00'),
(148, '杉坂海', 18, 3, 15, NULL, '言動がガサツ・男っぽい', '0', '2019-06-10 12:00:00', '2019-06-10 12:00:00'),
(149, '水木聖來', 23, 2, NULL, NULL, '犬好き', '0', '2019-06-10 12:00:00', '2019-06-10 12:00:00'),
(150, '相原雪乃', 22, 1, NULL, NULL, 'ぽっちゃり', '0', '2019-06-10 12:00:00', '2019-06-10 12:00:00'),
(151, '城ヶ崎美嘉', 17, 3, 13, 'TOKIMEKIエスカレート', 'カリスマJK', '0', '2019-06-10 12:00:00', '2019-06-10 12:00:00'),
(152, '川嶋瑞樹', 28, 2, NULL, NULL, '元・女子アナ', '0', '2019-06-10 12:00:00', '2019-06-10 12:00:00'),
(153, '大西由里子', 20, 1, NULL, NULL, 'ガチ腐女子', '0', '2019-06-10 12:00:00', '2019-06-10 12:00:00'),
(154, '丹羽仁美', 18, 1, NULL, NULL, '歴女', '0', '2019-06-10 12:00:00', '2019-06-10 12:00:00'),
(155, '諸星きらり', 17, 3, NULL, 'ましゅまろ☆キッス', '巨人', '0', '2019-06-10 12:00:00', '2019-06-10 12:00:00'),
(156, '神谷奈緒', 17, 2, NULL, '2nd SIDE', '正統派ツンデレ', '0', '2019-06-10 12:00:00', '2019-06-10 12:00:00'),
(157, '矢口美羽', 14, 3, NULL, NULL, '礼儀正しい頑張り屋さん', '0', '2019-06-10 12:00:00', '2019-06-10 12:00:00'),
(158, '早坂美玲', 14, 1, 10, NULL, 'アクの強いファッションで否応なく目につく', '0', '2019-06-10 12:00:00', '2019-06-10 12:00:00'),
(159, '上条春菜', 18, 2, 12, NULL, '赤メガネ', '0', '2019-06-10 12:00:00', '2019-06-10 12:00:00'),
(160, '夢見りあむ', 19, 3, NULL, NULL, 'ザコメンタル', '0', '2019-06-10 12:00:00', '2019-06-10 12:00:00'),
(161, '城ヶ崎莉嘉', 12, 3, NULL, 'DOKIDOKIリズム', '見た目はギャルでも中身は子供', '0', '2019-06-10 12:00:00', '2019-06-10 12:00:00'),
(162, '岡崎泰葉', 16, 2, NULL, NULL, '闇を感じる完璧主義者', '0', '2019-06-10 12:00:00', '2019-06-10 12:00:00'),
(163, '大石泉', 15, 2, 4, NULL, 'IQ150以上と噂されるほど頭脳明晰', '0', '2019-06-10 12:00:00', '2019-06-10 12:00:00'),
(164, '道明寺歌鈴', 17, 1, 2, NULL, 'ドジでノロマな巫女', '0', '2019-06-10 12:00:00', '2019-06-10 12:00:00'),
(165, '梅木音葉', 19, 2, NULL, NULL, '絶対音感を持つ', '0', '2019-06-10 12:00:00', '2019-06-10 12:00:00'),
(166, '海老原菜帆', 17, 3, NULL, NULL, 'かなり馴れ馴れしい', '0', '2019-06-10 12:00:00', '2019-06-10 12:00:00'),
(167, '及川雫', 16, 3, 3, NULL, '実家の牧場宣伝のためにアイドルになった', '0', '2019-06-10 12:00:00', '2019-06-10 12:00:00'),
(168, '氏家むつみ', 13, 2, NULL, NULL, '文学少女', '0', '2019-06-10 12:00:00', '2019-06-10 12:00:00'),
(169, '松本沙理奈', 22, 2, NULL, NULL, '実はグラビアアイドルを目指している', '0', '2019-06-10 12:00:00', '2019-06-10 12:00:00'),
(170, '赤西瑛梨華', 16, 1, NULL, NULL, '芸人志向強め', '0', '2019-06-10 12:00:00', '2019-06-10 12:00:00'),
(171, '浅野風香', 16, 1, NULL, NULL, '臆病なメガネ', '0', '2019-06-10 12:00:00', '2019-06-10 12:00:00'),
(172, '十時愛梨', 18, 3, NULL, 'アップルパイ・プリンセス', '天然ボケ', '0', '2019-06-10 12:00:00', '2019-06-10 12:00:00'),
(173, '伊集院惠', 21, 2, NULL, NULL, '新しい体験をすることが好きなミーハー', '0', '2019-06-10 12:00:00', '2019-06-10 12:00:00'),
(174, '辻野あかり', 15, 1, NULL, NULL, 'なんJ民に踊らされた田舎っ子', '0', '2019-06-10 12:00:00', '2019-06-10 12:00:00'),
(175, '依田芳乃', 16, 3, 6, NULL, '純和風女子', '0', '2019-06-10 12:00:00', '2019-06-10 12:00:00'),
(176, '月宮雅', 18, 1, 19, NULL, '甘やかされて育ったママっ子', '0', '2019-06-10 12:00:00', '2019-06-10 12:00:00'),
(177, '松永涼', 18, 2, NULL, NULL, 'サバサバした姉御肌のイケメン女子', '0', '2019-06-10 12:00:00', '2019-06-10 12:00:00'),
(178, '龍崎薫', 9, 3, 22, NULL, 'パッション部門のロリコンホイホイ', '0', '2019-06-10 12:00:00', '2019-06-10 12:00:00'),
(179, '関裕美', 14, 1, NULL, '楽園', 'おでこを出した髪型がチャームポイント', '0', '2019-06-10 12:00:00', '2019-06-10 12:00:00'),
(180, '荒木比奈', 20, 2, 12, NULL, '風貌はいかにも冴えないオタク', '0', '2019-06-10 12:00:00', '2019-06-10 12:00:00'),
(181, '涼宮星花', 19, 1, NULL, NULL, '浮世離れで天然ボケなお嬢様', '0', '2019-06-10 12:00:00', '2019-06-10 12:00:00'),
(182, '若林智香', 17, 3, NULL, NULL, 'チアガール', '0', '2019-06-10 12:00:00', '2019-06-10 12:00:00'),
(183, 'アナスタシア', 15, 2, NULL, 'You\'re star shine on me', '日本語は少し苦手', '0', '2019-06-10 12:00:00', '2019-06-10 12:00:00'),
(184, '綾瀬穂乃香', 17, 2, NULL, NULL, '気負いすぎる生真面目さん', '0', '2019-06-10 12:00:00', '2019-06-10 12:00:00'),
(185, '白雪千夜', 17, 1, 20, NULL, '万事に無関心な雰囲気', '0', '2019-06-10 12:00:00', '2019-06-10 12:00:00'),
(186, '浅利七海', 14, 2, NULL, NULL, '舌足らずな独特な喋り方が特徴的', '0', '2019-06-10 12:00:00', '2019-06-10 12:00:00'),
(187, '大原みちる', 15, 1, NULL, NULL, '無類のパン好き', '0', '2019-06-10 12:00:00', '2019-06-10 12:00:00'),
(188, '相川千夏', 23, 2, NULL, NULL, '見た目に反して意外とアクティブ', '0', '2019-06-10 12:00:00', '2019-06-10 12:00:00');

-- --------------------------------------------------------

--
-- テーブルの構造 `jojo_appearance_shirasaka`
--

CREATE TABLE `jojo_appearance_shirasaka` (
  `appearance_id` int(11) NOT NULL,
  `appearance` varchar(256) DEFAULT NULL,
  `del_flg` varchar(1) DEFAULT NULL,
  `create_date` datetime DEFAULT NULL,
  `update_date` datetime DEFAULT NULL
) ENGINE=InnoDB DEFAULT CHARSET=utf8;

--
-- テーブルのデータのダンプ `jojo_appearance_shirasaka`
--

INSERT INTO `jojo_appearance_shirasaka` (`appearance_id`, `appearance`, `del_flg`, `create_date`, `update_date`) VALUES
(0, NULL, NULL, '2019-05-10 10:30:00', '2019-05-10 10:30:00'),
(1, '第5部', '0', '2019-05-10 10:30:00', '2019-05-10 10:30:00'),
(2, '第4部', '0', '2019-05-10 10:30:00', '2019-05-10 10:30:00'),
(3, '第3部', '0', '2019-05-10 10:30:00', '2019-05-10 10:30:00');

-- --------------------------------------------------------

--
-- テーブルの構造 `jojo_main_shirasaka`
--

CREATE TABLE `jojo_main_shirasaka` (
  `stand_id` int(11) NOT NULL,
  `stand_name` varchar(256) DEFAULT NULL,
  `stand_user_name` varchar(256) DEFAULT NULL,
  `sex_id` int(11) DEFAULT NULL,
  `ability` varchar(256) DEFAULT NULL,
  `appearance_id` int(1) DEFAULT NULL,
  `comment` varchar(256) DEFAULT NULL,
  `del_flg` varchar(1) DEFAULT NULL,
  `create_date` datetime DEFAULT NULL,
  `update_date` datetime DEFAULT NULL
) ENGINE=InnoDB DEFAULT CHARSET=utf8;

--
-- テーブルのデータのダンプ `jojo_main_shirasaka`
--

INSERT INTO `jojo_main_shirasaka` (`stand_id`, `stand_name`, `stand_user_name`, `sex_id`, `ability`, `appearance_id`, `comment`, `del_flg`, `create_date`, `update_date`) VALUES
(1, 'ゴールド・エクスペリエンス', 'ジョルノ・ジョバァーナ', 1, '触れた物質に生命を与える。', 1, '父親は時間を止められるし、本人は命を操作できるし。まさにチート。', '0', '2019-05-10 10:30:00', '2019-05-10 10:30:00'),
(2, 'スティッキー・フィンガー', 'ブローノ・ブチャラティ', 1, '殴った相手にジッパーを取り付ける。', 1, '相手をバラバラにしたり、瞬間移動したりできるの便利。', '0', '2019-05-10 10:30:00', '2019-05-10 10:30:00'),
(3, 'エアロスミス', 'ナランチャ・ギルガ', 1, '二酸化炭素排出量から敵の位置を特定し、戦闘機で攻撃する。', 1, '物語の中で割とキーパーソンのような立ち位置にいます。', '0', '2019-05-10 10:30:00', '2019-05-10 10:30:00'),
(4, 'ムーディ・ブルース', 'レオーネ・アバッキオ', 1, '人やスタンドの過去をリプレイできる。', 1, 'この能力を持っているのがアバッキオでよかったと思えます。', '0', '2019-05-10 10:30:00', '2019-05-10 10:30:00'),
(5, 'セックス・ピストルズ', 'グイード・ミスタ', 1, '6体で協力して弾丸を操作する。', 1, '一見強そうですが、日本では銃が使えないので国外のみ有効です。', '0', '2019-05-10 10:30:00', '2019-05-10 10:30:00'),
(6, 'スパイス・ガール', 'トリッシュ・ウナ', 2, 'どんな物質も柔らかく出来る。', 1, '能力はさておき、スタンド自信に自我があるっていう激熱展開が好きです。', '0', '2019-05-10 10:30:00', '2019-05-10 10:30:00'),
(7, 'パープル・ヘイズ', 'パンナコッタ・フーゴ', 1, '両拳のカプセルに仕込まれた殺人ウイルスで攻撃する。', 1, 'フーッ、フーッてスタンドが狂気じみている感じが好きです。', '0', '2019-05-10 10:30:00', '2019-05-10 10:30:00'),
(8, 'キング・クリムゾン', 'ディアボロ', 1, '時間を消し去ることが出来る。また未来を予知する「エピタフ」の能力も備わっている。', 1, 'あー、また時間系の能力ね。強い強い。', '0', '2019-05-10 10:30:00', '2019-05-10 10:30:00'),
(9, 'クレイジー・ダイヤモンド', '東方仗助', 1, '高速パンチが打てるスタンドで、壊れた物をもとの形に戻すことが出来る。', 2, '世界一やさしい能力と言われていました。', '0', '2019-05-10 10:30:00', '2019-05-10 10:30:00'),
(10, 'ザ・ハンド', '虹村億泰', 1, '右手でつかんだものを空間ごと削り取れる。', 2, 'いや、強すぎでしょ。', '0', '2019-05-10 10:30:00', '2019-05-10 10:30:00'),
(11, 'エコーズ', '広瀬康一', 1, 'ACT1～ACT３と姿を変え、それぞれで能力が異なる。最終形態ACT３では殴った物体を重くできる。', 2, '第5部でも少し登場したほど、人気のキャラ。僕も好き。', '0', '2019-05-10 10:30:00', '2019-05-10 10:30:00'),
(12, 'ヘブンズ・ドアー', '岸部露伴', 1, '自信の書いた絵を相手に見せることで、相手を本にすることが出来る。本にされた相手には性格などの情報が記載されていて、文章を書き込めばその通りに行動させることが出来る。', 2, '有名な「だが断る」の人。', '0', '2019-05-10 10:30:00', '2019-05-10 10:30:00'),
(13, 'アース・ウィンド・アンド・ファイヤー', 'ヌ・ミキタカゾ・ンシ', 3, '自分の力以上のものや複雑な機械などを除いて、なんにでも返信できる。', 2, '宇宙人かもしれないしそうじゃないかもしれない人。', '0', '2019-05-10 10:30:00', '2019-05-10 10:30:00'),
(14, 'ハイウェイ・スター', '噴上裕也', 1, '部屋を作り出し、そこに入り込んだ人のにおいを覚えて追跡する能力。追い付かれた者は、体内に侵入され養分を吸い取られる。', 2, '岸部露伴に「だが断る」を言わせた人。', '0', '2019-05-10 10:30:00', '2019-05-10 10:30:00'),
(15, 'キラー・クイーン', '吉良吉影', 1, '触れた物を爆弾に変える能力。スイッチを使った起爆型にもできる。', 2, '言葉の言い回しで謎にブチ切れるという謎個性が好きです。', '0', '2019-05-10 10:30:00', '2019-05-10 10:30:00'),
(16, 'スター・プラチナ', '空条承太郎', 1, 'けた外れのスピードとパワー、正確性を持つスタンド。途中から時も止められるようになった。', 3, '有名な「オラオラオラァ」の連呼の人。', '0', '2019-05-10 10:30:00', '2019-05-10 10:30:00'),
(17, 'ハーミット・パープル', 'ジョセフ・ジョースター', 1, '念写を行うことが出来る。戦闘向きではない。', 3, '第2部から続投。承太郎のおじいちゃんで、東方仗助のパパ', '0', '2019-05-10 10:30:00', '2019-05-10 10:30:00'),
(18, 'マジシャンズ・レッド', 'モハメド・アヴドゥル', 1, '鉄さえも溶かせる灼熱の炎を操れる。', 3, 'マジで最強だと思ったスタンド。トリッシュのスタンドを目覚めさせてくれてありがとう。', '0', '2019-05-10 10:30:00', '2019-05-10 10:30:00'),
(19, 'ハイエロファント・グリーン', '花京院典明', 1, '人型のスタンドで、ひも状に姿を変えることが出来る。', 3, '「レロレロレロ」といってサクランボをなめるシーンは有名。', '0', '2019-05-10 10:30:00', '2019-05-10 10:30:00'),
(20, 'シルバー・チャリオッツ', 'ジャン＝ピエール・ポルナレフ', 1, '切れ味の鋭いレイピアを操る中世騎士のようなスタンド。', 3, '第5部にも少し登場します。', '0', '2019-05-10 10:30:00', '2019-05-10 10:30:00'),
(21, 'ザ・フール', 'イギー', 3, '砂を操ることが出来るスタンド。', 3, '生意気なくそ犬だったのに、なぜか最後はすごく悲しい。', '0', '2019-05-10 10:30:00', '2019-05-10 10:30:00'),
(22, 'ザ・ワールド', 'DIO', 1, '高いスピードと高いパワーを持ち、9秒間時間を止めることもできる。', 3, '初代チートキャラ。その後のストーリーにも大きな影響を与えます。', '0', '2019-05-10 10:30:00', '2019-05-10 10:30:00');

-- --------------------------------------------------------

--
-- テーブルの構造 `jojo_sex_shirasaka`
--

CREATE TABLE `jojo_sex_shirasaka` (
  `sex_id` int(11) NOT NULL,
  `sex` varchar(256) DEFAULT NULL,
  `del_flg` int(1) DEFAULT NULL,
  `create_date` datetime DEFAULT NULL,
  `update_date` datetime DEFAULT NULL
) ENGINE=InnoDB DEFAULT CHARSET=utf8;

--
-- テーブルのデータのダンプ `jojo_sex_shirasaka`
--

INSERT INTO `jojo_sex_shirasaka` (`sex_id`, `sex`, `del_flg`, `create_date`, `update_date`) VALUES
(0, NULL, NULL, '2019-05-10 10:30:00', '2019-05-10 10:30:00'),
(1, '男性', 0, '2019-05-10 10:30:00', '2019-05-10 10:30:00'),
(2, '女性', 0, '2019-05-10 10:30:00', '2019-05-10 10:30:00'),
(3, '不明', 0, '2019-05-10 10:30:00', '2019-05-10 10:30:00');

-- --------------------------------------------------------

--
-- テーブルの構造 `kyary_main_sahota`
--

CREATE TABLE `kyary_main_sahota` (
  `NO` int(11) DEFAULT NULL,
  `id` int(11) DEFAULT NULL,
  `song_title` varchar(256) DEFAULT NULL,
  `name_id` int(11) DEFAULT NULL,
  `type_id` int(4) DEFAULT NULL,
  `release_year` int(4) DEFAULT NULL,
  `song_time` varchar(5) DEFAULT NULL,
  `comment` varchar(256) DEFAULT NULL,
  `del_flg` varchar(1) DEFAULT NULL,
  `create_date` datetime DEFAULT NULL,
  `update_date` datetime DEFAULT NULL
) ENGINE=InnoDB DEFAULT CHARSET=utf8;

--
-- テーブルのデータのダンプ `kyary_main_sahota`
--

INSERT INTO `kyary_main_sahota` (`NO`, `id`, `song_title`, `name_id`, `type_id`, `release_year`, `song_time`, `comment`, `del_flg`, `create_date`, `update_date`) VALUES
(1, 1, 'きゃりーのマーチ', 1, 1, 2011, '1:07', '導入歌', '0', '2019-06-11 12:00:00', '2019-06-20 11:21:55'),
(2, 2, 'チェリーボンボン', 1, 1, 2011, '3:38', '海外で人気がある', '0', '2019-06-11 12:00:00', '2019-06-11 12:00:00'),
(3, 3, 'PONPONPON', 1, 1, 2011, '4:02', 'デビュー曲', '0', '2019-06-11 12:00:00', '2019-06-11 12:00:00'),
(4, 4, 'ちょうどいいの', 1, 1, 2011, '3:19', 'ヒミツのアイテム', '0', '2019-06-11 12:00:00', '2019-06-11 12:00:00'),
(5, 5, 'ピンポンがなんない', 1, 1, 2011, '4:44', 'シチュー', '0', '2019-06-11 12:00:00', '2019-06-11 12:00:00'),
(6, 6, 'jelly', 1, 1, 2011, '4:32', 'CAPSULEのカバー', '0', '2019-06-11 12:00:00', '2019-06-11 12:00:00'),
(7, 7, 'PONPONPON extended', 1, 1, 2011, '6:01', 'デビュー曲', '0', '2019-06-11 12:00:00', '2019-06-11 12:00:00'),
(8, 8, 'ぱみゅぱみゅレボリューション', 2, 1, 2012, '1:00', '導入歌', '0', '2019-06-11 12:00:00', '2019-06-11 12:00:00'),
(9, 9, 'つけまつける', 2, 1, 2012, '4:21', '豆しぱみゅぱみゅCMソング', '0', '2019-06-11 12:00:00', '2019-06-11 12:00:00'),
(10, 10, 'PONPONPON', 2, 1, 2012, '4:02', 'バンタンCMソング', '0', '2019-06-11 12:00:00', '2019-06-11 12:00:00'),
(11, 11, 'みんなのうた', 2, 1, 2012, '5:03', '手を上げる', '0', '2019-06-11 12:00:00', '2019-06-11 12:00:00'),
(12, 12, 'きゃりーANAN', 2, 1, 2012, '3:18', '求人情報サービス「an」CMソング', '0', '2019-06-11 12:00:00', '2019-06-11 12:00:00'),
(13, 13, 'CANDY CANDY', 2, 1, 2012, '3:51', 'グリコ「BREO」CMソング', '0', '2019-06-11 12:00:00', '2019-06-11 12:00:00'),
(14, 14, 'Drinker', 2, 1, 2012, '4:17', 'お酒', '0', '2019-06-11 12:00:00', '2019-06-11 12:00:00'),
(15, 15, 'おねだり44℃', 2, 1, 2012, '3:39', 'ケンタッキー「クラッシャーズ」CMソング', '0', '2019-06-11 12:00:00', '2019-06-11 12:00:00'),
(16, 16, 'スキすぎてキレそう', 2, 1, 2012, '5:19', 'キレそう', '0', '2019-06-11 12:00:00', '2019-06-11 12:00:00'),
(17, 17, 'ぎりぎりセーフ', 2, 1, 2012, '3:13', '間に合った', '0', '2019-06-11 12:00:00', '2019-06-11 12:00:00'),
(18, 18, 'おやすみ', 2, 1, 2012, '4:42', 'おやすみ', '0', '2019-06-11 12:00:00', '2019-06-11 12:00:00'),
(19, 19, 'ちゃんちゃかちゃんちゃん', 2, 1, 2012, '4:46', '初期ライブのアンコール曲', '0', '2019-06-11 12:00:00', '2019-06-11 12:00:00'),
(20, 20, 'なんだこれくしょん', 3, 1, 2013, '0:47', '導入歌', '0', '2019-06-11 12:00:00', '2019-06-11 12:00:00'),
(21, 21, 'にんじゃりばんばん', 3, 1, 2013, '4:26', 'au TVCMソング', '0', '2019-06-11 12:00:00', '2019-06-11 12:00:00'),
(22, 22, 'きみのみかた', 22, 3, 2019, '3:04', '「クオリティーファースト」CMソング', '0', '2019-06-19 15:34:22', '2019-06-11 12:00:00'),
(23, 23, 'きみがいいねくれたら', 23, 3, 2019, '3:43', 'テレビドラマ「向かいのバズる家族」主題歌', '0', '2019-06-19 15:21:22', '2019-06-11 12:00:00'),
(24, 24, 'インベーダーインベーダー', 3, 1, 2013, '4:11', 'ジ―ユーCMソング', '0', '2019-06-11 12:00:00', '2019-06-11 12:00:00'),
(25, 25, 'み', 3, 1, 2013, '4:11', 'グリコ「アイスの実」キャンペーンソング', '0', '2019-06-11 12:00:00', '2019-06-11 12:00:00'),
(26, 26, 'ファッションモンスター', 3, 1, 2013, '4:37', 'ジ―ユーCMソング', '0', '2019-06-11 12:00:00', '2019-06-11 12:00:00'),
(27, 27, 'さいごのアイスクリーム', 3, 1, 2013, '4:10', 'いちご味', '0', '2019-06-11 12:00:00', '2019-06-11 12:00:00'),
(28, 28, 'のりことのりお', 3, 1, 2013, '3:17', 'au TVCMソング', '0', '2019-06-11 12:00:00', '2019-06-11 12:00:00'),
(29, 29, 'ふりそでーしょん', 3, 1, 2013, '4:05', 'はたち', '0', '2019-06-11 12:00:00', '2019-06-11 12:00:00'),
(30, 30, 'くらくら', 3, 1, 2013, '2:49', 'ケンタッキー「クラッシャーズ」CMソング', '0', '2019-06-11 12:00:00', '2019-06-11 12:00:00'),
(31, 31, 'おとななこども', 3, 1, 2013, '5:31', '「SUZUKI MRワゴン」 CMソング', '0', '2019-06-11 12:00:00', '2019-06-11 12:00:00'),
(32, 32, 'ピカピカふぁんたじん', 4, 1, 2014, '1:12', '導入歌', '0', '2019-06-11 12:00:00', '2019-06-11 12:00:00'),
(33, 33, 'きらきらキラー', 4, 1, 2014, '4:16', 'L.U.C.K', '0', '2019-06-11 12:00:00', '2019-06-11 12:00:00'),
(34, 34, 'ゆめのはじまりんりん-album mix-', 4, 1, 2014, '4:04', 'CHINTAI CMソング', '0', '2019-06-11 12:00:00', '2019-06-11 12:00:00'),
(35, 35, 'もったいないとらんど', 4, 1, 2014, '4:01', 'au TVCMソング', '0', '2019-06-11 12:00:00', '2019-06-11 12:00:00'),
(36, 36, 'シリアスひとみ', 4, 1, 2014, '5:18', 'ひとみシリアス', '0', '2019-06-11 12:00:00', '2019-06-11 12:00:00'),
(37, 37, 'do do pi do', 4, 1, 2014, '4:39', 'CAPSULEのカバー', '0', '2019-06-11 12:00:00', '2019-06-11 12:00:00'),
(38, 38, 'ファミリーパーティー -album mix-', 4, 1, 2014, '3:39', '『映画クレヨンしんちゃん　ガチンコ！逆襲のロボとーちゃん』主題歌', '0', '2019-06-11 12:00:00', '2019-06-11 12:00:00'),
(39, 39, 'Ring a Bell', 4, 1, 2014, '4:09', '英語', '0', '2019-06-11 12:00:00', '2019-06-11 12:00:00'),
(40, 40, 'トーキョーハイウェイ', 4, 1, 2014, '5:09', 'サイバーナビPV', '0', '2019-06-11 12:00:00', '2019-06-11 12:00:00'),
(41, 41, 'こいこいこい', 4, 1, 2014, '3:17', 'グリコ「アイスの実」CMソング', '0', '2019-06-11 12:00:00', '2019-06-11 12:00:00'),
(42, 42, 'すんごいオーラ -album mix-', 4, 1, 2014, '3:40', '「サンスターOra2」CMソング', '0', '2019-06-11 12:00:00', '2019-06-11 12:00:00'),
(43, 43, 'エクスプローラー', 4, 1, 2014, '4:03', 'au TVCMソング', '0', '2019-06-11 12:00:00', '2019-06-11 12:00:00'),
(44, 44, 'ピカピカふぁんたミックス', 4, 1, 2014, '1:18', 'itunes store限定', '0', '2019-06-11 12:00:00', '2019-06-11 12:00:00'),
(45, 45, 'KPP ON STAGE', 5, 1, 2016, '0:55', '導入歌', '0', '2019-06-11 12:00:00', '2019-06-11 12:00:00'),
(46, 46, 'PONPONPON', 5, 1, 2016, '4:02', 'バンタンCMソング', '0', '2019-06-11 12:00:00', '2019-06-11 12:00:00'),
(47, 47, 'チェリーボンボン', 5, 1, 2016, '3:38', '海外で人気がある', '0', '2019-06-11 12:00:00', '2019-06-11 12:00:00'),
(48, 48, 'つけまつける', 5, 1, 2016, '4:21', 'つけまつげ', '0', '2019-06-11 12:00:00', '2019-06-11 12:00:00'),
(49, 49, 'きゃりーANAN', 5, 1, 2016, '3:18', '求人情報サービス「an」CMソング', '0', '2019-06-11 12:00:00', '2019-06-11 12:00:00'),
(50, 50, 'CANDY CANDY', 5, 1, 2016, '3:51', 'グリコ「BREO」CMソング', '0', '2019-06-11 12:00:00', '2019-06-11 12:00:00'),
(51, 51, 'ファッションモンスター', 5, 1, 2016, '4:37', 'ジ―ユーCMソング', '0', '2019-06-11 12:00:00', '2019-06-11 12:00:00'),
(52, 52, 'キミに100パーセント', 5, 1, 2016, '3:20', '「クレヨンしんちゃん」オープニングテーマ', '0', '2019-06-11 12:00:00', '2019-06-11 12:00:00'),
(53, 53, 'ふりそでーしょん', 5, 1, 2016, '4:05', 'はたち', '0', '2019-06-11 12:00:00', '2019-06-11 12:00:00'),
(54, 54, 'ファミリーパーティー -album mix-', 5, 1, 2016, '3:39', '『映画クレヨンしんちゃん　ガチンコ！逆襲のロボとーちゃん』主題歌', '0', '2019-06-11 12:00:00', '2019-06-11 12:00:00'),
(55, 55, 'Super Scooter Happy', 5, 1, 2016, '5:54', 'トマト達', '0', '2019-06-11 12:00:00', '2019-06-11 12:00:00'),
(56, 56, 'ゆめのはじまりんりん-album mix-', 5, 1, 2016, '4:04', 'CHINTAI CMソング', '0', '2019-06-11 12:00:00', '2019-06-11 12:00:00'),
(57, 57, 'にんじゃりばんばん', 5, 1, 2016, '4:26', 'にんじゃ', '0', '2019-06-11 12:00:00', '2019-06-11 12:00:00'),
(58, 58, 'もったいないとらんど', 5, 1, 2016, '4:01', 'au TVCMソング', '0', '2019-06-11 12:00:00', '2019-06-11 12:00:00'),
(59, 59, '5iVE YEARS MONSTER', 5, 1, 2016, '2:53', '5周年記念', '0', '2019-06-11 12:00:00', '2019-06-11 12:00:00'),
(60, 60, 'きらきらキラー', 5, 1, 2016, '4:16', 'au TVCMソング', '0', '2019-06-11 12:00:00', '2019-06-11 12:00:00'),
(61, 61, 'インベーダーインベーダー', 5, 1, 2016, '4:11', 'ジ―ユーCMソング', '0', '2019-06-11 12:00:00', '2019-06-11 12:00:00'),
(62, 62, '完全形態', 5, 1, 2016, '3:39', '「AQUOS　４K」CMソング', '0', '2019-06-11 12:00:00', '2019-06-11 12:00:00'),
(63, 63, 'トーキョーハイウェイ', 5, 1, 2016, '5:09', 'サイバーナビPV', '0', '2019-06-11 12:00:00', '2019-06-11 12:00:00'),
(64, 64, 'Crazy Party Night ～ぱんぷきんの逆襲～', 5, 1, 2016, '4:14', 'コカコーラCMソング', '0', '2019-06-11 12:00:00', '2019-06-11 12:00:00'),
(65, 65, 'No No No', 5, 1, 2016, '4:08', 'グリコ「アイスの実」CMソング', '0', '2019-06-11 12:00:00', '2019-06-11 12:00:00'),
(66, 66, 'もんだいガール', 5, 1, 2016, '4:36', 'ドラマ「問題のあるレストラン」主題歌', '0', '2019-06-11 12:00:00', '2019-06-11 12:00:00'),
(67, 67, 'コスメティックコースター', 5, 1, 2016, '3:25', 'USJ KPP XR ride', '0', '2019-06-11 12:00:00', '2019-06-11 12:00:00'),
(68, 68, '最＆高', 5, 1, 2016, '3:32', 'b', '0', '2019-06-11 12:00:00', '2019-06-11 12:00:00'),
(69, 69, 'バーチャルぱみゅぱみゅ', 6, 1, 2018, '1:40', '導入歌', '0', '2019-06-11 12:00:00', '2019-06-11 12:00:00'),
(70, 70, 'キズナミ', 6, 1, 2018, '3:48', '映画「モンスターストライク THE MOVIE ソラノカナタ」主題歌', '0', '2019-06-11 12:00:00', '2019-06-11 12:00:00'),
(71, 71, '原宿いやほい', 6, 1, 2018, '3:41', '原宿', '0', '2019-06-11 12:00:00', '2019-06-11 12:00:00'),
(72, 72, '音ノ国', 6, 1, 2018, '4:03', '奏で', '0', '2019-06-11 12:00:00', '2019-06-11 12:00:00'),
(73, 73, 'きみのみかた', 6, 1, 2018, '3:04', '「クオリティーファースト」CMソング', '0', '2019-06-11 12:00:00', '2019-06-11 12:00:00'),
(74, 74, 'ちゃみ ちゃみ ちゃーみん', 6, 1, 2018, '4:36', 'ちゃみ', '0', '2019-06-11 12:00:00', '2019-06-11 12:00:00'),
(75, 75, '演歌ナトリウム', 6, 1, 2018, '2:49', 'さいさい', '0', '2019-06-11 12:00:00', '2019-06-11 12:00:00'),
(76, 76, '恋ノ花', 6, 1, 2018, '4:39', 'CAPSULEのカバー', '0', '2019-06-11 12:00:00', '2019-06-11 12:00:00'),
(77, 77, 'とどけぱんち', 6, 1, 2018, '2:58', 'グリコ「アイスの実」CMソング', '0', '2019-06-11 12:00:00', '2019-06-11 12:00:00'),
(78, 78, '最＆高(Japamyu Edit)', 6, 1, 2018, '4:33', 'b', '0', '2019-06-11 12:00:00', '2019-06-11 12:00:00'),
(79, 79, 'つけまつける', 7, 2, 2012, '4:21', 'つけまつげ', '0', '2019-06-11 12:00:00', '2019-06-11 12:00:00'),
(80, 80, 'きゃりーANAN', 7, 2, 2012, '3:18', '求人情報サービス「an」CMソング', '0', '2019-06-11 12:00:00', '2019-06-11 12:00:00'),
(81, 81, 'チェリーボンボン extended mix', 7, 2, 2012, '5:02', '海外で人気がある', '0', '2019-06-11 12:00:00', '2019-06-11 12:00:00'),
(82, 82, 'CANDY CANDY', 8, 2, 2012, '3:51', 'グリコ「BREO」CMソング', '0', '2019-06-11 12:00:00', '2019-06-11 12:00:00'),
(83, 83, 'でもでもまだまだ', 8, 2, 2012, '4:12', '有馬記念予告動画', '0', '2019-06-11 12:00:00', '2019-06-11 12:00:00'),
(84, 84, 'ちょうどいいの Extended Mix', 8, 2, 2012, '4:24', 'ヒミツのアイテム', '0', '2019-06-11 12:00:00', '2019-06-11 12:00:00'),
(85, 85, 'ファッションモンスター', 9, 2, 2012, '4:37', 'ジ―ユーCMソング', '0', '2019-06-11 12:00:00', '2019-06-11 12:00:00'),
(86, 86, '100%のじぶんに', 9, 2, 2012, '3:27', '「SUZUKI MRワゴン」 CMソング', '0', '2019-06-11 12:00:00', '2019-06-11 12:00:00'),
(87, 87, 'つけまつける-extended mix-', 9, 2, 2012, '4:56', 'つけまつげ', '0', '2019-06-11 12:00:00', '2019-06-11 12:00:00'),
(88, 88, 'キミに100パーセント', 10, 2, 2013, '3:20', '「クレヨンしんちゃん」オープニングテーマ', '0', '2019-06-11 12:00:00', '2019-06-11 12:00:00'),
(89, 89, 'ふりそでーしょん', 10, 2, 2013, '4:05', 'はたち', '0', '2019-06-11 12:00:00', '2019-06-11 12:00:00'),
(90, 90, 'CANDY CANDY(Etended Mix)', 10, 2, 2013, '5:16', 'グリコ「BREO」CMソング', '0', '2019-06-11 12:00:00', '2019-06-11 12:00:00'),
(91, 91, 'にんじゃりばんばん', 11, 2, 2013, '4:26', 'にんじゃ', '0', '2019-06-11 12:00:00', '2019-06-11 12:00:00'),
(92, 92, 'Unite Unite', 11, 2, 2013, '3:13', 'ファンに人気', '0', '2019-06-11 12:00:00', '2019-06-11 12:00:00'),
(93, 93, 'みんなのうた-extended mix-', 11, 2, 2013, '5:47', '手を上げる', '0', '2019-06-11 12:00:00', '2019-06-11 12:00:00'),
(94, 94, 'インベーダーインベーダー', 12, 2, 2013, '4:11', 'ジ―ユーCMソング', '0', '2019-06-11 12:00:00', '2019-06-11 12:00:00'),
(95, 95, 'Point of view', 12, 2, 2013, '3:35', '「アゲるテレビ」オープニングテーマ', '0', '2019-06-11 12:00:00', '2019-06-11 12:00:00'),
(96, 96, 'ファッションモンスター', 12, 2, 2013, '4:55', 'ジ―ユーCMソング', '0', '2019-06-11 12:00:00', '2019-06-11 12:00:00'),
(97, 97, 'もったいないとらんど', 13, 2, 2013, '4:01', 'au TVCMソング', '0', '2019-06-11 12:00:00', '2019-06-11 12:00:00'),
(98, 98, 'すんごいオーラ', 13, 2, 2013, '2:56', '「サンスターOra2」CMソング', '0', '2019-06-11 12:00:00', '2019-06-11 12:00:00'),
(99, 99, 'にんじゃりばんばん -extended mix-', 13, 2, 2013, '5:43', 'にんじゃ', '0', '2019-06-11 12:00:00', '2019-06-11 12:00:00'),
(100, 100, 'もったいないとらんど -instrumental-', 13, 2, 2013, '4:01', 'au TVCMソング', '0', '2019-06-11 12:00:00', '2019-06-11 12:00:00'),
(101, 101, 'すんごいオーラ -instrumental-', 13, 2, 2013, '2:56', '「サンスターOra2」CMソング', '0', '2019-06-11 12:00:00', '2019-06-11 12:00:00'),
(102, 102, 'ゆめのはじまりんりん', 14, 2, 2014, '3:21', 'CHINTAI CMソング', '0', '2019-06-11 12:00:00', '2019-06-11 12:00:00'),
(103, 103, 'スローモ', 14, 2, 2014, '3:33', '「ALOOK」CMソング', '0', '2019-06-11 12:00:00', '2019-06-11 12:00:00'),
(104, 104, 'もったいないとらんど -extended mix-', 14, 2, 2014, '4:50', 'au TVCMソング', '0', '2019-06-11 12:00:00', '2019-06-11 12:00:00'),
(105, 105, 'ゆめのはじまりんりん -instrumental-', 14, 2, 2014, '3:21', 'CHINTAI CMソング', '0', '2019-06-11 12:00:00', '2019-06-11 12:00:00'),
(106, 106, 'スローモ -instrumental-', 14, 2, 2014, '3:34', '「ALOOK」CMソング', '0', '2019-06-11 12:00:00', '2019-06-11 12:00:00'),
(107, 107, 'ファミリーパーティー', 15, 2, 2014, '3:35', '『映画クレヨンしんちゃん　ガチンコ！逆襲のロボとーちゃん』主題歌', '0', '2019-06-11 12:00:00', '2019-06-11 12:00:00'),
(108, 108, 'Scanty Skimpy', 15, 2, 2014, '3:38', '聞いたことない', '0', '2019-06-11 12:00:00', '2019-06-11 12:00:00'),
(109, 109, 'インベーダーインベーダー -extended mix-', 15, 2, 2014, '5:28', 'ジ―ユーCMソング', '0', '2019-06-11 12:00:00', '2019-06-11 12:00:00'),
(110, 110, 'ファミリーパーティー -instrumental-', 15, 2, 2014, '3:36', '『映画クレヨンしんちゃん　ガチンコ！逆襲のロボとーちゃん』主題歌', '0', '2019-06-11 12:00:00', '2019-06-11 12:00:00'),
(111, 111, 'Scanty Skimpy -instrumental-', 15, 2, 2014, '3:38', '聞いたことない', '0', '2019-06-11 12:00:00', '2019-06-11 12:00:00'),
(112, 112, 'きらきらキラー', 16, 2, 2014, '4:16', 'au TVCMソング', '0', '2019-06-11 12:00:00', '2019-06-11 12:00:00'),
(113, 113, 'きらきらキラー -extended mix-', 16, 2, 2014, '5:11', 'au TVCMソング', '0', '2019-06-11 12:00:00', '2019-06-11 12:00:00'),
(114, 114, 'もんだいガール', 17, 2, 2015, '4:36', 'ドラマ「問題のあるレストラン」主題歌', '0', '2019-06-11 12:00:00', '2019-06-11 12:00:00'),
(115, 115, 'KISEKAE', 17, 2, 2015, '4:06', 'ニンテンドー３DS　CMソング', '0', '2019-06-11 12:00:00', '2019-06-11 12:00:00'),
(116, 116, 'MY ROOM', 17, 2, 2015, '4:34', 'CHINTAI CMソング', '0', '2019-06-11 12:00:00', '2019-06-11 12:00:00'),
(117, 117, 'CANDY CANDY -remix-', 17, 2, 2015, '4:31', 'グリコ「BREO」CMソング', '0', '2019-06-11 12:00:00', '2019-06-11 12:00:00'),
(118, 118, 'もんだいガール -instrumental-', 17, 2, 2015, '4:36', 'ドラマ「問題のあるレストラン」主題歌', '0', '2019-06-11 12:00:00', '2019-06-11 12:00:00'),
(119, 119, 'KISEKAE -instrumental-', 17, 2, 2015, '4:06', 'ニンテンドー３DS　CMソング', '0', '2019-06-11 12:00:00', '2019-06-11 12:00:00'),
(120, 120, 'MY ROOM -instrumental-', 17, 2, 2015, '4:34', 'CHINTAI CMソング', '0', '2019-06-11 12:00:00', '2019-06-11 12:00:00'),
(121, 121, 'Crazy Party Night ～ぱんぷきんの逆襲～', 18, 2, 2015, '4:14', 'コカコーラCMソング', '0', '2019-06-11 12:00:00', '2019-06-11 12:00:00'),
(122, 122, 'No No No', 18, 2, 2015, '4:08', 'グリコ「アイスの実」CMソング', '0', '2019-06-11 12:00:00', '2019-06-11 12:00:00'),
(123, 123, 'おしえてダンスフロア', 18, 2, 2015, '3:05', 'SHARP AQUOS 4K CMソング', '0', '2019-06-11 12:00:00', '2019-06-11 12:00:00'),
(124, 124, 'きまま', 18, 2, 2015, '3:15', '「とびだせどうぶつの森」CMソング', '0', '2019-06-11 12:00:00', '2019-06-11 12:00:00'),
(125, 125, 'Crazy Party Night ～ぱんぷきんの逆襲～ -instrumental-', 18, 2, 2015, '4:14', 'コカコーラCMソング', '0', '2019-06-11 12:00:00', '2019-06-11 12:00:00'),
(126, 126, 'No No No -instrumental-', 18, 2, 2015, '4:08', 'グリコ「アイスの実」CMソング', '0', '2019-06-11 12:00:00', '2019-06-11 12:00:00'),
(127, 127, 'おしえてダンスフロア -instrumental-', 18, 2, 2015, '3:05', 'SHARP AQUOS 4K CMソング', '0', '2019-06-11 12:00:00', '2019-06-11 12:00:00'),
(128, 128, 'きまま -instrumental-', 18, 2, 2015, '3:15', '「とびだせどうぶつの森」CMソング', '0', '2019-06-11 12:00:00', '2019-06-11 12:00:00'),
(129, 129, '最&高', 19, 2, 2016, '3:32', 'b', '0', '2019-06-11 12:00:00', '2019-06-11 12:00:00'),
(130, 130, 'コスメティックコースター', 19, 2, 2016, '3:25', 'USJ KPP XR ride', '0', '2019-06-11 12:00:00', '2019-06-11 12:00:00'),
(131, 131, 'もんだいガール -extended mix-', 19, 2, 2016, '5:29', 'ドラマ「問題のあるレストラン」主題歌', '0', '2019-06-11 12:00:00', '2019-06-11 12:00:00'),
(132, 132, '最&高 -instrumental-', 19, 2, 2016, '3:32', 'b', '0', '2019-06-11 12:00:00', '2019-06-11 12:00:00'),
(133, 133, 'コスメティックコースター instrumental-', 19, 2, 2016, '3:25', 'USJ KPP XR ride', '0', '2019-06-11 12:00:00', '2019-06-11 12:00:00'),
(134, 134, 'Crazy Crazy', 20, 2, 2017, '3:46', 'feat.Charli XCX', '0', '2019-06-11 12:00:00', '2019-06-11 12:00:00'),
(135, 135, 'Crazy Crazy -remix-', 20, 2, 2017, '4:43', 'feat.Charli XCX', '0', '2019-06-11 12:00:00', '2019-06-11 12:00:00'),
(136, 136, '原宿いやほい', 20, 2, 2017, '3:41', '原宿', '0', '2019-06-11 12:00:00', '2019-06-11 12:00:00'),
(137, 137, '原宿いやほい -extended mix-', 20, 2, 2017, '5:38', '原宿', '0', '2019-06-11 12:00:00', '2019-06-11 12:00:00'),
(138, 138, '良すた', 21, 2, 2017, '2:58', 'イオンイースターキャンペーンCMソング', '0', '2019-06-11 12:00:00', '2019-06-11 12:00:00'),
(139, 139, 'とどけぱんち', 21, 2, 2017, '2:56', 'グリコ「アイスの実」CMソング', '0', '2019-06-11 12:00:00', '2019-06-11 12:00:00'),
(140, 140, '最&高 -extended mix-', 21, 2, 2017, '4:24', 'b', '0', '2019-06-11 12:00:00', '2019-06-11 12:00:00'),
(141, 141, '良すた -instrumental-', 21, 2, 2017, '2:58', 'イオンイースターキャンペーンCMソング', '0', '2019-06-11 12:00:00', '2019-06-11 12:00:00'),
(142, 142, 'とどけぱんち -instrumental-', 21, 2, 2017, '2:56', 'グリコ「アイスの実」CMソング', '0', '2019-06-11 12:00:00', '2019-06-11 12:00:00'),
(143, 143, 'きみのみかた', 22, 3, 2018, '3:04', '「クオリティーファースト」CMソング', '0', '2019-06-11 12:00:00', '2019-06-11 12:00:00'),
(NULL, 160, 'あああ', 0, 0, NULL, NULL, '', '0', '2019-06-19 16:03:01', NULL),
(NULL, 161, 'かか', 0, 2, NULL, '', '', '0', '2019-06-19 16:25:57', '2019-06-19 16:50:44'),
(NULL, 162, 'pp', 0, 0, NULL, NULL, '', '0', '2019-06-19 16:55:57', '2019-06-19 16:55:57');

-- --------------------------------------------------------

--
-- テーブルの構造 `league_uezu`
--

CREATE TABLE `league_uezu` (
  `id` int(11) NOT NULL,
  `league` varchar(256) DEFAULT NULL,
  `del_flg` varchar(1) DEFAULT NULL,
  `create_date` datetime NOT NULL,
  `update_date` datetime NOT NULL
) ENGINE=InnoDB DEFAULT CHARSET=utf8;

--
-- テーブルのデータのダンプ `league_uezu`
--

INSERT INTO `league_uezu` (`id`, `league`, `del_flg`, `create_date`, `update_date`) VALUES
(0, NULL, '0', '2019-05-21 00:00:00', '2019-05-21 00:00:00'),
(1, 'アメリカンリーグ', '0', '2019-05-21 00:00:00', '2019-05-21 00:00:00'),
(2, 'ナショナルリーグ', '0', '2019-05-21 00:00:00', '2019-05-21 00:00:00');

-- --------------------------------------------------------

--
-- テーブルの構造 `location_kataoka`
--

CREATE TABLE `location_kataoka` (
  `id` int(2) NOT NULL,
  `location` varchar(20) NOT NULL,
  `del_flg` varchar(1) DEFAULT NULL,
  `create_date` timestamp NOT NULL DEFAULT current_timestamp() ON UPDATE current_timestamp(),
  `update_date` timestamp NOT NULL DEFAULT '0000-00-00 00:00:00'
) ENGINE=InnoDB DEFAULT CHARSET=utf8;

--
-- テーブルのデータのダンプ `location_kataoka`
--

INSERT INTO `location_kataoka` (`id`, `location`, `del_flg`, `create_date`, `update_date`) VALUES
(0, '', '0', '2018-09-26 23:49:26', '2018-09-17 06:00:00'),
(1, '北海道', '0', '2018-09-17 06:00:00', '2018-09-17 06:00:00'),
(2, '青森県', '0', '2018-09-17 06:00:00', '2018-09-17 06:00:00'),
(3, '岩手県', '0', '2018-09-17 06:00:00', '2018-09-17 06:00:00'),
(4, '宮城県', '0', '2018-09-17 06:00:00', '2018-09-17 06:00:00'),
(5, '秋田県', '0', '2018-09-17 06:00:00', '2018-09-17 06:00:00'),
(6, '山形県', '0', '2018-09-17 06:00:00', '2018-09-17 06:00:00'),
(7, '福島県', '0', '2018-09-17 06:00:00', '2018-09-17 06:00:00'),
(8, '茨城県', '0', '2018-09-17 06:00:00', '2018-09-17 06:00:00'),
(9, '栃木県', '0', '2018-09-17 06:00:00', '2018-09-17 06:00:00'),
(10, '群馬県', '0', '2018-09-17 06:00:00', '2018-09-17 06:00:00'),
(11, '埼玉県', '0', '2018-09-17 06:00:00', '2018-09-17 06:00:00'),
(12, '千葉県', '0', '2018-09-17 06:00:00', '2018-09-17 06:00:00'),
(13, '東京都', '0', '2018-09-17 06:00:00', '2018-09-17 06:00:00'),
(14, '神奈川県', '0', '2018-09-17 06:00:00', '2018-09-17 06:00:00'),
(15, '新潟県', '0', '2018-09-17 06:00:00', '2018-09-17 06:00:00'),
(16, '富山県', '0', '2018-09-17 06:00:00', '2018-09-17 06:00:00'),
(17, '石川県', '0', '2018-09-17 06:00:00', '2018-09-17 06:00:00'),
(18, '福井県', '0', '2018-09-17 06:00:00', '2018-09-17 06:00:00'),
(19, '山梨県', '0', '2018-09-17 06:00:00', '2018-09-17 06:00:00'),
(20, '長野県', '0', '2018-09-17 06:00:00', '2018-09-17 06:00:00'),
(21, '岐阜県', '0', '2018-09-17 06:00:00', '2018-09-17 06:00:00'),
(22, '静岡県', '0', '2018-09-17 06:00:00', '2018-09-17 06:00:00'),
(23, '愛知県', '0', '2018-09-17 06:00:00', '2018-09-17 06:00:00'),
(24, '三重県', '0', '2018-09-17 06:00:00', '2018-09-17 06:00:00'),
(25, '滋賀県', '0', '2018-09-17 06:00:00', '2018-09-17 06:00:00'),
(26, '京都府', '0', '2018-09-17 06:00:00', '2018-09-17 06:00:00'),
(27, '大阪府', '0', '2018-09-17 06:00:00', '2018-09-17 06:00:00'),
(28, '兵庫県', '0', '2018-09-17 06:00:00', '2018-09-17 06:00:00'),
(29, '奈良県', '0', '2018-09-17 06:00:00', '2018-09-17 06:00:00'),
(30, '和歌山県', '0', '2018-09-17 06:00:00', '2018-09-17 06:00:00'),
(31, '鳥取県', '0', '2018-09-17 06:00:00', '2018-09-17 06:00:00'),
(32, '島根県', '0', '2018-09-17 06:00:00', '2018-09-17 06:00:00'),
(33, '岡山県', '0', '2018-09-17 06:00:00', '2018-09-17 06:00:00'),
(34, '広島県', '0', '2018-09-17 06:00:00', '2018-09-17 06:00:00'),
(35, '山口県', '0', '2018-09-17 06:00:00', '2018-09-17 06:00:00'),
(36, '徳島県', '0', '2018-09-17 06:00:00', '2018-09-17 06:00:00'),
(37, '香川県', '0', '2018-09-17 06:00:00', '2018-09-17 06:00:00'),
(38, '愛媛県', '0', '2018-09-17 06:00:00', '2018-09-17 06:00:00'),
(39, '高知県', '0', '2018-09-17 06:00:00', '2018-09-17 06:00:00'),
(40, '福岡県', '0', '2018-09-17 06:00:00', '2018-09-17 06:00:00'),
(41, '佐賀県', '0', '2018-09-17 06:00:00', '2018-09-17 06:00:00'),
(42, '長崎県', '0', '2018-09-17 06:00:00', '2018-09-17 06:00:00'),
(43, '熊本県', '0', '2018-09-17 06:00:00', '2018-09-17 06:00:00'),
(44, '大分県', '0', '2018-09-17 06:00:00', '2018-09-17 06:00:00'),
(45, '宮崎県', '0', '2018-09-17 06:00:00', '2018-09-17 06:00:00'),
(46, '鹿児島県', '0', '2018-09-17 06:00:00', '2018-09-17 06:00:00'),
(47, '沖縄県', '0', '2018-09-17 06:00:00', '2018-09-17 06:00:00');

-- --------------------------------------------------------

--
-- テーブルの構造 `location_takehara`
--

CREATE TABLE `location_takehara` (
  `location_id` int(2) NOT NULL,
  `location_name` varchar(20) NOT NULL,
  `del_flg` varchar(1) DEFAULT NULL,
  `create_date` datetime NOT NULL,
  `update_date` datetime NOT NULL
) ENGINE=InnoDB DEFAULT CHARSET=utf8;

--
-- テーブルのデータのダンプ `location_takehara`
--

INSERT INTO `location_takehara` (`location_id`, `location_name`, `del_flg`, `create_date`, `update_date`) VALUES
(0, '', '0', '2019-05-20 00:00:00', '2019-05-20 00:00:00'),
(1, '城東', '0', '2019-05-20 00:00:00', '2019-05-20 00:00:00'),
(2, '城西', '0', '2019-05-20 00:00:00', '2019-05-20 00:00:00'),
(3, '城南', '0', '2019-05-20 00:00:00', '2019-05-20 00:00:00'),
(4, '城北', '0', '2019-05-20 00:00:00', '2019-05-20 00:00:00'),
(5, '分類無し', '0', '2019-05-20 00:00:00', '2019-05-20 00:00:00');

-- --------------------------------------------------------

--
-- テーブルの構造 `made_country_kambara`
--

CREATE TABLE `made_country_kambara` (
  `country_id` int(11) NOT NULL,
  `country` varchar(256) DEFAULT NULL,
  `del_flg` varchar(1) DEFAULT NULL,
  `create_date` datetime NOT NULL,
  `update_date` datetime NOT NULL
) ENGINE=InnoDB DEFAULT CHARSET=utf8;

--
-- テーブルのデータのダンプ `made_country_kambara`
--

INSERT INTO `made_country_kambara` (`country_id`, `country`, `del_flg`, `create_date`, `update_date`) VALUES
(0, NULL, '0', '2019-09-18 00:00:00', '2019-09-18 00:00:00'),
(1, '日本', '0', '2019-09-18 00:00:00', '2019-09-18 00:00:00'),
(2, 'アメリカ', '0', '2019-09-18 00:00:00', '2019-09-18 00:00:00'),
(3, 'フランス', '0', '2019-09-18 00:00:00', '2019-09-18 00:00:00'),
(4, 'イタリア', '0', '2019-09-18 00:00:00', '2019-09-18 00:00:00'),
(5, 'スウェーデン', '0', '2019-09-18 00:00:00', '2019-09-18 00:00:00'),
(6, 'ドイツ', '0', '2019-09-18 00:00:00', '2019-09-18 00:00:00'),
(7, 'ベトナム', '0', '2019-09-18 00:00:00', '2019-09-18 00:00:00'),
(8, 'スペイン', '0', '2019-09-18 00:00:00', '2019-09-18 00:00:00'),
(9, 'イギリス', '0', '2019-09-18 00:00:00', '2019-09-18 00:00:00'),
(10, 'ベルギー', '0', '2019-09-18 00:00:00', '2019-09-18 00:00:00');

-- --------------------------------------------------------

--
-- テーブルの構造 `maker_sako`
--

CREATE TABLE `maker_sako` (
  `maker_id` int(11) DEFAULT NULL,
  `maker` varchar(256) DEFAULT NULL,
  `del_flg` int(11) DEFAULT NULL,
  `create_date` datetime DEFAULT NULL,
  `update_date` datetime DEFAULT NULL
) ENGINE=InnoDB DEFAULT CHARSET=utf8;

--
-- テーブルのデータのダンプ `maker_sako`
--

INSERT INTO `maker_sako` (`maker_id`, `maker`, `del_flg`, `create_date`, `update_date`) VALUES
(1, '森永製菓', 0, '2018-10-16 00:00:00', '2018-10-16 00:00:00'),
(2, 'glico', 0, '2018-10-16 00:00:00', '2018-10-16 00:00:00'),
(3, 'meiji', 0, '2018-10-16 00:00:00', '2018-10-16 00:00:00'),
(4, 'AKAGI', 0, '2018-10-16 00:00:00', '2018-10-16 00:00:00'),
(5, 'LOTTE', 0, '2018-10-16 00:00:00', '2018-10-16 00:00:00'),
(6, '丸永製菓', 0, '2018-10-16 00:00:00', '2018-10-16 00:00:00'),
(7, 'FUTABA', 0, '2018-10-16 00:00:00', '2018-10-16 00:00:00'),
(8, '井村屋', 0, '2018-10-16 00:00:00', '2018-10-16 00:00:00'),
(9, 'ハーゲンダッツ', 0, '2018-10-16 00:00:00', '2018-10-16 00:00:00'),
(0, '', 0, '2018-10-19 00:00:00', '2018-10-19 00:00:00');

-- --------------------------------------------------------

--
-- テーブルの構造 `mcu_main_hayashi`
--

CREATE TABLE `mcu_main_hayashi` (
  `id` int(11) NOT NULL,
  `character_name` varchar(256) NOT NULL,
  `type_id` int(11) DEFAULT NULL,
  `sex_id` int(11) DEFAULT NULL,
  `appearance_year` int(4) NOT NULL,
  `appearance_time` int(3) DEFAULT NULL,
  `comment` varchar(256) DEFAULT NULL,
  `del_flg` varchar(1) DEFAULT NULL,
  `create_date` datetime NOT NULL,
  `update_date` datetime NOT NULL
) ENGINE=InnoDB DEFAULT CHARSET=utf8;

--
-- テーブルのデータのダンプ `mcu_main_hayashi`
--

INSERT INTO `mcu_main_hayashi` (`id`, `character_name`, `type_id`, `sex_id`, `appearance_year`, `appearance_time`, `comment`, `del_flg`, `create_date`, `update_date`) VALUES
(1, 'アイアンマン', 1, 1, 2008, 9, '地球を救った偉大なIT野郎', '0', '2019-05-29 12:00:00', '2019-05-29 12:00:00'),
(2, 'キャプテン・アメリカ', 1, 1, 2011, 8, 'ムジョルニアを持てる正義の堅物', '0', '2019-05-29 12:00:00', '2019-05-29 12:00:00'),
(3, 'スパイダーマン', 1, 1, 2016, 4, 'トニーの弟子、NEXTアイアンマン', '0', '2019-05-29 12:00:00', '2019-05-29 12:00:00'),
(4, 'ソー', 7, 1, 2011, 7, '最高にクールバカな神様', '0', '2019-05-29 12:00:00', '2019-05-29 12:00:00'),
(5, 'ハルク', 1, 1, 2008, 6, '昔は暴れん坊', '0', '2019-05-29 12:00:00', '2019-05-29 12:00:00'),
(6, 'ブラック・ウィドウ', 1, 2, 2010, 7, 'ラックスの人', '0', '2019-05-29 12:00:00', '2019-05-29 12:00:00'),
(7, 'ドクター・ストレンジ', 1, 1, 2016, 4, '高慢な魔法使い', '0', '2019-05-29 12:00:00', '2019-05-29 12:00:00'),
(8, 'スター・ロード', 8, 1, 2014, 4, 'おまぬけダンサー賞金稼ぎ', '0', '2019-05-29 12:00:00', '2019-05-29 12:00:00'),
(9, 'グルート', 5, 3, 2014, 4, '可愛い木', '0', '2019-05-29 12:00:00', '2019-05-29 12:00:00'),
(10, 'ロケット', 4, 1, 0, 4, '最高なアライグマ', '0', '2019-05-29 12:00:00', '2019-05-29 12:00:00'),
(11, 'ガモーラ', 6, 2, 2014, 4, '気高い戦士で優しい姉', '0', '2019-05-29 12:00:00', '2019-05-29 12:00:00'),
(12, 'ドラックス', 6, 1, 2014, 4, '頭が足りないお父さん', '0', '2019-05-29 12:00:00', '2019-05-29 12:00:00'),
(13, 'マンティス', 6, 2, 2017, 3, '天然を超えた天然', '0', '2019-05-29 12:00:00', '2019-05-29 12:00:00'),
(14, 'ネビュラ', 6, 2, 2014, 4, '素直になれない妹', '0', '2019-05-29 12:00:00', '2019-05-29 12:00:00'),
(15, 'ブラックパンサー', 1, 1, 2016, 4, 'ワカンダフォーエバー', '0', '2019-05-29 12:00:00', '2019-05-29 12:00:00'),
(16, 'シュリ', 1, 2, 2018, 2, 'ワカンダ産のIT娘', '0', '2019-05-29 12:00:00', '2019-05-29 12:00:00'),
(17, 'ウィンター・ソルジャー', 1, 1, 2014, 6, 'アダマンチウムの左腕', '0', '2019-05-29 12:00:00', '2019-05-29 12:00:00'),
(18, 'スカーレット・ウィッチ', 1, 2, 2015, 4, 'マジで美人', '0', '2019-05-29 12:00:00', '2019-05-29 12:00:00'),
(19, 'ファルコン', 1, 1, 2014, 5, '羽が印象的なNEXTキャプテン', '0', '2019-05-29 12:00:00', '2019-05-29 12:00:00'),
(20, 'サノス', 6, 1, 2014, 6, '曲がった正義の悪い奴', '0', '2019-05-29 12:00:00', '2019-05-29 12:00:00'),
(21, 'オコエ', 1, 2, 2018, 2, '忠実なワカンダの女戦士', '0', '2019-05-29 12:00:00', '2019-05-29 12:00:00'),
(22, 'ウォ―マシン', 1, 1, 2010, 6, 'アイアンマン風なやつ', '0', '2019-05-29 12:00:00', '2019-05-29 12:00:00'),
(23, 'ヴィジョン', 2, 3, 2015, 7, 'ジャービスマン', '0', '2019-05-29 12:00:00', '2019-05-29 12:00:00'),
(24, 'ロキ', 7, 1, 2012, 6, '憎めない嘘つき', '0', '2019-05-29 12:00:00', '2019-05-29 12:00:00'),
(25, 'ウォン', 1, 1, 2016, 3, '可愛い中国系魔法使い', '0', '2019-05-29 12:00:00', '2019-05-29 12:00:00'),
(26, 'アントマン', 1, 1, 2015, 5, '子供思いのおっちょこちょいパパ', '0', '2019-05-29 12:00:00', '2019-05-29 12:00:00'),
(27, 'ワスプ', 1, 2, 2018, 2, 'キャリアウーマン', '0', '2019-05-29 12:00:00', '2019-05-29 12:00:00'),
(28, 'ハンク・ピム', 1, 1, 2015, 3, 'ピム粒子の開発者、強情おじさん', '0', '2019-05-29 12:00:00', '2019-05-29 12:00:00'),
(29, 'ジャネット', 1, 2, 2018, 2, 'ハンクの嫁、元ワスプ', '0', '2019-05-29 12:00:00', '2019-05-29 12:00:00'),
(30, 'ゴースト', 1, 2, 2018, 1, '体がおかしくなってしまった人', '0', '2019-05-29 12:00:00', '2019-05-29 12:00:00'),
(31, 'ビル・フォスター', 1, 1, 2018, 1, 'ゴーストを手伝うおじさん', '0', '2019-05-29 12:00:00', '2019-05-29 12:00:00'),
(32, 'キャシー', 1, 2, 2015, 3, 'アントマンの子供、かわいい', '0', '2019-05-29 12:00:00', '2019-05-29 12:00:00'),
(33, 'ルイス', 1, 1, 2015, 2, 'アントマンの友達、話が長い', '0', '2019-05-29 12:00:00', '2019-05-29 12:00:00'),
(34, 'マギー', 1, 2, 2015, 2, 'アントマンの元嫁', '0', '2019-05-29 12:00:00', '2019-05-29 12:00:00'),
(35, 'キャプテン・マーベル', 1, 2, 2019, 2, '最後に出てきた最強', '0', '2019-05-29 12:00:00', '2019-05-29 12:00:00'),
(36, 'グース', 6, 3, 2019, 1, 'ネコよりのクラーケン', '0', '2019-05-29 12:00:00', '2019-05-29 12:00:00'),
(37, 'ロナン', 6, 1, 2014, 2, '復習に燃えるクリー人', '0', '2019-05-29 12:00:00', '2019-05-29 12:00:00'),
(38, 'カエシリウス', 1, 1, 2016, 1, 'ヴォルデモート', '0', '2019-05-29 12:00:00', '2019-05-29 12:00:00'),
(39, 'エンシェント・ワン', 1, 2, 2016, 2, '優しき魔法使いの偉大なる母', '0', '2019-05-29 12:00:00', '2019-05-29 12:00:00'),
(40, 'キルモンガー', 1, 1, 2018, 1, '復習にとりつかれたワカンダ人', '0', '2019-05-29 12:00:00', '2019-05-29 12:00:00'),
(41, 'ヴァルキリー', 7, 2, 2017, 3, '故郷を捨てた女戦士', '0', '2019-05-29 12:00:00', '2019-05-29 12:00:00'),
(42, 'ヘイムダル', 7, 1, 2011, 3, 'アスガルドの門番', '0', '2019-05-29 12:00:00', '2019-05-29 12:00:00'),
(43, 'ヘラ', 7, 2, 2017, 1, '死の神、ムジョルニアを壊した', '0', '2019-05-29 12:00:00', '2019-05-29 12:00:00'),
(44, 'オーディン', 7, 1, 2011, 3, 'ロキ、ソーのパパ', '0', '2019-05-29 12:00:00', '2019-05-29 12:00:00'),
(45, 'ホーガン', 7, 1, 2011, 2, '浅野忠信が演じたアスガルド人', '0', '2019-05-29 12:00:00', '2019-05-29 12:00:00'),
(46, 'コーグ', 6, 1, 2017, 2, '劇中でfortniteしてたね', '0', '2019-05-29 12:00:00', '2019-05-29 12:00:00');

-- --------------------------------------------------------

--
-- テーブルの構造 `member_sasaki`
--

CREATE TABLE `member_sasaki` (
  `id` int(2) NOT NULL,
  `member` varchar(2) DEFAULT NULL,
  `del_flg` varchar(1) DEFAULT NULL,
  `create_date` datetime NOT NULL,
  `update_date` datetime NOT NULL
) ENGINE=InnoDB DEFAULT CHARSET=utf8;

--
-- テーブルのデータのダンプ `member_sasaki`
--

INSERT INTO `member_sasaki` (`id`, `member`, `del_flg`, `create_date`, `update_date`) VALUES
(0, ' ', '0', '2018-03-01 00:00:00', '2018-03-01 00:00:00'),
(1, '1', '0', '2018-03-01 00:00:00', '2018-03-01 00:00:00'),
(2, '2', '0', '2018-03-01 00:00:00', '2018-03-01 00:00:00'),
(3, '3', '0', '2018-03-01 00:00:00', '2018-03-01 00:00:00'),
(4, '4', '0', '2018-03-01 00:00:00', '2018-03-01 00:00:00'),
(5, '5', '0', '2018-03-01 00:00:00', '2018-03-01 00:00:00');

-- --------------------------------------------------------

--
-- テーブルの構造 `mlb_main_uezu`
--

CREATE TABLE `mlb_main_uezu` (
  `id` int(11) NOT NULL,
  `team_name` varchar(256) NOT NULL,
  `founding_year` int(4) DEFAULT NULL,
  `membership_year` int(4) DEFAULT NULL,
  `headquarters` varchar(256) NOT NULL,
  `league_id` int(11) DEFAULT NULL,
  `district_id` int(11) DEFAULT NULL,
  `del_flg` varchar(1) DEFAULT NULL,
  `create_date` datetime NOT NULL,
  `update_date` datetime NOT NULL
) ENGINE=InnoDB DEFAULT CHARSET=utf8;

--
-- テーブルのデータのダンプ `mlb_main_uezu`
--

INSERT INTO `mlb_main_uezu` (`id`, `team_name`, `founding_year`, `membership_year`, `headquarters`, `league_id`, `district_id`, `del_flg`, `create_date`, `update_date`) VALUES
(1, 'Baltimore Orioles (BAL)/ボルチモア・オリオールズ', 1894, 1901, 'メリーランド州ボルチモア/オリオールパーク・アット・カムデンヤーズ', 1, 1, '0', '2019-05-21 00:00:00', '2019-05-21 00:00:00'),
(2, 'Boston Red Sox (BOS)/ボストン・レッドソックス', 1901, 1901, 'マサチューセッツ州ボストン/フェンウェイ・パーク', 1, 1, '0', '2019-05-21 00:00:00', '2019-05-21 00:00:00'),
(3, 'New York Yankees (NYY)/ニューヨーク・ヤンキース', 1901, 1901, 'ニューヨーク州ニューヨーク・ブロンクス/ヤンキー・スタジアム', 1, 1, '0', '2019-05-21 00:00:00', '2019-05-21 00:00:00'),
(4, 'Tampa Bay Rays (TB)/タンパベイ・レイズ', 1998, 1998, 'フロリダ州セントピーターズバーグ/トロピカーナ・フィールド', 1, 1, '0', '2019-05-21 00:00:00', '2019-05-21 00:00:00'),
(5, 'Toronto Blue Jays (TOR)/トロント・ブルージェイズ', 1977, 1977, 'オンタリオ州トロント/ロジャーズ・センター', 1, 1, '0', '2019-05-21 00:00:00', '2019-05-21 00:00:00'),
(6, 'Chicago White Sox (CWS)/シカゴ・ホワイトソックス', 1894, 1901, 'イリノイ州シカゴ/ギャランティード・レート・フィールド', 1, 2, '0', '2019-05-21 00:00:00', '2019-05-21 00:00:00'),
(7, 'Cleveland Indians (CLE)/クリーブランド・インディアンズ', 1894, 1901, 'オハイオ州クリーブランド/プログレッシブ・フィールド', 1, 2, '0', '2019-05-21 00:00:00', '2019-05-21 00:00:00'),
(8, 'Detroit Tigers (DET)/デトロイト・タイガース', 1894, 1901, 'ミシガン州デトロイト/コメリカ・パーク', 1, 2, '0', '2019-05-21 00:00:00', '2019-05-21 00:00:00'),
(9, 'Kansas City Royals (KC)/カンザスシティ・ロイヤルズ', 1969, 1969, 'ミズーリ州カンザスシティ/カウフマン・スタジアム', 1, 2, '0', '2019-05-21 00:00:00', '2019-05-21 00:00:00'),
(10, 'Minnesota Twins (MIN)/ミネソタ・ツインズ', 1894, 1901, 'ミネソタ州ミネアポリス/ターゲット・フィールド', 1, 2, '0', '2019-05-21 00:00:00', '2019-05-21 00:00:00'),
(11, 'Houston Astros (HOU)/ヒューストン・アストロズ', 1962, 2013, 'テキサス州ヒューストン/ミニッツメイド・パーク', 1, 3, '0', '2019-05-21 00:00:00', '2019-05-21 00:00:00'),
(12, 'Los Angeles Angels of Anaheim (LAA)/ロサンゼルス・エンゼルス・オブ・アナハイム', 1961, 1961, 'カリフォルニア州アナハイム/エンゼル・スタジアム・オブ・アナハイム', 1, 3, '0', '2019-05-21 00:00:00', '2019-05-21 00:00:00'),
(13, 'Oakland Athletics (OAK)/オークランド・アスレチックス', 1901, 1901, 'カリフォルニア州オークランド/オークランド・アラメダ・カウンティ・コロシアム', 1, 3, '0', '2019-05-21 00:00:00', '2019-05-21 00:00:00'),
(14, 'Seattle Mariners (SEA)/シアトル・マリナーズ', 1977, 1977, 'ワシントン州シアトル/T-モバイル・パーク', 1, 3, '0', '2019-05-21 00:00:00', '2019-05-21 00:00:00'),
(15, 'Texas Rangers (TEX)/テキサス・レンジャーズ', 1961, 1961, 'テキサス州アーリントン/グローブライフ・パーク・イン・アーリントン', 1, 3, '0', '2019-05-21 00:00:00', '2019-05-21 00:00:00'),
(16, 'Atlanta Braves (ATL)/アトランタ・ブレーブス', 1871, 1876, 'ジョージア州カンバーランド/サントラスト・パーク', 2, 1, '0', '2019-05-21 00:00:00', '2019-05-21 00:00:00'),
(17, 'Miami Marlins (MIA)/マイアミ・マーリンズ', 1993, 1993, 'フロリダ州マイアミ/マーリンズ・パーク', 2, 1, '0', '2019-05-21 00:00:00', '2019-05-21 00:00:00'),
(18, 'New York Mets (NYM)/ニューヨーク・メッツ', 1962, 1962, 'ニューヨーク州ニューヨーク・クイーンズ/シティ・フィールド', 2, 1, '0', '2019-05-21 00:00:00', '2019-05-21 00:00:00'),
(19, 'Philadelphia Phillies (PHI)/フィラデルフィア・フィリーズ', 1883, 1883, 'ペンシルベニア州フィラデルフィア/シチズンズ・バンク・パーク', 2, 1, '0', '2019-05-21 00:00:00', '2019-05-21 00:00:00'),
(20, 'Washington Nationals (WSH)/ワシントン・ナショナルズ', 1969, 1969, 'ワシントンD.C./ナショナルズ・パーク', 2, 1, '0', '2019-05-21 00:00:00', '2019-05-21 00:00:00'),
(21, 'Chicago Cubs (CHC)/シカゴ・カブス', 1870, 1876, 'イリノイ州シカゴ/リグレー・フィールド', 2, 2, '0', '2019-05-21 00:00:00', '2019-05-21 00:00:00'),
(22, 'Cincinnati Reds (CIN)/シンシナティ・レッズ', 1882, 1890, 'オハイオ州シンシナティ/グレート・アメリカン・ボール・パーク', 2, 2, '0', '2019-05-21 00:00:00', '2019-05-21 00:00:00'),
(23, 'Milwaukee Brewers (MIL)/ミルウォーキー・ブルワーズ', 1969, 1998, 'ウィスコンシン州ミルウォーキー/ミラー・パーク', 2, 2, '0', '2019-05-21 00:00:00', '2019-05-21 00:00:00'),
(24, 'Pittsburgh Pirates (PIT)/ピッツバーグ・パイレーツ', 1882, 1887, 'ペンシルベニア州ピッツバーグ/PNCパーク', 2, 2, '0', '2019-05-21 00:00:00', '2019-05-21 00:00:00'),
(25, 'St. Louis Cardinals (STL)/セントルイス・カージナルス', 1882, 1892, 'ミズーリ州セントルイス/ブッシュ・スタジアム', 2, 2, '0', '2019-05-21 00:00:00', '2019-05-21 00:00:00'),
(26, 'Arizona Diamondbacks (ARI)/アリゾナ・ダイヤモンドバックス', 1998, 1998, 'アリゾナ州フェニックス/チェイス・フィールド', 2, 3, '0', '2019-05-21 00:00:00', '2019-05-21 00:00:00'),
(27, 'Colorado Rockies (COL)/コロラド・ロッキーズ', 1993, 1993, 'コロラド州デンバー/クアーズ・フィールド', 2, 3, '0', '2019-05-21 00:00:00', '2019-05-21 00:00:00'),
(28, 'Los Angeles Dodgers (LAD)/ロサンゼルス・ドジャース', 1883, 1890, 'カリフォルニア州ロサンゼルス/ドジャー・スタジアム', 2, 3, '0', '2019-05-21 00:00:00', '2019-05-21 00:00:00'),
(29, 'San Diego Padres (SD)/サンディエゴ・パドレス', 1969, 1969, 'カリフォルニア州サンディエゴ/ペトコ・パーク', 2, 3, '0', '2019-05-21 00:00:00', '2019-05-21 00:00:00'),
(30, 'San Francisco Giants (SF)/サンフランシスコ・ジャイアンツ', 1883, 1883, 'カリフォルニア州サンフランシスコ/オラクル・パーク', 2, 3, '0', '2019-05-21 00:00:00', '2019-05-21 00:00:00');

-- --------------------------------------------------------

--
-- テーブルの構造 `mobile_legends_main_sakuma`
--

CREATE TABLE `mobile_legends_main_sakuma` (
  `id` int(2) NOT NULL,
  `mobale_chara` varchar(256) NOT NULL,
  `type1_id` int(1) DEFAULT NULL,
  `type2_id` int(1) DEFAULT NULL,
  `feature1_id` int(1) DEFAULT NULL,
  `feature2_id` int(1) DEFAULT NULL,
  `comment` varchar(256) DEFAULT NULL,
  `del_flg` varchar(1) DEFAULT NULL,
  `create_date` datetime NOT NULL,
  `update_date` datetime NOT NULL
) ENGINE=InnoDB DEFAULT CHARSET=utf8;

--
-- テーブルのデータのダンプ `mobile_legends_main_sakuma`
--

INSERT INTO `mobile_legends_main_sakuma` (`id`, `mobale_chara`, `type1_id`, `type2_id`, `feature1_id`, `feature2_id`, `comment`, `del_flg`, `create_date`, `update_date`) VALUES
(0, 'アウラド', 5, NULL, 3, 7, '序盤からソウルスナッチを稼げていれば、終盤の場面で敵チームの後衛をULTで狙い撃ちすることが可能。', '0', '2019-07-09 15:00:00', '2019-07-09 15:00:00'),
(1, 'アリス', 6, NULL, 6, 1, '序盤からミニオンを倒して得たブラッドオーブを回収して得られる永久バフが強力。', '0', '2019-07-09 15:00:00', '2019-07-24 10:50:15'),
(2, 'アルカード', 5, 1, 6, 2, 'スキル攻撃後に通常攻撃を行うと、付近の敵ヒーローとの間合いを一気に詰めて強化攻撃を行うといった追撃・追跡性能に優れている。\r\nそして見た目はD◯Cの某キャラクターに似ている。', '0', '2019-07-09 15:00:00', '2019-07-09 15:00:00'),
(3, 'アルゴス', 5, NULL, 6, 7, 'ULTは、一定時間自身が無敵になるという効果を持っている。無敵状態で敵に攻撃を与えた分だけ、無敵状態解除後の体力が回復する。一部に調整が入ったが、未だに玄人ヒーローである。', '0', '2019-07-09 15:00:00', '2019-07-09 15:00:00'),
(4, 'アルファ', 5, NULL, 6, 2, 'ベータという相棒とともに戦う。 \r\n固定ダメージをパッシブに持つ珍しいヒーローの1人で、減速、回復、吹き飛ばしなど、できることが多い器用な存在。 ', '0', '2019-07-09 15:00:00', '2019-07-09 15:00:00'),
(5, 'アンジェラ', 2, NULL, 1, 9, 'ULTを使用せれば選んだ味方一人に憑依し、シールドと自身のパッシブ効果を与えられるのが強力。', '0', '2019-07-09 15:00:00', '2019-07-09 15:00:00'),
(6, 'イスンシン', 4, NULL, 5, 9, 'ハンターとして遠距離も得意であるが、敵と密着状態になることで通常攻撃が高火力/減速効果付きの近距離特化型となる。ULTによる場所を問わない攻撃もあり、全てのレンジに対応できる。', '0', '2019-07-09 15:00:00', '2019-07-09 15:00:00'),
(7, 'ヴェル', 6, NULL, 8, 9, 'スキルレベルが上がると、2つのスキルから状況に応じて選択する特殊なヒーローである。ULTはダメージ増加か、範囲コントロールが選択できる。', '0', '2019-07-09 15:00:00', '2019-07-09 15:00:00'),
(8, 'ヴェルス', 6, NULL, 7, 9, '全てのスキルが広範囲かつCC能力に優れ、少人数のチームファイトから集団戦において強さを誇る。', '0', '2019-07-09 15:00:00', '2019-07-09 15:00:00'),
(9, 'ウラノス', 3, NULL, 1, 9, '恐らく現段階で一番硬いタンクである。スキル調整が入り、ブリンクができることとULTに減速効果や自身への回復などが付与された。\r\n余談だが、友人が使用した時、1試合に受けたダメージが33万になっていた。', '0', '2019-07-09 15:00:00', '2019-07-09 15:00:00'),
(10, 'エウドラ', 6, NULL, 7, 5, 'スキルが目標にむかって放たれるので初心者でも扱いやすいヒーロー。特にULTが高火力。', '0', '2019-07-09 15:00:00', '2019-07-09 15:00:00'),
(11, 'エスタス', 2, NULL, 1, 9, 'ランキングやマッチングでは見ることが少なく、乱闘では大活躍するサポート。回復能力が高い。', '0', '2019-07-09 15:00:00', '2019-07-09 15:00:00'),
(12, 'エスメラルダ', 6, 3, 1, 9, '自身に大量のシールドを展開しながら敵に大ダメージを与えることができ、さらに魔法ダメージなので対策されづらい。', '0', '2019-07-09 15:00:00', '2019-07-09 15:00:00'),
(13, 'エレシル', 4, NULL, 5, NULL, '最大の特徴は「移動しながら攻撃が可能」というもの。敵の移動速度を80％も下げるスキルも相まって、自身だけでなく、味方全体が敵に追いつくアシストもできる。', '0', '2019-07-09 15:00:00', '2019-07-09 15:00:00'),
(14, 'オーロラ', 6, NULL, 8, 7, 'オーロラの最大の特徴は5回目のスキルヒット時にCC能力を付与するパッシブ能力。敵を氷塊にして、一時的に一切の行動を封じる。', '0', '2019-07-09 15:00:00', '2019-07-09 15:00:00'),
(15, 'オデット', 6, NULL, 7, 9, '集団戦において強力なヒーロー。ULTは、自身を中心とした広範囲のドーム型フィールドを発生させ、その範囲内にいる敵に深刻なダメージを与えることができる。', '0', '2019-07-09 15:00:00', '2019-07-09 15:00:00'),
(16, 'カーディアン', 3, NULL, 1, 9, 'パッシブ効果も強力で吸収効果を持たない相手ならカウンターで倒せてしまうことがある。\r\nまた、ULTも強力で近くにいるだけで味方の被ダメを軽減することができる。', '0', '2019-07-09 15:00:00', '2019-07-09 15:00:00'),
(17, 'ガイ', 3, NULL, 4, 8, '敵をスタンさせたり、壁に押し付けて攻撃を仕掛けることができる。敵を弾いて自陣タワーに強制的に連れ込んでタワーを利用した攻撃をすれば、HPが満タンの敵でもキルをとることが出来る。', '0', '2019-07-09 15:00:00', '2019-07-09 15:00:00'),
(18, 'カグラ', 6, NULL, 2, 5, '攻撃と移動両方こなせる高いスキル効果を持ち、特に自身の状態異常を解除できる【羅生傘】は強力。\r\nそして日本語版CVは花澤香菜である。', '0', '2019-07-09 15:00:00', '2019-07-09 15:00:00'),
(19, 'カチャ', 5, 2, 4, NULL, '強力な拘束効果を持つULTで敵を自陣に引きずり出すことができ、【スキルオーダーサークル】でミニオンを比較的早く処理することが可能。', '0', '2019-07-09 15:00:00', '2019-07-09 15:00:00'),
(20, 'カティタ', 6, NULL, 7, 6, '多彩な移動スキルで敵を翻弄。\r\nパッシブのHP回復とULTの無敵状態などにより耐久もある。', '0', '2019-07-09 15:00:00', '2019-07-09 15:00:00'),
(21, 'ガトートカチャ', 3, NULL, 8, 2, 'パッシブによる防御力バフが強力で、ULTで敵陣に突っ込み、【金剛不破】でヘイト集め味方と共に敵を殲滅するのが得意。', '0', '2019-07-09 15:00:00', '2019-07-09 15:00:00'),
(22, 'カリナ', 1, 6, 6, 5, 'キルをすることでスキルの冷却時間が短縮されるためサベージ(5人連続キル)を狙いやすい。またパッシブスキルに固定ダメージを持つため、タンクも溶かすことが出来る。\r\nセリナの姉でもある。', '0', '2019-07-09 15:00:00', '2019-07-09 15:00:00'),
(23, 'ガレック', 3, NULL, 4, 8, 'パッシブスキルと【ナチュラルパワー】の行動制限無効が強力で、メイジタイプには無類の強さを誇る。', '0', '2019-07-09 15:00:00', '2019-07-09 15:00:00'),
(24, 'キャリー', 4, NULL, 5, 7, 'パッシブの効果でモンスターを早く倒すことと、敵に最大HPに応じた固定ダメージを与えられるので序盤からダメージを出すことができる。', '0', '2019-07-09 15:00:00', '2019-07-09 15:00:00'),
(25, 'グィネヴィア', 5, 6, 6, 7, '【サイコアタック】で敵を複数吹き飛ばすことができ、その後逃げ足も速い。【サイコキネシス】の恩恵でスキル回転も早い。', '0', '2019-07-09 15:00:00', '2019-07-09 15:00:00'),
(26, 'グールド', 6, NULL, 2, 9, 'パッシブの効果でULTを当て続けれれば、敵に大ダメージを与えることが可能。', '0', '2019-07-09 15:00:00', '2019-07-09 15:00:00'),
(27, 'クッフラー', 3, NULL, 8, 2, 'スキルの効果で相手の移動スキルを封じれるのが極めて強力。さらに自身に防御バフをつけながら自身の最大HPに基づく魔法ダメージを出せるので火力も申し分ない。', '0', '2019-07-09 15:00:00', '2019-07-09 15:00:00'),
(28, 'クラウド', 4, NULL, 5, 7, 'パッシブの効果とデモンハントのパッシブスキルの相性が良く、序盤から効率よく育つことができる。', '0', '2019-07-09 15:00:00', '2019-07-09 15:00:00'),
(29, 'クリント', 4, NULL, 7, 9, '誰よりもスキルを使用する必要のあるヒーロー。スキル使用後の通常攻撃１発の射程と威力が上がり、貫通効果も付与される。', '0', '2019-07-09 15:00:00', '2019-07-09 15:00:00'),
(30, 'グレンジャー', 4, NULL, 5, 7, '武器が6発までの弾丸を充填でき、6発目は必ずクリティカルヒットとなる。攻撃速度はないが、その分火力が出るヒーローであり、ULTは長距離射程のバズーカ。', '0', '2019-07-09 15:00:00', '2019-07-09 15:00:00'),
(31, '悟空', 5, NULL, 6, 3, '分身を作り高火力を出すキャラクター。タワーへの攻撃速度が早く、放っておくと、バックドアされる可能性がある。', '0', '2019-07-09 15:00:00', '2019-07-09 15:00:00'),
(32, 'ゴセン', 1, 6, 6, 7, 'パッシブスキルによるダメージ比例回復＆高火力。【シャドーキル】やULTで柔軟に動ける。LOLのザヤに近い技を持つ。\r\nそしてイケメンである。', '0', '2019-07-09 15:00:00', '2019-07-09 15:00:00'),
(33, 'サイクロプス', 6, NULL, 2, 9, 'ULTは単体を拘束することに長けたスキル。発動条件が非常に楽で、敵ヒーローがULTの広い射程内に入った瞬間にスキルを使うだけで確実に当てることができる。', '0', '2019-07-09 15:00:00', '2019-07-09 15:00:00'),
(34, 'ザスク', 6, NULL, 3, 9, 'ULTに調整が入り、かなり強化された。【ナイトメア】を召喚することで、タワーなどのターゲットを取れるため、タワー折りが強い。また、', '0', '2019-07-09 15:00:00', '2019-07-09 15:00:00'),
(35, 'サナ', 6, NULL, 9, 8, 'サナの特徴的なULTであるULTの継続ダメージを与えながら相手を追い回す幽霊(敵ヒーローのコピー)を作りだす能力。', '0', '2019-07-09 15:00:00', '2019-07-09 15:00:00'),
(36, 'ジェイソン', 3, NULL, 8, 2, 'まさにトランスフォーマー。ULTで車に変化し、他レーンのカバーをカ敵に衝突すればスタン、その直後に継続的なダメージを与える。\r\nオデッソンは有名で、オデットのULTとの相性が良い。', '0', '2019-07-09 15:00:00', '2019-07-09 15:00:00'),
(37, 'ジミー', 4, 6, 2, 9, 'ハンターの強力な通常攻撃に魔法攻撃力が加味され、敵は対策しにくい。\r\nまた、移動速度も速く、長い射程で敵を牽制するのも得意。', '0', '2019-07-09 15:00:00', '2019-07-09 15:00:00'),
(38, 'シュウ', 5, NULL, 6, 8, '制限効果の高いULTを持ち、【瞬歩】によるシールド＆物理貫通と行動制限無効を駆使して一気に間合いを詰めて攻撃できる。\r\n唯一、格ゲーのような演出が入る。', '0', '2019-07-09 15:00:00', '2019-07-09 15:00:00'),
(39, '嫦娥', 6, NULL, 5, 9, 'スキル調整が大幅に入ったヒーロー。ULTが特に強くなり、4秒間に自身の移動速度＋20％。その間は前方に向けて30個の飛星を乱射する。', '0', '2019-07-09 15:00:00', '2019-07-09 15:00:00'),
(40, '子龍', 5, 1, 6, 2, '前方の敵を子龍の背後に移動させる事ができる能力を持つ。敵にとって不利な位置に持ち込み、子竜が最も得意とする近距離戦を強いる事ができる。', '0', '2019-07-09 15:00:00', '2019-07-09 15:00:00'),
(41, 'セイバー', 1, NULL, 6, 8, 'ULTを使うことで敵を約2秒間行動不能にさせることができる。そのため、動きの捉えずらいヒーローが相手であっても、効果範囲に入った瞬間に使用するだけで確定で拘束する事ができ、カウンターとして活躍する。', '0', '2019-07-09 15:00:00', '2019-07-09 15:00:00'),
(42, '星夢', 6, NULL, 2, 9, 'イビルの力でULTを使った時のイビルインパクト連発による殲滅力。\r\nグローリーの力を使ったときは無敵状態となる。', '0', '2019-07-09 15:00:00', '2019-07-09 15:00:00'),
(43, 'セリナ', 1, 6, 5, 7, '【アビスアロウ】による長時間スタン\r\nパッシブの追加ダメージで序盤から高火力。\r\n【アビストラップ】は罠としても索敵にも使える。', '0', '2019-07-09 15:00:00', '2019-07-09 15:00:00'),
(44, 'ディアス', 5, NULL, 6, 7, '編集していた中で一番新しいヒーロー。ULTで減速だけでなく、防御力-75%を与えられるため、超高火力になる。', '0', '2019-07-09 15:00:00', '2019-07-09 15:00:00'),
(45, 'ディガー', 2, NULL, 8, 9, 'スキルが一新して、【オート爆弾アラーム】で序盤に的に大量にダメージを与えることができ、使い勝手が良くなった。他のサポートスキルも集団戦やガンクに非常に有用である。', '0', '2019-07-09 15:00:00', '2019-07-09 15:00:00'),
(46, 'ティグラル', 3, NULL, 8, 2, '敵を自分の方へ引き寄せ、スタンさせるスキルを持つ。うまく使いこなせれば集団戦におけるイニシエーターとして優秀。', '0', '2019-07-09 15:00:00', '2019-07-09 15:00:00'),
(47, 'ディスラー', 5, NULL, 2, 7, '序盤から終盤まで耐久力と安定した火力がある。ULTはエリア内にいるヒーローを処刑台に繋げ、行動が制限される。', '0', '2019-07-09 15:00:00', '2019-07-09 15:00:00'),
(48, 'デームス', 5, NULL, 5, 7, 'パッシブと回転の早いスキルによってモンスターを手早く倒し早く育つことができる。', '0', '2019-07-09 15:00:00', '2019-07-09 15:00:00'),
(49, 'ナタリア', 1, NULL, 6, 7, 'ブッシュ(草むら)に入ると、姿を隠すステルス状態になる。その性能を活かすことで敵ジャングルを荒らすことが出来る他、ハンターやメイジなどを一方的に倒すことが可能である。', '0', '2019-07-09 15:00:00', '2019-07-09 15:00:00'),
(50, 'ナナ', 6, 2, 9, 8, '敵ヒーローを変身させるスキルを持ち、強力な範囲攻撃のULTを持つメイジ属性の強いサポートヒーロー。\r\nパッシブが強化され、致命的なダメージを受けても2秒間無敵状態となり、移動速度が70%アップする。', '0', '2019-07-09 15:00:00', '2019-07-09 15:00:00'),
(51, 'ハーリー', 6, NULL, 7, 9, '【エスケープ】を駆使して戦場を自在に動き回り、単体キルに特化したULTで敵を奇襲するのが得意。\r\nメイジではあるが、動きはアサシン。', '0', '2019-07-09 15:00:00', '2019-07-09 15:00:00'),
(52, 'ハカート', 1, NULL, 6, 7, '瞬間火力の高さと、ダメージを受けた時に敵を沈黙状態にさせるのが強力。対アサシンに対しても強い。また、ULTで敵の視界を奪うことができる。', '0', '2019-07-09 15:00:00', '2019-07-09 15:00:00'),
(53, 'バターン', 5, NULL, 6, 7, 'ULTがゴムゴムのガトリングを彷彿させる。【デストロイアタック】を使用し、敵を4秒間閉じ込めた後のULTが強力。', '0', '2019-07-09 15:00:00', '2019-07-09 15:00:00'),
(54, 'ハナビ', 4, NULL, 1, 5, 'パッシブスキルに物理吸収を持ち、シールドを得ることで移動速度バフと妨害効果を無効にできる。\r\nULTによる範囲攻撃で複数ヒーローにバインドを与えることができる。', '0', '2019-07-09 15:00:00', '2019-07-09 15:00:00'),
(55, '隼', 1, NULL, 6, 7, '【四方影】を駆使して戦場を駆け巡り一対一の状況を作ることができれば、ULTで敵を一方的に倒すことが可能。', '0', '2019-07-09 15:00:00', '2019-07-09 15:00:00'),
(56, 'ハリス', 6, NULL, 6, 7, '【時空跳躍】で移動＋シールド付与でメイジとは思えない高耐久＆追撃。\r\nULTによるCD短縮でスキルをバンバン打てる。', '0', '2019-07-09 15:00:00', '2019-07-09 15:00:00'),
(57, 'バルモンド', 5, 3, 6, 1, 'ただのファイターではなく、タンクでもあるヒーロー。ファイターとしての火力、タンクとしての耐久力を誇る。', '0', '2019-07-09 15:00:00', '2019-07-09 15:00:00'),
(58, '半蔵', 1, NULL, 5, 7, '【霊魄喰奪】が発動すれば、モンスターを一瞬で狩ることができ、敵陣のバフモンスターを奪うことができる。またULTで幽体離脱が出来、本体が攻撃されない限りは死なず、敵を一方的に追うことができる。', '0', '2019-07-09 15:00:00', '2019-07-09 15:00:00'),
(59, 'ヒルダ', 5, 3, 1, 2, 'ブッシュ（草むら）に隠れているとHP回復と5秒間HP上限10％分を吸収する強力なシールドを得る事が出来る。そのためリコールせず、留まり続けることが出来る。', '0', '2019-07-09 15:00:00', '2019-07-09 15:00:00'),
(60, 'ファーサ', 6, NULL, 2, 9, 'ULTは広範囲を攻撃でき、さらにスキルで地形を無視した移動が可能となるヒーロー。', '0', '2019-07-09 15:00:00', '2019-07-09 15:00:00'),
(61, 'ファニー', 1, NULL, 6, 5, '使いこなすと環境をぶっ壊すOPヒーローである。立体機動装置を持ち、戦場を縦横無尽に動けるだけでなく、捉えることができない。', '0', '2019-07-09 15:00:00', '2019-07-09 15:00:00'),
(62, 'フランコ', 3, NULL, 4, NULL, '【アイアンフック】で遠くのヒーロー・ミニオン・モンスターを1体だけ引き寄せる能力を持つ。また、非戦闘時は移動速度が上がるパッシブを持つ。', '0', '2019-07-09 15:00:00', '2019-07-09 15:00:00'),
(63, 'ブルーノ', 4, NULL, 5, NULL, 'スキル回りが早く、スキルを多用することで本領を発揮するヒーロー。【ボレーショット】使用後、地面に残ったボールを回収することで、冷却時間が大幅短縮されるという能力を持つ。', '0', '2019-07-09 15:00:00', '2019-07-09 15:00:00'),
(64, 'フレイヤ', 5, NULL, 6, 7, '近接特化型のヒーロー。他の近接型とは異なり、ストレートな火力では勝負せず、自身の防御を固めつつスタンを与え、有利な状況を生み出す戦闘スタイル。', '0', '2019-07-09 15:00:00', '2019-07-09 15:00:00'),
(65, 'ベイン', 5, NULL, 3, NULL, '最近リメイクが入り、スキルが一新された。様々なレンジで戦うことができ、回復を持つため比較的安定した戦いができる。ULTは魚群を召喚し、敵にもタワーにもダメージが入る。\r\n昔の見た目は骸骨だったのにタコにされた。', '0', '2019-07-09 15:00:00', '2019-07-09 15:00:00'),
(66, 'ヘラクレス', 3, NULL, 1, 9, 'スキルが魔法ダメージである点と、その火力の高さで、魔法防御力の低い敵に十分なダメージを与えることができる。またULTが味方の移動速度を上げる道を作る。', '0', '2019-07-09 15:00:00', '2019-07-09 15:00:00'),
(67, 'マーティス', 5, NULL, 5, 7, '相手の行動を制限したり、状態異常無効の移動スキルで敵を翻弄。\r\nULTによる集団連続キルができる。', '0', '2019-07-09 15:00:00', '2019-07-09 15:00:00'),
(68, 'マイシータール', 5, NULL, 4, 8, '【ホーリーハルバード】で敵を引き寄せてULTを使用することで敵を逃すことなく倒すことが強力。', '0', '2019-07-09 15:00:00', '2019-07-09 15:00:00'),
(69, 'マイヤ', 4, NULL, 5, NULL, '通常攻撃力強化や単体攻撃に優れるスキルがあり、ステルスを使えばターゲットに取られなくなるため、特にハンター同士の殴り合いでは優位に立ちやすい。', '0', '2019-07-09 15:00:00', '2019-07-09 15:00:00'),
(70, 'マファセス', 2, 6, 4, 8, '2019年の特定の日にログインすることで無料で貰えることができたヒーロー。 ULTはエリア内にいるヒーローが死んだ場合、即座に復活することができ、最大10秒動くことができる。', '0', '2019-07-09 15:00:00', '2019-07-09 15:00:00'),
(71, 'ミノタウロス', 3, 2, 8, NULL, 'ダメージを受けて凶暴状態になるとステータスが強化される。\r\n凶暴状態でのスキル効果が高く、ULTで範囲打ち上げを持つ。', '0', '2019-07-09 15:00:00', '2019-07-09 15:00:00'),
(72, 'メタルヘッド', 5, NULL, 6, 7, '【ワイルドキャスト】による敵または味方を「投げる」能力が特徴。投げる事で、味方を前方へ移動させて追跡・追撃・逃げの手助け、または敵を自陣へと投げ込み孤立させるなど、位置的有利を築く。', '0', '2019-07-09 15:00:00', '2019-07-09 15:00:00'),
(73, 'モスコブ', 4, NULL, 3, 7, '通常攻撃は貫通するため、ミニオン処理が早く、常に複数の敵に攻撃することができる。また、【デススピア】は敵に吹き飛ばし効果を与える。', '0', '2019-07-09 15:00:00', '2019-07-09 15:00:00'),
(74, 'ライラ', 4, NULL, 5, NULL, '大器晩成型のヒーローであり、スキルレベルがMAXになると、射程距離が他のハンターよりも長くなり、射程距離限界地点の敵に対しては威力が30%上がる。', NULL, '2019-07-09 15:00:00', '2019-07-09 15:00:00'),
(75, 'ラインロック', 5, NULL, 3, 7, 'ULTの移動速度＆防御バフによる汎用性の高さ。\r\nパッシブスキルはHP30%以下の敵に通常攻撃がクリティカルヒットする。', '0', '2019-07-09 15:00:00', '2019-07-09 15:00:00'),
(76, 'ラズリー', 4, 1, 5, 7, '最大の特徴である「射程距離」を活かして、敵の攻撃が当たらず自分だけが攻撃できる距離を保つことで一方的な攻撃をすることが可能である。\r\nハーリーの義理の姉でもある。', '0', '2019-07-09 15:00:00', '2019-07-09 15:00:00'),
(77, 'ラファエル', 2, NULL, 1, NULL, 'エスタスと同じく、ランキングやマッチングではほぼ見られず、乱闘で大活躍するヒーロー。味方の回復だけでなく、移動速度アップをスキルに持つ。', '0', '2019-07-09 15:00:00', '2019-07-09 15:00:00'),
(78, 'ラプラプ', 5, 1, 6, 7, 'ULTはスタンと十分なダメージを与えられるスキル。その攻撃範囲と距離はファイターとしては恵まれていて、近接戦から逃れようとする敵を捕らえる、もしくは仕留めることができる。特に重剣モードの際は、総合火力が段違い。', '0', '2019-07-09 15:00:00', '2019-07-09 15:00:00'),
(79, 'ランスロット', 1, NULL, 6, 7, '彼はモバレジェ公式に愛されるスキン王である。パッシブにより敵に追加ダメージを与え、スキルの瞬間火力も高い。また、ULTを使うタイミングにより、CC無効となる。', '0', '2019-07-09 15:00:00', '2019-07-09 15:00:00'),
(80, 'ルビー', 5, NULL, 8, NULL, 'パッシブによりスキル吸収が付与されているため、敵をスキルでコントロールしながら、HPを吸収して高い耐久力を持つ。', '0', '2019-07-09 15:00:00', '2019-07-09 15:00:00'),
(81, 'ロイン', 3, 2, 8, 3, '世界一可愛いタンクである。ULTは前方の広範囲の敵を減速させ、直後にスタンを与えるという、優秀なCCスキルを持つ。強力な効果でありながらも、射程が長いため、比較的安全な位置から当てることが可能。\r\nまた、バリアを駆使するヒーローであり、遠距離攻撃を防いだり、味方にバリア能力を付与してサポートすることができる。', '0', '2019-07-09 15:00:00', '2019-07-09 15:00:00'),
(82, 'ロジャー', 5, 4, 5, 7, '最大の特徴は、戦況に応じて、近接特化のファイター(狼)と遠距離特化のハンター(人間)にロールチェンジすることができる。', '0', '2019-07-09 15:00:00', '2019-07-09 15:00:00'),
(85, 'ラカン', 2, NULL, 0, NULL, 'League of Legendsのキャラ', '0', '2019-07-23 17:00:40', '2019-07-23 17:00:40'),
(86, 'カミール001', 5, 3, 0, NULL, 'League of Legendsのキャラ', '0', '2019-07-23 17:02:33', '2019-07-23 17:15:25'),
(87, 'イレリア００２', 0, NULL, 0, NULL, 'League of Legendsのキャラ', '0', '2019-07-23 17:03:25', '2019-07-23 17:12:34'),
(88, 'ザヤ', 1, NULL, 2, 7, 'League of Legendsのキャラ', '0', '2019-07-24 10:10:04', '2019-07-24 10:10:04'),
(89, 'test', 0, NULL, 0, NULL, NULL, '1', '2019-07-24 10:12:10', '2019-07-24 10:12:10');

-- --------------------------------------------------------

--
-- テーブルの構造 `month_nakai`
--

CREATE TABLE `month_nakai` (
  `month_id` int(11) NOT NULL,
  `month` varchar(256) DEFAULT NULL,
  `del_flg` varchar(1) NOT NULL,
  `create_date` datetime NOT NULL,
  `update_date` datetime NOT NULL
) ENGINE=InnoDB DEFAULT CHARSET=utf8;

--
-- テーブルのデータのダンプ `month_nakai`
--

INSERT INTO `month_nakai` (`month_id`, `month`, `del_flg`, `create_date`, `update_date`) VALUES
(0, NULL, '0', '2018-10-15 00:00:00', '2018-10-15 00:00:00'),
(1, '1月', '0', '2018-10-09 00:00:00', '2018-10-09 00:00:00'),
(2, '2月', '0', '2018-10-09 00:00:00', '2018-10-09 00:00:00'),
(3, '3月', '0', '2018-10-09 00:00:00', '2018-10-09 00:00:00'),
(4, '4月', '0', '2018-10-09 00:00:00', '2018-10-09 00:00:00'),
(5, '5月', '0', '2018-10-09 00:00:00', '2018-10-09 00:00:00'),
(6, '6月', '0', '2018-10-09 00:00:00', '2018-10-09 00:00:00'),
(7, '7月', '0', '2018-10-09 00:00:00', '2018-10-09 00:00:00'),
(8, '8月', '0', '2018-10-09 00:00:00', '2018-10-09 00:00:00'),
(9, '9月', '0', '2018-10-09 00:00:00', '2018-10-09 00:00:00'),
(10, '10月', '0', '2018-10-09 00:00:00', '2018-10-09 00:00:00'),
(11, '11月', '0', '2018-10-09 00:00:00', '2018-10-09 00:00:00'),
(12, '12月', '0', '2018-10-09 00:00:00', '2018-10-09 00:00:00');

-- --------------------------------------------------------

--
-- テーブルの構造 `movie_actor`
--

CREATE TABLE `movie_actor` (
  `id` int(11) NOT NULL,
  `name` varchar(255) NOT NULL,
  `del_flg` int(1) DEFAULT NULL,
  `create_date` varchar(14) NOT NULL,
  `update_date` varchar(14) NOT NULL
) ENGINE=InnoDB DEFAULT CHARSET=utf8;

--
-- テーブルのデータのダンプ `movie_actor`
--

INSERT INTO `movie_actor` (`id`, `name`, `del_flg`, `create_date`, `update_date`) VALUES
(0, '', 0, '2017/11/08', '2017/11/08'),
(1, 'トム・ハンクス', 0, '2017/11/08', '2017/11/08'),
(2, 'トビー・マグワイア', 0, '2017/11/08', '2017/11/08'),
(3, 'ジェームズ・マカヴォイ', 0, '2017/11/08', '2017/11/08'),
(4, 'ナタリー・ポートマン', 0, '2017/11/08', '2017/11/08'),
(5, 'アン・ハサウェイ', 0, '2017/11/08', '2017/11/08');

-- --------------------------------------------------------

--
-- テーブルの構造 `movie_main`
--

CREATE TABLE `movie_main` (
  `id` int(11) NOT NULL,
  `movie_title` varchar(255) NOT NULL,
  `genre_id` int(11) DEFAULT NULL,
  `actor_id` int(11) DEFAULT NULL,
  `release_year` int(4) NOT NULL,
  `run_time` int(3) DEFAULT NULL,
  `comment` varchar(255) DEFAULT NULL,
  `del_flg` int(1) DEFAULT NULL,
  `create_date` datetime NOT NULL,
  `update_date` datetime NOT NULL
) ENGINE=InnoDB DEFAULT CHARSET=utf8;

--
-- テーブルのデータのダンプ `movie_main`
--

INSERT INTO `movie_main` (`id`, `movie_title`, `genre_id`, `actor_id`, `release_year`, `run_time`, `comment`, `del_flg`, `create_date`, `update_date`) VALUES
(1, 'スパイダーマン3', 1, 2, 2007, 155, 'スパイダーマンの映画の中では一番好き', 1, '2017-11-08 00:00:00', '2017-11-08 00:00:00'),
(2, 'X-MEN FC', 1, 3, 2011, 132, 'X-MEN誕生秘話、ばちぼこ面白い。', 0, '2017-11-08 00:00:00', '2019-01-22 13:58:25'),
(3, 'レオン', 1, 4, 1994, 110, 'マチルダがかわいい', 0, '2017-11-08 00:00:00', '2017-11-08 00:00:00'),
(4, 'ダークナイトライジング', 1, 5, 2012, 165, 'DCコミック頑張れ', 0, '2017-11-08 00:00:00', '2017-11-08 00:00:00'),
(5, 'ベイビードライバー', 1, NULL, 2017, 113, '続編が制作されるそう', 0, '2017-11-08 00:00:00', '2017-11-08 00:00:00'),
(6, 'トランス', 2, 3, 2013, 101, 'ダニー・ボイル監督', 0, '2017-11-08 00:00:00', '2017-11-08 00:00:00'),
(7, 'フィルス', 2, 3, 2013, 97, 'スコットランドの最悪刑事', 0, '2017-11-08 00:00:00', '2017-11-08 00:00:00'),
(8, '華麗なるギャツビー', 2, 2, 2013, 143, '豪華絢爛', 0, '2017-11-08 00:00:00', '2017-11-08 00:00:00'),
(9, 'ブリッジオブスパイ', 2, 1, 2015, 144, 'アカデミー助演男優賞受賞', 0, '2017-11-08 00:00:00', '2017-11-08 00:00:00'),
(10, 'ダ・ヴィンチ・コード', 2, 1, 2006, 174, 'オドレイ・トトゥ老けたなあ', 0, '2017-11-08 00:00:00', '2017-11-08 00:00:00'),
(11, 'フォレストガンプ', 3, 1, 1994, 142, '言わずと知れた名言の宝庫', 0, '2017-11-08 00:00:00', '2017-11-08 00:00:00'),
(12, '完全なるチェックメイト', 3, 2, 2014, 116, 'ボビーフィッシャー', 0, '2017-11-08 00:00:00', '2017-11-08 00:00:00'),
(13, 'あの頃僕らは', 3, 2, 2001, 90, '若かりしディカプリオ', 0, '2017-11-08 00:00:00', '2017-11-08 00:00:00'),
(14, 'レミゼラブル', 3, 5, 2012, 160, '歌部分はアテレコではありません', 0, '2017-11-08 00:00:00', '2017-11-08 00:00:00'),
(15, 'グリーンマイル', 3, 1, 1999, 189, '『ショーシャンクの空に』もいいです', 0, '2017-11-08 00:00:00', '2017-11-08 00:00:00'),
(16, 'ブラックスワン', 4, 4, 2011, 108, '下手なホラーより怖いかも', 0, '2017-11-08 00:00:00', '2017-11-08 00:00:00'),
(17, 'IT chapter1', 4, NULL, 2017, 135, 'TVムービー編もどうぞ', 0, '2017-11-08 00:00:00', '2017-11-08 00:00:00'),
(18, 'キャリー', 4, NULL, 1976, 98, 'スティーブン・キングの処女作', 0, '2017-11-08 00:00:00', '2017-11-08 00:00:00'),
(19, 'スプリット', 4, 3, 2017, 117, 'シャマラン作品を見ておくと吉', 0, '2017-11-08 00:00:00', '2017-11-08 00:00:00'),
(20, 'ミスターガラス', 4, 3, 2019, 129, 'スプリットの続編', 0, '2017-11-08 00:00:00', '2017-11-08 00:00:00'),
(21, 'マイ・インターン', 5, 5, 2015, 121, '『プラダを着た悪魔』もおすすめ', 0, '2017-11-08 00:00:00', '2017-11-08 00:00:00'),
(22, 'ターミナル', 5, 1, 2004, 128, '空港に住んでみたい', 0, '2017-11-08 00:00:00', '2017-11-08 00:00:00'),
(23, 'ペネロピ', 5, 3, 2008, 104, '現代のおとぎ話', 0, '2017-11-08 00:00:00', '2017-11-08 00:00:00'),
(24, 'アリスインワンダーランド', 5, 5, 2010, 113, '映像美すごい', 0, '2017-11-08 00:00:00', '2017-11-08 00:00:00'),
(25, 'キャッツ＆ドッグス', 5, 2, 2001, 87, '犬はかわいい', 0, '2017-11-08 00:00:00', '2017-11-08 00:00:00'),
(26, 'つぐない', NULL, 3, 2007, 130, '陰鬱な時にはおすすめしません', 0, '2017-11-08 00:00:00', '2017-11-08 00:00:00'),
(27, 'プライドと偏見', NULL, NULL, 2005, 135, 'コリン・ファースのドラマ版も良き', 0, '2017-11-08 00:00:00', '2017-11-08 00:00:00'),
(28, 'グレイテストショーマン', 3, NULL, 2017, 105, '個人的にラ・ラ・ランド越え', 0, '2017-11-08 00:00:00', '2017-11-08 00:00:00'),
(29, 'ビッグ', 5, 1, 1988, 130, '素敵な気持になれる', 0, '2017-11-08 00:00:00', '2017-11-08 00:00:00'),
(30, 'IT chapter2', 4, 3, 2019, NULL, 'やたら豪華な俳優陣', 0, '2017-11-08 00:00:00', '2017-11-08 00:00:00');

-- --------------------------------------------------------

--
-- テーブルの構造 `muscle_izawa`
--

CREATE TABLE `muscle_izawa` (
  `id` int(2) DEFAULT NULL,
  `photo` varchar(255) DEFAULT NULL,
  `menu` varchar(255) DEFAULT NULL,
  `body` int(2) DEFAULT NULL,
  `com` varchar(255) DEFAULT NULL,
  `del_flg` int(1) DEFAULT NULL
) ENGINE=InnoDB DEFAULT CHARSET=utf8;

--
-- テーブルのデータのダンプ `muscle_izawa`
--

INSERT INTO `muscle_izawa` (`id`, `photo`, `menu`, `body`, `com`, `del_flg`) VALUES
(1, '/izawaimage/Bench-press-1-2-289x300.png', 'バーベルベンチプレス', 1, '大胸筋トレーニングの王道とも言えるのが「筋トレBIG3」の一つであるバーベルベンチプレスです。肩甲骨を寄せ、顎をやや引いて行うのがポイントです。', 0),
(4, '/izawaimage/Dumbbell-bench-press-2-215x300.png', 'ダンベルプレス', 1, '自宅でのダンベルトレーニングのなかで、大胸筋を鍛えるのに最適な種目がダンベルプレスです。ベンチがない場合は、床の上で行っても効果を得ることが可能です。', 0),
(5, '/izawaimage/main-qimg-c200b655392c1a5c23e9ee1613bc8ce3-300x178.png', 'ダンベルフライ', 1, 'ダンベルプレスの仕上げとして効果的なのがダンベルフライです。腕を閉じたフィニッシュのポジションでやや腕を上に持ち上げる動きを加えるとさらに効果が高まります。', 0),
(6, '/izawaimage/Dumbbell-bent-arm-pullover-2-300x279.png', 'ベントアームダンベルプルオーバー', 1, '大胸筋に縦方向の刺激を加えるとともに、胸郭を広げる作用もあるのがベントアームプルオーバーで、大胸筋トレーニングの仕上げにも最適な種目です。広背筋狙いのプルオーバーと違い、肘を曲げるのがポイントです。', 0),
(7, '/izawaimage/300px-Dips-300x273.png', 'ディップス', 1, '自重トレーニング種目のなかでも、大胸筋下部に効果の高い種目がディップスです。特別な道具がなくても、椅子を二つ使うことで代用できます。', 0),
(8, '/izawaimage/17-01-15-09-14-15-858_deco-300x225.jpg', '懸垂', 2, '自重トレーニングで広背筋・僧帽筋を鍛えるスタンダードな種目が懸垂です。順手のノーマルグリップで行えば広背筋に、縦持ちのパラレルグリップで行えば僧帽筋に負荷がかかります。', 0),
(9, '/izawaimage/800px-Body-row-2-270x300.png', '斜め懸垂', 2, '懸垂ができない方におすすめなのが斜め懸垂です。自宅で行う場合は、テーブルの下に仰向けに入り、テーブルの縁を持って行うことで代用できます。', 0),
(10, '/izawaimage/Rear-deltoid-row-1-3-275x300.png', 'ダンベルローイング', 2, 'ダンベル筋トレで背筋トレーニングの基本となるのがダンベルローイングです。標準的なやり方だと僧帽筋を中心に効きますが、頭を低くし前方から引く軌道で行うと広背筋に負荷が強くかかります。', 0),
(11, '/izawaimage/Straight-arm-pullover-2-300x260.png', 'ストレートアームダンベルプルオーバー', 2, 'ダンベルプルオーバーは意識の仕方で大胸筋にも広背筋にも効果のあるダンベル筋トレです。肘を伸ばすとともに肘を内側に閉じ気味で動作を行うと広背筋に負荷が集まります。', 0),
(12, '/izawaimage/Barbell-rear-delt-row-1-288x300.png', 'デッドリフト', 2, 'ジムで行うバーベル筋トレで背筋に高負荷を加えられるのが「筋トレBIG3」の一つであるデッドリフトです。腰椎保護のため背中を丸めないように最大の注意を払ってください。なお、デッドリフトにかぎらず、背筋トレーニングで握力が先になくなってしまう人はリストストラップがとても有効です', 0),
(13, '/izawaimage/Reverse-grip-bent-over-rows-2-284x300.png', 'バーベルベントオーバーロー', 2, 'バーベルベントオーバーローは、デッドリフトとと並び代表的な背筋のバーベルトレーニングです。膝がつま先より前に出ないように注意し、胸を張り、背中をやや反らせて行ってください。', 0),
(14, '/izawaimage/17-01-16-18-08-14-691_deco-300x233.jpg', 'ワイドグリップ腕立て伏せ', 3, '通常の腕立て伏せより手幅を広く構えるワイドグリップでの腕立て伏せは三角筋に強い負荷がかかります。プッシュアップバーの使用がおすすめです。', 0),
(15, '/izawaimage/17-02-01-16-34-56-568_deco-300x225.jpg', 'ダンベルショルダープレス', 3, 'ダンベルでの三角筋トレーニングのベースとなる種目がダンベルショルダープレスです。三角筋全体に効果がありますが、特に前部と側部に効果的です。なお、肩関節保護のために、肘が体幹より後ろにならないように動作するのがポイントです。', 0),
(16, '/izawaimage/5ad150fc550d8093e0e3d6e42acc4716-300x288.jpg', 'ダンベルアップライトロー', 3, '三角筋は体幹の筋肉と連動しやすいので、上手く鍛えるのが難しい部位ですが、ダンベルアップライトローなら初心者でも比較的簡単に効かせることが可能です', 0),
(17, '/izawaimage/dubbellfrontraise-235x300.jpg', 'ダンベルフロントレイズ', 3, '三角筋前部を集中的に鍛えることのできるのがダンベルフロントレイズです。反動を使うと僧帽筋に刺激が逃げてしまうので注意してください。慣れるまでは左右交互に挙上するオルタネイト動作で行うことをおすすめします', 0),
(18, '/izawaimage/Dumbbell-lateral-raises-1-3-272x300.png', 'ダンベルサイドレイズ', 3, '三角筋中部を集中的に鍛えることのできるダンベル種目がダンベルサイドレイズです。反動を使わないことがポイントで、もし、膝の屈伸を使わないと挙上できないのであれば、その重量設定は重すぎます。', 0),
(19, '/izawaimage/Seated-military-shoulder-press-1-236x300.png', 'バーベルショルダープレス', 3, 'バーベルトレーニングで三角筋を鍛えるのスタンダードな種目がバーベルショルダープレスです。反動を使わずに、上げる時も下げる時もゆっくりと動作をするのが最大のポイントになります。', 0),
(20, '/izawaimage/Chin-ups-1-crop-300x235.png', 'リバース懸垂', 4, '手を逆手にするリバースグリップで行う懸垂は、自宅で上腕二頭筋を鍛えるのに最適な自重トレーニングです。手幅を拳一つ分ほどに狭めるとより効果的です。', 0),
(21, '/izawaimage/Alternating_bicep_curl_with_dumbbell_2.svg-crop-247x300.png', 'ダンベルカール', 4, '自宅でのダンベルトレーニングで上腕二頭筋に効果的なのがダンベルカールです。挙上するときに小指が上になるように旋回させると長頭(力こぶの高さ)に、逆方向に旋回させると短頭(力こぶの太さ)に効果があります。なお、アームブラスターと呼ばれるギアを併用すると、完全に反動をなくした状態で上腕二頭筋に負荷を爆発的に集中することができます。', 0),
(22, '/izawaimage/Bicep_hammer_curl_with_dumbbell_2.svg-crop-278x300.png', 'ダンベルハンマーカール', 4, '10ダンベルを縦にグリップして行うダンベルハンマーカールは、上腕二頭筋のなかでも長頭(外側)に効果的なやり方です。', 0),
(23, '/izawaimage/Wide_grip_standing_biceps_curl_with_barbell_2.svg-300x277.png', 'バーベルカール', 4, '上腕二頭筋を鍛えるスタンダードな種目がバーベルカールです。ただし、通常のバーベルでは上手くならないと手首を痛めがちなので、できれば曲線のついたWバーやEZバーを使うようにするとよいでしょう。', 0),
(24, '/izawaimage/Drag-curl-2-241x300.jpg', 'バーベルリバースカール', 4, 'バーベルリバースカールは上腕二頭筋の長頭と上腕筋、さらには前腕筋群にも効果的なバーベルトレーニングです。握力に自身のない方はリストストラップを併用することをおすすめします。', 0),
(25, '/izawaimage/Close_triceps_pushup_1.svg-300x153.png', 'ダイヤモンド腕立て伏せ', 5, '自宅で自重トレーニングで上腕三頭筋短頭を鍛えるのにおすすめなのが、両手でダイヤモンド型を作って行うナローグリップでの腕立て伏せです。肘をできる限り開かずに動作することで、上腕三頭筋への負荷が高まります。', 0),
(26, '/izawaimage/Standing-triceps-extension-2-1-horz-1-300x198.jpg', 'ダンベルフレンチプレス', 5, '自宅でのダンベルトレーニングのなかでも上腕三頭筋を集中的に鍛えられるのが、ダンベルフレンチプレス(別名ダンベルトライセプスエクステンション)です。肘をしっかりと固定し、上腕三頭筋だけで動作をするようにするのがポイントとなります。', 0),
(27, '/izawaimage/Dumbbell-incline-bench-press-1-crop-crop2-300x230.png', 'ダンベルトライセプスプレス', 5, 'ダンベルプレスとは逆方向にダンベルをグリップするダンベルトライセプスプレスは上腕三頭筋に負荷を集中させることが可能です。', 0),
(28, '/izawaimage/Rear-deltoid-row-1-crop-1-300x238.png', 'ダンベルキックバック', 5, '上腕三頭筋のなかでも長頭に効果的なのがダンベルキックバックです。腕を完全に伸ばせる重量設定で行うのが最大のポイントです。', 0),
(29, '/izawaimage/Close_grip_barbell_bench_press-2-300x209.png', 'ナローグリップベンチプレス', 5, 'ジムで上腕三頭筋を鍛える定番トレーニング種目がナローグリップベンチプレスです。通常のベンチプレスと違い、肩甲骨を寄せずに行うことで上腕三頭筋に刺激が集中します。', 0),
(30, '/izawaimage/cable-wrist-curl-231x300.png', 'リストカール', 6, '前腕筋の基本的な筋トレメニューがリストカールです。リストカールで前腕屈筋群を鍛えたら、バランスよくリバースリストカールで前腕伸筋群も鍛えるようにしましょう。また、縦方向の筋力を養うのにはリストハンマーで鍛える必要があります。', 0),
(31, '/izawaimage/Leg-raises-1-300x254.png', 'レッグレイズ', 6, '腹直筋下部に効果の高い腹筋運動がレッグレイズです。息を吐きながら脚を持ち上げていきましょう。また、負荷を逃がさないためと腰椎への負担をかけないために、セット中は足を床につけないように注意してください。', 0),
(32, '/izawaimage/Front-squat-to-bench-2-858x1024-crop-300x300.png', '自重スクワット', 6, '自宅で行う自重トレーニングとして最適な種目が自重スクワットです。胸を張り、背中を反らせたニーベントスタイルが動作の基本です。また、膝関節を痛めないために、膝がつま先より前にでないように気をつけてください。', 0),
(33, '/izawaimage/Barbell_squat_2.svg-1-250x300.png', 'バーベルスクワット', 6, 'バーベルトレーニングのなかで、もっとも基本的なトレーニング種目が「筋トレBIG3」の一つであるバーベルスクワットです。自重スクワット同様にニーベントスタイルを作り、やや斜め後方に腰を下ろしてください。', 0),
(37, NULL, 'バーベルベンチプレス＠やんべこうた食いしん坊', 6, '111', 1),
(38, '	\r\n/izawaimage/10yen.jpg', '乞食じゃないよ藤木だよ', 6, '10円をいただくために登録するが1日でサービス停止', 0),
(39, NULL, '腹直筋トレーニング', 6, 'お腹の筋肉を鍛えます', 1);

-- --------------------------------------------------------

--
-- テーブルの構造 `music`
--

CREATE TABLE `music` (
  `id` int(11) UNSIGNED NOT NULL,
  `title` varchar(255) CHARACTER SET utf8 NOT NULL DEFAULT '',
  `author` varchar(255) CHARACTER SET utf8 DEFAULT 'unknown',
  `rating` int(11) DEFAULT 0,
  `comment` varchar(255) DEFAULT NULL,
  `category_id` int(11) UNSIGNED DEFAULT 0,
  `video_url` varchar(255) DEFAULT NULL,
  `create_date` datetime DEFAULT NULL,
  `update_date` datetime DEFAULT NULL,
  `version` int(11) DEFAULT 0
) ENGINE=InnoDB DEFAULT CHARSET=utf8mb4;

--
-- テーブルのデータのダンプ `music`
--

INSERT INTO `music` (`id`, `title`, `author`, `rating`, `comment`, `category_id`, `video_url`, `create_date`, `update_date`, `version`) VALUES
(4, '心太软', '任贤齐', 5, '年代比较久远的一首歌，当年很流行，现在依然有很多人喜欢。', 3, 'https://www.youtube.com/embed/ZSWeurc1yMw', '2018-03-19 15:12:14', '2018-03-19 15:12:14', 5),
(9, '漂洋过海来看你', '娃娃', 5, '', 3, 'https://www.youtube.com/embed/hNQohQBFnwI', '2018-03-19 16:05:12', '2018-03-19 16:05:12', 2),
(10, '雪の華', '中島美嘉', 5, '', 6, 'https://www.youtube.com/embed/mF5Qq2YheTg', '2018-03-19 17:18:19', '2019-03-28 15:26:31', 2),
(11, 'MY ALL', '濱崎步', 5, '', 5, 'https://www.youtube.com/embed/PKptgq8jTYw', '2018-03-19 17:27:07', '2018-03-19 17:27:07', 1),
(12, 'Time after time ～花舞う街で～', '仓木麻衣', 5, '', 4, 'https://www.youtube.com/embed/Ep_W5rYXyi0', '2018-03-19 17:28:57', '2018-03-19 17:28:57', 1),
(13, '夢的點滴', '松隆子', 5, '', 6, 'https://www.youtube.com/embed/Vn6xGeMY9w8', '2018-03-19 17:31:46', '2018-03-19 17:31:46', 1),
(14, 'big big world', 'Emilia', 5, '', 5, 'https://www.youtube.com/embed/wpkS2DU_qMs', '2018-03-19 17:33:04', '2018-03-19 17:33:04', 0);

-- --------------------------------------------------------

--
-- テーブルの構造 `music_category`
--

CREATE TABLE `music_category` (
  `id` int(11) UNSIGNED NOT NULL,
  `category` varchar(255) NOT NULL DEFAULT '',
  `create_date` datetime DEFAULT NULL,
  `update_date` datetime DEFAULT NULL,
  `is_delete` tinyint(1) NOT NULL DEFAULT 0,
  `delete_date` datetime DEFAULT NULL,
  `version` int(11) DEFAULT 0
) ENGINE=InnoDB DEFAULT CHARSET=utf8mb4;

--
-- テーブルのデータのダンプ `music_category`
--

INSERT INTO `music_category` (`id`, `category`, `create_date`, `update_date`, `is_delete`, `delete_date`, `version`) VALUES
(0, '', NULL, NULL, 0, NULL, 0),
(1, 'DJ', NULL, NULL, 0, NULL, 0),
(2, 'Light', NULL, NULL, 0, NULL, 0),
(3, 'China', NULL, NULL, 0, NULL, 0),
(4, 'ACG', NULL, NULL, 0, NULL, 0),
(5, 'Pop', NULL, NULL, 0, NULL, 0),
(6, 'Classical', NULL, NULL, 0, NULL, 0);

-- --------------------------------------------------------

--
-- テーブルの構造 `national_shiono`
--

CREATE TABLE `national_shiono` (
  `id` int(11) DEFAULT NULL,
  `national` varchar(30) DEFAULT NULL,
  `del_flg` varchar(1) DEFAULT NULL,
  `create_date` datetime DEFAULT NULL,
  `update_date` datetime DEFAULT NULL
) ENGINE=InnoDB DEFAULT CHARSET=utf8;

--
-- テーブルのデータのダンプ `national_shiono`
--

INSERT INTO `national_shiono` (`id`, `national`, `del_flg`, `create_date`, `update_date`) VALUES
(1, 'アルゼンチン', '0', '2019-05-17 15:05:00', '2019-05-17 15:05:00'),
(2, 'イタリア', '0', '2019-05-17 15:05:00', '2019-05-17 15:05:00'),
(3, 'イングランド', '0', '2019-05-17 15:05:00', '2019-05-17 15:05:00'),
(4, 'エジプト', '0', '2019-05-17 15:05:00', '2019-05-17 15:05:00'),
(5, 'クロアチア', '0', '2019-05-17 15:05:00', '2019-05-17 15:05:00'),
(6, 'スペイン', '0', '2019-05-17 15:05:00', '2019-05-17 15:05:00'),
(7, 'ドイツ', '0', '2019-05-17 15:05:00', '2019-05-17 15:05:00'),
(8, 'フランス', '0', '2019-05-17 15:05:00', '2019-05-17 15:05:00'),
(9, 'ベルギー', '0', '2019-05-17 15:05:00', '2019-05-17 15:05:00'),
(10, 'ポルトガル', '0', '2019-05-17 15:05:00', '2019-05-17 15:05:00'),
(11, '韓国', '0', '2019-05-17 15:05:00', '2019-05-17 15:05:00'),
(12, '日本', '0', '2019-05-17 15:05:00', '2019-05-17 15:05:00'),
(13, 'ウルグアイ', '0', '2019-05-17 15:05:00', '2019-05-17 15:05:00'),
(14, 'ブラジル', '0', '2019-05-17 15:05:00', '2019-05-17 15:05:00'),
(15, 'セネガル', '0', '2019-05-17 15:05:00', '2019-05-17 15:05:00'),
(0, '', '0', '2019-05-17 15:05:00', '2019-05-17 15:05:00');

-- --------------------------------------------------------

--
-- テーブルの構造 `perfume_main_anzai`
--

CREATE TABLE `perfume_main_anzai` (
  `id` int(11) NOT NULL,
  `song_name` varchar(256) NOT NULL,
  `release_year` int(4) NOT NULL,
  `lyricist_name` varchar(256) DEFAULT NULL,
  `album_id` int(11) DEFAULT NULL,
  `tieup_id` int(1) DEFAULT NULL,
  `comment` varchar(256) DEFAULT NULL,
  `del_flg` varchar(1) DEFAULT NULL,
  `create_date` datetime NOT NULL,
  `update_date` datetime NOT NULL
) ENGINE=InnoDB DEFAULT CHARSET=utf8;

--
-- テーブルのデータのダンプ `perfume_main_anzai`
--

INSERT INTO `perfume_main_anzai` (`id`, `song_name`, `release_year`, `lyricist_name`, `album_id`, `tieup_id`, `comment`, `del_flg`, `create_date`, `update_date`) VALUES
(1, 'OMAJINAI☆ペロリ', 2002, 'パッパラー河合', NULL, NULL, '広島時代のデビュー曲', '0', '2019-10-29 00:00:00', '2019-11-06 13:04:05'),
(2, '彼氏募集中', 2002, 'パッパラー河合', NULL, NULL, '広島時代の名曲', '0', '2019-10-29 00:00:00', '2019-11-06 10:34:05'),
(3, 'スウィートドーナッツ', 2003, '木の子', 1, NULL, '全国インディーズデビュー曲', '0', '2019-10-29 00:00:00', '2019-10-29 00:00:00'),
(4, 'ビタミンドロップ', 2004, '木の子', 1, NULL, 'もうやる事のないアイドル曲', '0', '2019-10-29 00:00:00', '2019-10-29 00:00:00'),
(5, 'モノクロームエフェクト', 2004, '木の子', 1, NULL, 'もうやる事のないアイドル曲', '0', '2019-10-29 00:00:00', '2019-10-29 00:00:00'),
(6, 'リニアモーターガール', 2005, '中田ヤスタカ', 1, NULL, 'メジャーデビューの曲', '0', '2019-10-29 00:00:00', '2019-10-29 00:00:00'),
(7, 'エレクトロ・ワールド', 2006, '中田ヤスタカ', 1, NULL, 'ライブではみんなで盛り上がる', '0', '2019-10-29 00:00:00', '2019-10-29 00:00:00'),
(8, 'パーフェクトスター・パーフェクトスタイル', 2006, '中田ヤスタカ', 1, NULL, '当時発売されたアルバムの唯一の新曲', '0', '2019-10-29 00:00:00', '2019-10-29 00:00:00'),
(9, 'チョコレイト・ディスコ', 2007, '中田ヤスタカ', 2, NULL, 'バレンタイン定番曲', '0', '2019-10-29 00:00:00', '2019-10-29 00:00:00'),
(10, 'Twinkle Snow Powdery Snow', 2007, '中田ヤスタカ', 2, NULL, 'チョコレイトディスコと一緒発表された', '0', '2019-10-29 00:00:00', '2019-10-29 00:00:00'),
(11, 'ポリリズム', 2007, '中田ヤスタカ', 2, 1, 'この曲で爆発的ヒット', '0', '2019-10-29 00:00:00', '2019-10-29 00:00:00'),
(12, 'SEVENTH HEAVEN', 2007, '中田ヤスタカ', 6, NULL, 'ただただかわいい', '0', '2019-10-29 00:00:00', '2019-10-29 00:00:00'),
(13, 'Baby cruising Love', 2008, '中田ヤスタカ', 2, 3, '映画「モテキ」で使用', '0', '2019-10-29 00:00:00', '2019-10-29 00:00:00'),
(14, 'マカロニ', 2008, '中田ヤスタカ', 2, NULL, '冬におススメの一曲', '0', '2019-10-29 00:00:00', '2019-10-29 00:00:00'),
(15, 'GAME', 2008, '中田ヤスタカ', 2, NULL, 'アルバム曲、ダンスがめちゃくちゃかっこいい', '0', '2019-10-29 00:00:00', '2019-10-29 00:00:00'),
(16, 'セラミックガール', 2008, '中田ヤスタカ', 2, 2, '深夜ドラマで使われていた', '0', '2019-10-29 00:00:00', '2019-10-29 00:00:00'),
(17, 'シークレットシークレット', 2008, '中田ヤスタカ', 2, 1, 'アイス「ピノ」のCMだった気がする', '0', '2019-10-29 00:00:00', '2019-10-29 00:00:00'),
(18, 'Puppy love', 2008, '中田ヤスタカ', 2, NULL, 'みんなで上下上上', '0', '2019-10-29 00:00:00', '2019-10-29 00:00:00'),
(19, 'edge', 2008, '中田ヤスタカ', 3, NULL, 'かっこいいがめちゃくちゃ曲が長い', '0', '2019-10-29 00:00:00', '2019-10-29 00:00:00'),
(20, 'love the world', 2008, '中田ヤスタカ', 3, NULL, 'モノクロのPVが斬新', '0', '2019-10-29 00:00:00', '2019-10-29 00:00:00'),
(21, 'Dream Fighter', 2008, '中田ヤスタカ', 3, NULL, '初めての武道館で発表された', '0', '2019-10-29 00:00:00', '2019-10-29 00:00:00'),
(22, 'ワンルーム・ディスコ', 2009, '中田ヤスタカ', 3, NULL, '新生活応援ソング', '0', '2019-10-29 00:00:00', '2019-10-29 00:00:00'),
(23, 'I still love U', 2009, '中田ヤスタカ', 3, NULL, '足つぼしながらPV撮った曲', '0', '2019-10-29 00:00:00', '2019-10-29 00:00:00'),
(24, 'NIGHT FLIGHT', 2009, '中田ヤスタカ', 3, 1, 'これも「ピノ」のCMの曲', '0', '2019-10-29 00:00:00', '2019-10-29 00:00:00'),
(25, 'ナチュラルに恋して', 2010, '中田ヤスタカ', 4, 1, 'アパレルのCM曲', '0', '2019-10-29 00:00:00', '2019-10-29 00:00:00'),
(26, 'VOICE', 2010, '中田ヤスタカ', 4, 1, 'PVの最後きれいにはまる', '0', '2019-10-29 00:00:00', '2019-10-29 00:00:00'),
(27, 'FAKE IT', 2010, '中田ヤスタカ', 6, NULL, 'ライブがぶち上がる曲', '0', '2019-10-29 00:00:00', '2019-10-29 00:00:00'),
(28, 'ねぇ', 2010, '中田ヤスタカ', 5, 1, 'アパレルのCM曲、ダンスのステップが独特', '0', '2019-10-29 00:00:00', '2019-10-29 00:00:00'),
(29, '微かなカオリ', 2011, '中田ヤスタカ', 5, 1, '「氷結」のCM　可愛い', '0', '2019-10-29 00:00:00', '2019-10-29 00:00:00'),
(30, 'レーザービーム', 2011, '中田ヤスタカ', 5, 1, '「氷結」のCM　かっこいい', '0', '2019-10-29 00:00:00', '2019-10-29 00:00:00'),
(31, 'GLITTER', 2011, '中田ヤスタカ', 5, 1, '「氷結」のCM　かっこいい', '0', '2019-10-29 00:00:00', '2019-10-29 00:00:00'),
(32, 'スパイス', 2011, '中田ヤスタカ', 5, 2, '「氷結」のCM　かっこいい', '0', '2019-10-29 00:00:00', '2019-10-29 00:00:00'),
(33, 'MY COLOR', 2011, '中田ヤスタカ', 5, NULL, '世界でも愛された一曲', '0', '2019-10-29 00:00:00', '2019-10-29 00:00:00'),
(34, 'コミュニケーション', 2012, '中田ヤスタカ', NULL, 1, 'プルプルつんつん', '0', '2019-10-29 00:00:00', '2019-10-29 00:00:00'),
(35, 'Spring of Life', 2012, '中田ヤスタカ', 7, 1, '衣装が光る', '0', '2019-10-29 00:00:00', '2019-10-29 00:00:00'),
(36, 'Hurly Burly', 2012, '中田ヤスタカ', 10, 1, 'ポップなダンスナンバー', '0', '2019-10-29 00:00:00', '2019-10-29 00:00:00'),
(37, 'Spending all my time', 2012, '中田ヤスタカ', 7, 1, '海外進出する際に出した曲', '0', '2019-10-29 00:00:00', '2019-10-29 00:00:00'),
(38, 'だいじょばない', 2013, '中田ヤスタカ', 7, NULL, 'のっちが靴をとばした曲', '0', '2019-10-29 00:00:00', '2019-10-29 00:00:00'),
(39, '未来のミュージアム', 2013, '中田ヤスタカ', 7, 3, '映画「ドラえもん」の主題歌', '0', '2019-10-29 00:00:00', '2019-10-29 00:00:00'),
(40, 'Magic of Love', 2013, '中田ヤスタカ', 7, 1, '「ピュレグミ」のCM起用', '0', '2019-10-29 00:00:00', '2019-10-29 00:00:00'),
(41, 'Handy Man', 2013, '中田ヤスタカ', 7, NULL, 'のっちが海外で盛大に間違えた曲', '0', '2019-10-29 00:00:00', '2019-10-29 00:00:00'),
(42, 'ふりかえるといるよ', 2013, '中田ヤスタカ', 7, NULL, '幽霊の曲', '0', '2019-10-29 00:00:00', '2019-10-29 00:00:00'),
(43, 'Party Maker', 2013, '中田ヤスタカ', 7, NULL, '盛り上がる曲', '0', '2019-10-29 00:00:00', '2019-10-29 00:00:00'),
(44, '1mm', 2013, '中田ヤスタカ', 7, NULL, '最終電車に揺られてる', '0', '2019-10-29 00:00:00', '2019-10-29 00:00:00'),
(45, 'Sweet Refrain', 2013, '中田ヤスタカ', 8, 2, '長澤まさみ主演ドラマの主題歌', '0', '2019-10-29 00:00:00', '2019-10-29 00:00:00'),
(46, '恋は前傾姿勢', 2013, '中田ヤスタカ', 8, NULL, 'まえのめり', '0', '2019-10-29 00:00:00', '2019-10-29 00:00:00'),
(47, 'Cling Cling', 2014, '中田ヤスタカ', 8, 1, 'シングルなのにCDがかなり大きい', '0', '2019-10-29 00:00:00', '2019-10-29 00:00:00'),
(48, 'いじわるなハロー', 2014, '中田ヤスタカ', NULL, NULL, 'Cling　Cling　のカップリング', '0', '2019-10-29 00:00:00', '2019-10-29 00:00:00'),
(49, 'DISPLAY', 2014, '中田ヤスタカ', 10, 1, '４KテレビのCM', '0', '2019-10-29 00:00:00', '2019-10-29 00:00:00'),
(50, 'Hold Your Hand', 2014, '中田ヤスタカ', 8, 2, 'ファンと作ったPVが印象的', '0', '2019-10-29 00:00:00', '2019-10-29 00:00:00'),
(51, 'Pick Me Up', 2015, '中田ヤスタカ', 8, 1, '伊勢丹とのコラボ', '0', '2019-10-29 00:00:00', '2019-10-29 00:00:00'),
(52, 'Relax In The City', 2015, '中田ヤスタカ', 8, 1, 'シングルなのにCDがかなり大きい箱', '0', '2019-10-29 00:00:00', '2019-10-29 00:00:00'),
(53, 'TOKIMEKI LIGHTS', 2015, '中田ヤスタカ', 8, NULL, '好きな曲だが印象が薄い', '0', '2019-10-29 00:00:00', '2019-10-29 00:00:00'),
(54, 'STAR TRAIN', 2015, '中田ヤスタカ', 8, 3, '15年のすべてを詰め込んだ曲', '0', '2019-10-29 00:00:00', '2019-10-29 00:00:00'),
(55, 'FLASH', 2016, '中田ヤスタカ', 8, 3, '映画「ちはやふる」で使用された', '0', '2019-10-29 00:00:00', '2019-10-29 00:00:00'),
(56, 'STORY', 2016, '中田ヤスタカ', 8, 1, 'docomoの企画で4Gを使った演出がすごかった', '0', '2019-10-29 00:00:00', '2019-10-29 00:00:00'),
(57, 'Next Stage with YOU', 2016, '中田ヤスタカ', 8, 1, 'ベンツCMに起用', '0', '2019-10-29 00:00:00', '2019-10-29 00:00:00'),
(58, 'Miracle Worker', 2016, '中田ヤスタカ', 8, NULL, '曲の途中の「おこせミラコー」が特徴的', '0', '2019-10-29 00:00:00', '2019-10-29 00:00:00'),
(59, 'Cosmic Explorer', 2016, '中田ヤスタカ', 8, NULL, 'アルバム初めの曲。', '0', '2019-10-29 00:00:00', '2019-10-29 00:00:00'),
(60, 'TOKYO GIRL', 2017, '中田ヤスタカ', 9, 2, '吉高由里子主演ドラマの主題歌', '0', '2019-10-29 00:00:00', '2019-10-29 00:00:00'),
(61, '宝石の雨', 2017, '中田ヤスタカ', 9, 1, '｢Ora2｣ TV CMソング', '0', '2019-10-29 00:00:00', '2019-10-29 00:00:00'),
(62, 'Everyday', 2017, '中田ヤスタカ', 9, 1, '「pnasonic」の洗濯機のCM', '0', '2019-10-29 00:00:00', '2019-10-29 00:00:00'),
(63, 'If you wanna', 2017, '中田ヤスタカ', 9, NULL, 'フューチャーベースを取り入れた曲', '0', '2019-10-29 00:00:00', '2019-10-29 00:00:00'),
(64, '無限未来', 2018, '中田ヤスタカ', 9, 3, '映画「ちはやふる」で使用された', '0', '2019-10-29 00:00:00', '2019-10-29 00:00:00'),
(65, 'Let Me Know', 2018, '中田ヤスタカ', 9, NULL, 'PVが可愛い', '0', '2019-10-29 00:00:00', '2019-10-29 00:00:00'),
(66, '天空', 2018, '中田ヤスタカ', 9, 1, 'docomoのCMで使用、2019年最初に披露した曲', '0', '2019-10-29 00:00:00', '2019-10-29 00:00:00'),
(67, 'Tiny Baby', 2018, '中田ヤスタカ', 9, NULL, 'ライブ演出がすごい', '0', '2019-10-29 00:00:00', '2019-10-29 00:00:00'),
(68, 'Future Pop', 2018, '中田ヤスタカ', 9, NULL, '2019年紅白で披露した曲', '0', '2019-10-29 00:00:00', '2019-10-29 00:00:00'),
(69, 'ナナナナナイロ', 2019, '中田ヤスタカ', 10, 1, '旅をテーマとした曲', '0', '2019-10-29 00:00:00', '2019-10-29 00:00:00'),
(70, 'Challenger', 2019, '中田ヤスタカ', 10, NULL, '中田ヤスタカとの出会いの曲', '0', '2019-10-29 00:00:00', '2019-10-29 00:00:00'),
(72, 'Perfume', 2006, '', NULL, NULL, '', '0', '2019-11-06 14:01:10', '2019-11-06 14:01:10');

-- --------------------------------------------------------

--
-- テーブルの構造 `player_main_shiono`
--

CREATE TABLE `player_main_shiono` (
  `id` int(11) DEFAULT NULL,
  `player_name` varchar(30) DEFAULT NULL,
  `national_id` int(11) DEFAULT NULL,
  `team_id` int(11) DEFAULT NULL,
  `birth_day` varchar(10) DEFAULT NULL,
  `position_name` varchar(5) DEFAULT NULL,
  `del_flg` varchar(1) DEFAULT NULL,
  `create_date` datetime DEFAULT NULL,
  `update_date` datetime DEFAULT NULL
) ENGINE=InnoDB DEFAULT CHARSET=utf8;

--
-- テーブルのデータのダンプ `player_main_shiono`
--

INSERT INTO `player_main_shiono` (`id`, `player_name`, `national_id`, `team_id`, `birth_day`, `position_name`, `del_flg`, `create_date`, `update_date`) VALUES
(1, 'セルヒオ・アグエロ', 1, 1, '1988.06.02', 'FW', '0', '2019-05-17 15:05:00', '2019-05-17 15:05:00'),
(2, 'リオネル・メッシ', 1, 2, '1987.06.24', 'FW', '0', '2019-05-17 15:05:00', '2019-05-17 15:05:00'),
(3, 'アンヘル・ディ・マリア', 1, 3, '1988.02.14', 'MF', '0', '2019-05-17 15:05:00', '2019-05-17 15:05:00'),
(4, 'パウロ・ディバラ', 1, 4, '1993.11.15', 'FW', '0', '2019-05-17 15:05:00', '2019-05-17 15:05:00'),
(5, 'ジャンルイジ・ブッフォン', 2, 3, '1978.01.28', 'GK', '0', '2019-05-17 15:05:00', '2019-05-17 15:05:00'),
(6, 'ラヒーム・スターリング', 3, 1, '1994.12.08', 'FW', '0', '2019-05-17 15:05:00', '2019-05-17 15:05:00'),
(7, 'ハリー・ケイン', 3, 5, '1993.07.28', 'FW', '0', '2019-05-17 15:05:00', '2019-05-17 15:05:00'),
(8, 'モハメド・サラー', 4, 6, '1992.06.15', 'FW', '0', '2019-05-17 15:05:00', '2019-05-17 15:05:00'),
(9, 'ルカ・モドリッチ', 5, 7, '1985.09.09', 'MF', '0', '2019-05-17 15:05:00', '2019-05-17 15:05:00'),
(10, 'ダビド・デ・ヘア', 6, 8, '1990.11.07', 'GK', '0', '2019-05-17 15:05:00', '2019-05-17 15:05:00'),
(11, 'セルヒオ・ラモス', 6, 7, '1986.03.30', 'DF', '0', '2019-05-17 15:05:00', '2019-05-17 15:05:00'),
(12, 'ジェラール・ピケ', 6, 2, '1987.02.02', 'DF', '0', '2019-05-17 15:05:00', '2019-05-17 15:05:00'),
(13, 'イスコ', 6, 7, '1992.04.21', 'MF', '0', '2019-05-17 15:05:00', '2019-05-17 15:05:00'),
(14, 'ダビド・シルバ', 6, 1, '1986.01.08', 'MF', '0', '2019-05-17 15:05:00', '2019-05-17 15:05:00'),
(15, 'フェルナンド・トーレス', 6, 9, '1984.03.20', 'FW', '0', '2019-05-17 15:05:00', '2019-05-17 15:05:00'),
(16, 'マヌエル・ノイアー', 7, 10, '1986.03.27', 'GK', '0', '2019-05-17 15:05:00', '2019-05-17 15:05:00'),
(17, 'テア・シュテーゲン', 7, 2, '1992.04.30', 'GK', '0', '2019-05-17 15:05:00', '2019-05-17 15:05:00'),
(18, 'マッツ・フンメルス', 7, 10, '1988.12.16', 'DF', '0', '2019-05-17 15:05:00', '2019-05-17 15:05:00'),
(19, 'トニ・クロース', 7, 7, '1990.01.04', 'MF', '0', '2019-05-17 15:05:00', '2019-05-17 15:05:00'),
(20, 'リロイ・サネ', 7, 1, '1996.01.11', 'FW', '0', '2019-05-17 15:05:00', '2019-05-17 15:05:00'),
(21, 'メスト・エジル', 7, 11, '1988.10.15', 'MF', '0', '2019-05-17 15:05:00', '2019-05-17 15:05:00'),
(22, 'マルコ・ロイス', 7, 12, '1989.05.31', 'FW', '0', '2019-05-17 15:05:00', '2019-05-17 15:05:00'),
(23, 'ラファエル・ヴァラン', 8, 7, '1993.04.25', 'DF', '0', '2019-05-17 15:05:00', '2019-05-17 15:05:00'),
(24, 'ポール・ポグバ', 8, 8, '1993.03.19', 'MF', '0', '2019-05-17 15:05:00', '2019-05-17 15:05:00'),
(25, 'フランク・リベリ', 8, 10, '1983.04.07', 'FW', '0', '2019-05-17 15:05:00', '2019-05-17 15:05:00'),
(26, 'カリム・ベンゼマ', 8, 7, '1987.12.19', 'FW', '0', '2019-05-17 15:05:00', '2019-05-17 15:05:00'),
(27, 'キリアン・ムバッペ', 8, 3, '1998.12.20', 'FW', '0', '2019-05-17 15:05:00', '2019-05-17 15:05:00'),
(28, 'アントワーヌ・グリエーズマン', 8, 13, '1991.03.21', 'FW', '0', '2019-05-17 15:05:00', '2019-05-17 15:05:00'),
(29, 'ティボー・クルトワ', 9, 7, '1992.05.11', 'GK', '0', '2019-05-17 15:05:00', '2019-05-17 15:05:00'),
(30, 'ビンセント・コンパニ', 9, 1, '1986.04.10', 'DF', '0', '2019-05-17 15:05:00', '2019-05-17 15:05:00'),
(31, 'ヤン・フェルトンゲン', 9, 5, '1987.04.24', 'DF', '0', '2019-05-17 15:05:00', '2019-05-17 15:05:00'),
(32, 'ケビン・デ・ブルイネ', 9, 1, '1991.06.28', 'MF', '0', '2019-05-17 15:05:00', '2019-05-17 15:05:00'),
(33, 'エデン・アザール', 9, 14, '1991.01.07', 'FW', '0', '2019-05-17 15:05:00', '2019-05-17 15:05:00'),
(34, 'ロメル・ルカク', 9, 8, '1993.05.13', 'FW', '0', '2019-05-17 15:05:00', '2019-05-17 15:05:00'),
(35, 'ドリース・メルテンス', 9, 15, '1987.05.06', 'FW', '0', '2019-05-17 15:05:00', '2019-05-17 15:05:00'),
(36, 'ベルナルド・シウバ', 10, 1, '1994.08.10', 'MF', '0', '2019-05-17 15:05:00', '2019-05-17 15:05:00'),
(37, 'クリスティアーノ・ロナウド', 10, 4, '1985.02.05', 'FW', '0', '2019-05-17 15:05:00', '2019-05-17 15:05:00'),
(38, 'ソン・フンミン', 11, 5, '1992.07.08', 'FW', '0', '2019-05-17 15:05:00', '2019-05-17 15:05:00'),
(39, '長友佑都', 12, 16, '1986.09.12', 'DF', '0', '2019-05-17 15:05:00', '2019-05-17 15:05:00'),
(40, '長谷部誠', 12, 17, '1984.01.18', 'MF', '0', '2019-05-17 15:05:00', '2019-05-17 15:05:00'),
(41, '香川真司', 12, 18, '1989.03.17', 'MF', '0', '2019-05-17 15:05:00', '2019-05-17 15:05:00'),
(42, '本田圭佑', 12, 19, '1986.06.13', 'MF', '0', '2019-05-17 15:05:00', '2019-05-17 15:05:00'),
(43, '大迫勇也', 12, 20, '1990.05.18', 'FW', '0', '2019-05-17 15:05:00', '2019-05-17 15:05:00'),
(44, 'ルイス・スアレス', 13, 2, '1987.01.24', 'FW', '0', '2019-05-17 15:05:00', '2019-05-17 15:05:00'),
(45, 'エジソン・カバーニ', 13, 3, '1987.02.14', 'FW', '0', '2019-05-17 15:05:00', '2019-05-17 15:05:00'),
(46, 'マルセロ', 14, 7, '1988.05.12', 'DF', '0', '2019-05-17 15:05:00', '2019-05-17 15:05:00'),
(47, 'ウィリアン', 14, 14, '1988.08.09', 'MF', '0', '2019-05-17 15:05:00', '2019-05-17 15:05:00'),
(48, 'コウチーニョ', 14, 2, '1992.06.12', 'FW', '0', '2019-05-17 15:05:00', '2019-05-17 15:05:00'),
(49, 'ネイマール', 14, 3, '1992.02.05', 'FW', '0', '2019-05-17 15:05:00', '2019-05-17 15:05:00'),
(50, 'サディオ・マネ', 15, 6, '1992.04.10', 'FW', '0', '2019-05-17 15:05:00', '2019-05-17 15:05:00'),
(53, 'レナト・サンチェス', 0, 0, '', '', '1', '2019-06-18 11:28:40', '2019-06-18 11:28:40'),
(54, 'レナト・サンチェス', 0, 0, '', '', '1', '2019-06-18 11:41:36', '2019-06-18 11:41:36');

-- --------------------------------------------------------

--
-- テーブルの構造 `prefecture_minami`
--

CREATE TABLE `prefecture_minami` (
  `id` int(10) NOT NULL,
  `prefecture` varchar(100) DEFAULT NULL,
  `del_flg` varchar(1) DEFAULT NULL,
  `create_date` datetime NOT NULL,
  `update_date` datetime NOT NULL
) ENGINE=InnoDB DEFAULT CHARSET=utf8;

--
-- テーブルのデータのダンプ `prefecture_minami`
--

INSERT INTO `prefecture_minami` (`id`, `prefecture`, `del_flg`, `create_date`, `update_date`) VALUES
(0, NULL, '0', '2019-05-16 00:00:00', '2019-05-16 00:00:00'),
(1, '北海道', '0', '2019-05-16 00:00:00', '2019-05-16 00:00:00'),
(2, '青森', '0', '2019-05-16 00:00:00', '2019-05-16 00:00:00'),
(3, '岩手', '0', '2019-05-16 00:00:00', '2019-05-16 00:00:00'),
(4, '宮城', '0', '2019-05-16 00:00:00', '2019-05-16 00:00:00'),
(5, '山形', '0', '2019-05-16 00:00:00', '2019-05-16 00:00:00'),
(6, '福島', '0', '2019-05-16 00:00:00', '2019-05-16 00:00:00'),
(7, '茨城', '0', '2019-05-16 00:00:00', '2019-05-16 00:00:00'),
(8, '栃木', '0', '2019-05-16 00:00:00', '2019-05-16 00:00:00'),
(9, '群馬', '0', '2019-05-16 00:00:00', '2019-05-16 00:00:00'),
(10, '埼玉', '0', '2019-05-16 00:00:00', '2019-05-16 00:00:00'),
(11, '千葉', '0', '2019-05-16 00:00:00', '2019-05-16 00:00:00'),
(12, '東京', '0', '2019-05-16 00:00:00', '2019-05-16 00:00:00'),
(13, '神奈川', '0', '2019-05-16 00:00:00', '2019-05-16 00:00:00'),
(14, '山梨', '0', '2019-05-16 00:00:00', '2019-05-16 00:00:00'),
(15, '長野', '0', '2019-05-16 00:00:00', '2019-05-16 00:00:00'),
(16, '富山', '0', '2019-05-16 00:00:00', '2019-05-16 00:00:00'),
(17, '石川', '0', '2019-05-16 00:00:00', '2019-05-16 00:00:00'),
(18, '福井', '0', '2019-05-16 00:00:00', '2019-05-16 00:00:00'),
(19, '岐阜', '0', '2019-05-16 00:00:00', '2019-05-16 00:00:00'),
(20, '静岡', '0', '2019-05-16 00:00:00', '2019-05-16 00:00:00'),
(21, '愛知', '0', '2019-05-16 00:00:00', '2019-05-16 00:00:00'),
(22, '三重', '0', '2019-05-16 00:00:00', '2019-05-16 00:00:00'),
(23, '滋賀', '0', '2019-05-16 00:00:00', '2019-05-16 00:00:00'),
(24, '京都', '0', '2019-05-16 00:00:00', '2019-05-16 00:00:00'),
(25, '大阪', '0', '2019-05-16 00:00:00', '2019-05-16 00:00:00'),
(26, '兵庫', '0', '2019-05-16 00:00:00', '2019-05-16 00:00:00'),
(27, '奈良', '0', '2019-05-16 00:00:00', '2019-05-16 00:00:00'),
(28, '和歌山', '0', '2019-05-16 00:00:00', '2019-05-16 00:00:00'),
(29, '鳥取', '0', '2019-05-16 00:00:00', '2019-05-16 00:00:00'),
(30, '島根', '0', '2019-05-16 00:00:00', '2019-05-16 00:00:00'),
(31, '岡山', '0', '2019-05-16 00:00:00', '2019-05-16 00:00:00'),
(32, '広島', '0', '2019-05-16 00:00:00', '2019-05-16 00:00:00'),
(33, '山口', '0', '2019-05-16 00:00:00', '2019-05-16 00:00:00'),
(34, '徳島', '0', '2019-05-16 00:00:00', '2019-05-16 00:00:00'),
(35, '香川', '0', '2019-05-16 00:00:00', '2019-05-16 00:00:00'),
(36, '愛媛', '0', '2019-05-16 00:00:00', '2019-05-16 00:00:00'),
(37, '高知', '0', '2019-05-16 00:00:00', '2019-05-16 00:00:00'),
(38, '福岡', '0', '2019-05-16 00:00:00', '2019-05-16 00:00:00'),
(39, '佐賀', '0', '2019-05-16 00:00:00', '2019-05-16 00:00:00'),
(40, '長崎', '0', '2019-05-16 00:00:00', '2019-05-16 00:00:00'),
(41, '熊本', '0', '2019-05-16 00:00:00', '2019-05-16 00:00:00'),
(42, '大分', '0', '2019-05-16 00:00:00', '2019-05-16 00:00:00'),
(43, '宮崎', '0', '2019-05-16 00:00:00', '2019-05-16 00:00:00'),
(44, '鹿児島', '0', '2019-05-16 00:00:00', '2019-05-16 00:00:00'),
(45, '沖縄', '0', '2019-05-16 00:00:00', '2019-05-16 00:00:00');

-- --------------------------------------------------------

--
-- テーブルの構造 `price_kurimoto`
--

CREATE TABLE `price_kurimoto` (
  `id` int(11) NOT NULL,
  `price_name` varchar(11) DEFAULT NULL,
  `del_flg` varchar(1) DEFAULT NULL,
  `create_date` datetime NOT NULL,
  `update_date` datetime NOT NULL
) ENGINE=InnoDB DEFAULT CHARSET=utf8;

--
-- テーブルのデータのダンプ `price_kurimoto`
--

INSERT INTO `price_kurimoto` (`id`, `price_name`, `del_flg`, `create_date`, `update_date`) VALUES
(0, NULL, '0', '2019-08-09 00:00:00', '2019-08-09 00:00:00'),
(1, '給料日前', '0', '2019-08-09 00:00:00', '2019-08-09 00:00:00'),
(2, 'お財布安心', '0', '2019-08-09 00:00:00', '2019-08-09 00:00:00'),
(3, '金銭的余裕', '0', '2019-08-09 00:00:00', '2019-08-09 00:00:00'),
(4, '贅沢三昧', '0', '2019-08-09 00:00:00', '2019-08-09 00:00:00');

-- --------------------------------------------------------

--
-- テーブルの構造 `quality_okabe`
--

CREATE TABLE `quality_okabe` (
  `id` int(11) NOT NULL,
  `quality` varchar(50) DEFAULT NULL,
  `del_flg` varchar(1) DEFAULT NULL,
  `create_date` datetime DEFAULT NULL,
  `update_date` datetime DEFAULT NULL
) ENGINE=InnoDB DEFAULT CHARSET=utf8;

--
-- テーブルのデータのダンプ `quality_okabe`
--

INSERT INTO `quality_okabe` (`id`, `quality`, `del_flg`, `create_date`, `update_date`) VALUES
(0, NULL, '0', '2019-05-16 00:00:00', '2019-05-16 00:00:00'),
(1, '単純温泉', '0', '2019-05-16 00:00:00', '2019-05-16 00:00:00'),
(2, '二酸化炭素泉', '0', '2019-05-16 00:00:00', '2019-05-16 00:00:00'),
(3, '炭酸水素泉', '0', '2019-05-16 00:00:00', '2019-05-16 00:00:00'),
(4, '塩化物泉', '0', '2019-05-16 00:00:00', '2019-05-16 00:00:00'),
(5, '硫酸塩泉', '0', '2019-05-16 00:00:00', '2019-05-16 00:00:00'),
(6, '含鉄泉', '0', '2019-05-16 00:00:00', '2019-05-16 00:00:00'),
(7, '含アルミニウム泉', '0', '2019-05-16 00:00:00', '2019-05-16 00:00:00'),
(8, '硫黄泉', '0', '2019-05-16 00:00:00', '2019-05-16 00:00:00'),
(9, '酸性泉', '0', '2019-05-16 00:00:00', '2019-05-16 00:00:00'),
(10, '放射能泉', '0', '2019-05-16 00:00:00', '2019-05-16 00:00:00'),
(11, '混合', '0', '2019-05-16 00:00:00', '2019-05-16 00:00:00');

-- --------------------------------------------------------

--
-- テーブルの構造 `residents_main_uriu`
--

CREATE TABLE `residents_main_uriu` (
  `id` int(11) NOT NULL,
  `name` varchar(256) NOT NULL,
  `type_id` int(11) DEFAULT NULL,
  `animal_id` int(11) DEFAULT NULL,
  `phrase` varchar(256) DEFAULT NULL,
  `motto` varchar(256) DEFAULT NULL,
  `birthday` varchar(256) DEFAULT NULL,
  `image` varchar(256) DEFAULT NULL,
  `del_flg` varchar(1) DEFAULT NULL,
  `create_date` datetime NOT NULL,
  `update_date` datetime NOT NULL
) ENGINE=InnoDB DEFAULT CHARSET=utf8;

--
-- テーブルのデータのダンプ `residents_main_uriu`
--

INSERT INTO `residents_main_uriu` (`id`, `name`, `type_id`, `animal_id`, `phrase`, `motto`, `birthday`, `image`, `del_flg`, `create_date`, `update_date`) VALUES
(1, 'たぬきち', NULL, NULL, 'だなも', 'あきんどは損していつか倉がたつ', '6/13', 'tanukichi.gif', '0', '2019-08-07 00:00:00', '2019-08-23 09:09:03'),
(2, 'とたけけ', NULL, NULL, NULL, 'けけも歩けば棒に当たる', '4/2', '/residentsUriu/totakeke.gif', '0', '2019-08-07 00:00:00', '2019-08-07 00:00:00'),
(3, 'みしらぬネコ', NULL, NULL, NULL, '猫に鰹節', '7/19', '/residentsUriu/mishiranuneko.gif', '0', '2019-08-07 00:00:00', '2019-08-07 00:00:00'),
(4, 'えきいんさん', NULL, NULL, NULL, '去る者は追わず', '2/20', '/residentsUriu/ekiinsan.gif', '0', '2019-08-07 00:00:00', '2019-08-07 00:00:00'),
(5, 'ぺりこ', NULL, NULL, NULL, '当日の消印は有効', '11/14', '/residentsUriu/periko.gif', '0', '2019-08-07 00:00:00', '2019-08-07 00:00:00'),
(6, 'ぺりお', NULL, NULL, NULL, '会えないときは手紙で話そう', '11/3', '/residentsUriu/perio.gif', '0', '2019-08-07 00:00:00', '2019-08-07 00:00:00'),
(7, 'つねきち', NULL, NULL, NULL, '生き馬の目を抜く', '10/14', '/residentsUriu/tsunekichi.gif', '0', '2019-08-07 00:00:00', '2019-08-07 00:00:00'),
(8, 'ラッキー', 1, 1, 'らしいよ', '賭けには幸運、恋には不運', '1/8', '/residentsUriu/rakkii.gif', '0', '2019-08-07 00:00:00', '2019-08-07 00:00:00'),
(9, 'キャラメル', 5, 1, 'ワン', '中くらいの幸せが一番良い', '5/11', '/residentsUriu/kyarameru.gif', '0', '2019-08-07 00:00:00', '2019-08-07 00:00:00'),
(10, 'ベーグル', 5, 1, 'グー', 'ヒゲのない夫にヒゲのある妻', '10/11', '/residentsUriu/beeguru.gif', '0', '2019-08-07 00:00:00', '2019-08-07 00:00:00'),
(11, 'たま', 6, 2, 'ふんっ', '起きて半畳、寝て一畳', '6/12', '/residentsUriu/tama.gif', '0', '2019-08-07 00:00:00', '2019-08-07 00:00:00'),
(12, 'キャビア', 5, 2, 'だニ', '女心は猫の目', '10/4', '/residentsUriu/kyabia.gif', '0', '2019-08-07 00:00:00', '2019-08-07 00:00:00'),
(13, 'ブーケ', 4, 2, 'チェキ', '美貌は結婚まで、知恵は死ぬまで', '8/14', '/residentsUriu/buuke.gif', '0', '2019-08-07 00:00:00', '2019-08-07 00:00:00'),
(14, 'カルピ', 4, 3, 'だモー', '言わぬ事は聞こえぬ', '5/24', '/residentsUriu/karupi.gif', '0', '2019-08-07 00:00:00', '2019-08-07 00:00:00'),
(15, 'マーサ', 4, 4, 'ラン', '親しき仲にも礼儀あり', '11/9', '/residentsUriu/maasa.gif', '0', '2019-08-07 00:00:00', '2019-08-07 00:00:00'),
(16, 'モモチ', 2, 4, 'ニンニン', '忍びざるの心', '1/7', '/residentsUriu/momochi.gif', '0', '2019-08-07 00:00:00', '2019-08-07 00:00:00'),
(17, 'リリアン', 4, 4, 'みたいな', '可愛い子には旅をさせよ', '5/23', '/residentsUriu/ririan.gif', '0', '2019-08-07 00:00:00', '2019-08-07 00:00:00'),
(18, 'レイニー', 5, 5, 'でちゅ', '雨ふって地固まる', '7/22', '/residentsUriu/reinii.gif', '0', '2019-08-07 00:00:00', '2019-08-07 00:00:00'),
(19, 'クワトロ', 1, 5, 'にゃむ', 'カエルのいない池の水はよくない', '12/8', '/residentsUriu/kuwatoro.gif', '0', '2019-08-07 00:00:00', '2019-08-07 00:00:00'),
(20, 'ピース', 2, 6, 'チュー', '目で目は見えぬ', '12/5', '/residentsUriu/piisu.gif', '0', '2019-08-07 00:00:00', '2019-08-07 00:00:00'),
(21, 'とめ', 5, 6, 'だべ', '無い時のしんぼうある時のけんやく', '8/5', '/residentsUriu/tome.gif', '0', '2019-08-07 00:00:00', '2019-08-07 00:00:00'),
(22, 'ロボ', 3, 7, 'のな', '見えてる村へは案内無用', '1/29', '/residentsUriu/robo.gif', '0', '2019-08-07 00:00:00', '2019-08-07 00:00:00'),
(23, 'ツンドラ', 6, 7, 'なのだわ', '香りは人を酔わせる', '4/28', '/residentsUriu/tsundora.gif', '0', '2019-08-07 00:00:00', '2019-08-07 00:00:00'),
(24, 'タンタン', 4, 8, 'わぉ', '熱烈歓迎', '6/27', '/residentsUriu/tantan.gif', '0', '2019-08-07 00:00:00', '2019-08-07 00:00:00'),
(25, 'チャウヤン', 3, 8, 'アルヨ', 'チリも積もれば山となる', '12/22', '/residentsUriu/chauyan.gif', '0', '2019-08-07 00:00:00', '2019-08-07 00:00:00'),
(26, 'クロー', 3, 8, 'ワォー', '若いときの苦労は買うてもせよ', '10/19', '/residentsUriu/kuroo.gif', '0', '2019-08-07 00:00:00', '2019-08-07 00:00:00'),
(27, 'メリヤス', 5, 9, 'なのね', '羊をなくしてから庭にサク', '2/19', '/residentsUriu/meriyasu.gif', '0', '2019-08-07 00:00:00', '2019-08-07 00:00:00'),
(28, 'のりっぺ', 4, 10, 'だッピ', 'やせの大食い', '7/29', '/residentsUriu/norippe.gif', '0', '2019-08-07 00:00:00', '2019-08-07 00:00:00'),
(29, 'ピータン', 2, 10, 'だね', 'アヒルに山の芋', '7/19', '/residentsUriu/piitan.gif', '0', '2019-08-07 00:00:00', '2019-08-07 00:00:00'),
(30, 'アンデス', 6, 11, 'カラカラ', '同じ羽色の鳥は集まる', '1/23', '/residentsUriu/andes.gif', '0', '2019-08-07 00:00:00', '2019-08-07 00:00:00'),
(31, 'アポロ', 3, 11, 'だワイ', '能ある鷹は爪を隠す', '12/4', '/residentsUriu/aporo.gif', '0', '2019-08-07 00:00:00', '2019-08-07 00:00:00'),
(32, 'ビス', 1, 12, 'ペンペン', 'ネジが緩む', '5/8', '/residentsUriu/bisu.gif', '0', '2019-08-07 00:00:00', '2019-08-07 00:00:00'),
(33, 'オーロラ', 5, 12, 'だジョー', '渡る世間に鬼は無い', '5/6', '/residentsUriu/orora.gif', '0', '2019-08-07 00:00:00', '2019-08-07 00:00:00'),
(34, 'ももこ', 4, 13, 'なのよ', '桃栗3年柿8年', '8/30', '/residentsUriu/momoko.gif', '0', '2019-08-07 00:00:00', '2019-08-07 00:00:00'),
(35, 'ララミー', 5, 13, 'ったら', '読書をしない者は目がないに等しい', '9/10', '/residentsUriu/raramii.gif', '0', '2019-08-07 00:00:00', '2019-08-07 00:00:00'),
(36, 'リッキー', 1, 13, 'でしゅ', '赤子のからわらい', '8/25', '/residentsUriu/rikkii.gif', '0', '2019-08-07 00:00:00', '2019-08-07 00:00:00'),
(37, 'レベッカ', 6, 13, 'つんっ', '絵を見ておのれを知る', '6/28', '/residentsUriu/rebekka.gif', '0', '2019-08-07 00:00:00', '2019-08-07 00:00:00'),
(38, 'ミント', 6, 13, 'うっふん', '色とりどりの世界', '5/16', '/residentsUriu/minto.gif', '0', '2019-08-07 00:00:00', '2019-08-07 00:00:00'),
(39, 'シルエット', 6, 13, 'ふふん', '女心と南風', '12/3', '/residentsUriu/shiruetto.gif', '0', '2019-08-07 00:00:00', '2019-08-07 00:00:00'),
(40, 'スパーク', 3, 13, 'ピカッ', '刺激のある人生を', '12/9', '/residentsUriu/supaku.gif', '0', '2019-08-07 00:00:00', '2019-08-07 00:00:00'),
(41, 'シドニー', 5, 14, 'だコアラ', '朝焼けは雨、夕焼けは晴れ', '9/12', '/residentsUriu/shidoni.gif', '0', '2019-08-07 00:00:00', '2019-08-07 00:00:00'),
(42, 'ユーカリ', 6, 14, 'アラ', '食わず嫌い', '12/20', '/residentsUriu/yuukari.gif', '0', '2019-08-07 00:00:00', '2019-08-07 00:00:00'),
(43, 'オパール', 6, 15, 'ヨン', '象に乗ってバッタ取り', '4/29', '/residentsUriu/oparu.gif', '0', '2019-08-07 00:00:00', '2019-08-07 00:00:00'),
(44, 'エレフィン', 6, 15, 'ルン', '終わり良ければすべて良し', '4/22', '/residentsUriu/elefin.gif', '0', '2019-08-07 00:00:00', '2019-08-07 00:00:00'),
(45, 'ツバクロ', 2, 16, 'でおます', '出たとこ勝負', '12/17', '/residentsUriu/tsubakuro.gif', '0', '2019-08-07 00:00:00', '2019-08-07 00:00:00'),
(46, 'うずまき', 5, 16, 'キョン', 'あばたもエクボ', '11/7', '/residentsUriu/uzumaki.gif', '0', '2019-08-07 00:00:00', '2019-08-07 00:00:00'),
(47, 'ポンチョ', 2, 17, 'モン', 'どんぶり勘定', '4/11', '/residentsUriu/poncho.gif', '0', '2019-08-07 00:00:00', '2019-08-07 00:00:00'),
(48, 'グルミン', 4, 17, 'キュン', 'ヤマガラのくるみ回す', '9/15', '/residentsUriu/gurumin.gif', '0', '2019-08-07 00:00:00', '2019-08-07 00:00:00'),
(49, 'メープル', 5, 17, 'だベア', 'クマも腹減りゃ踊れない', '9/6', '/residentsUriu/meepuru.gif', '0', '2019-08-07 00:00:00', '2019-08-07 00:00:00'),
(52, 'てすと２', 1, 5, 'てすと', 'てすと\r\n', '8/21', 'kuwatoro.gif', '1', '2019-08-21 16:31:09', '2019-08-21 16:31:09');

-- --------------------------------------------------------

--
-- テーブルの構造 `resipe_main_ishikawa`
--

CREATE TABLE `resipe_main_ishikawa` (
  `id` int(11) DEFAULT NULL,
  `resipe_title` varchar(256) DEFAULT NULL,
  `resipe_title2` varchar(256) DEFAULT NULL,
  `vegetable_id1` int(11) DEFAULT NULL,
  `vegetable_id2` int(11) DEFAULT NULL,
  `genre_id` int(11) DEFAULT NULL,
  `cook_time` int(3) DEFAULT NULL,
  `del_flg` varchar(1) DEFAULT NULL,
  `create_date` datetime DEFAULT NULL,
  `update_date` datetime DEFAULT NULL
) ENGINE=InnoDB DEFAULT CHARSET=utf8;

--
-- テーブルのデータのダンプ `resipe_main_ishikawa`
--

INSERT INTO `resipe_main_ishikawa` (`id`, `resipe_title`, `resipe_title2`, `vegetable_id1`, `vegetable_id2`, `genre_id`, `cook_time`, `del_flg`, `create_date`, `update_date`) VALUES
(1, 'カレー', 'かれー', 1, 2, 1, 40, '0', '2018-10-10 00:00:00', '2018-10-10 00:00:00'),
(2, 'クリームシチュー', 'くりーむしちゅー', 1, 2, 1, 40, '0', '2018-10-10 00:00:00', '2018-10-10 00:00:00'),
(3, '肉じゃが', 'にくじゃが', 1, 2, 1, 40, '0', '2018-10-10 00:00:00', '2018-10-10 00:00:00'),
(4, 'ロールキャベツ', 'ろーるきゃべつ', 3, 4, 2, 50, '0', '2018-10-10 00:00:00', '2018-10-10 00:00:00'),
(5, 'ポトフ', 'ぽとふ', 2, 3, 3, 30, '0', '2018-10-10 00:00:00', '2018-10-10 00:00:00'),
(6, '白菜ミルフィーユ', 'はくさいみるふぃーゆ', 5, 0, 2, 25, '0', '2018-10-10 00:00:00', '2018-10-10 00:00:00'),
(7, '酢豚', 'すぶた', 1, 3, 2, 15, '0', '2018-10-10 00:00:00', '2018-10-10 00:00:00'),
(8, '夏野菜グラタン', 'なつやさいぐらたん', 7, 8, 3, 15, '0', '2018-10-10 00:00:00', '2018-10-10 00:00:00'),
(9, 'みぞれ鍋', 'みぞれなべ', 5, 11, 2, 20, '0', '2018-10-10 00:00:00', '2018-10-10 00:00:00'),
(10, 'きんぴら', 'きんぴら', 1, 10, 3, 20, '0', '2018-10-10 00:00:00', '2018-10-10 00:00:00'),
(11, 'ピーマンの肉詰め', 'ぴーまんのにくづめ', 3, 6, 2, 20, '0', '2018-10-10 00:00:00', '2018-10-10 00:00:00'),
(12, 'ハンバーグ', 'はんばーぐ', 3, 0, 2, 20, '0', '2018-10-10 00:00:00', '2018-10-10 00:00:00'),
(13, '親子丼', 'おやこどん', 3, 0, 1, 15, '0', '2018-10-10 00:00:00', '2018-10-10 00:00:00'),
(14, '筍ごはん', 'たけのこごはん', 12, 0, 1, 90, '0', '2018-10-10 00:00:00', '2018-10-10 00:00:00'),
(15, '牛丼', 'ぎゅうどん', 3, 0, 1, 15, '0', '2018-10-10 00:00:00', '2018-10-10 00:00:00'),
(16, 'かぼちゃの煮物', 'かぼちゃのにもの', 9, 0, 3, 25, '0', '2018-10-10 00:00:00', '2018-10-10 00:00:00'),
(17, '豚汁', 'とんじる', 1, 3, 3, 20, '0', '2018-10-10 00:00:00', '2018-10-10 00:00:00'),
(18, '栗ご飯', 'くりごはん', 13, 0, 1, 90, '0', '2018-10-10 00:00:00', '2018-10-10 00:00:00'),
(19, 'ポテトサラダ', 'ぽてとさらだ', 2, 3, 3, 15, '0', '2018-10-10 00:00:00', '2018-10-10 00:00:00'),
(20, 'ナポリタン', 'なぽりたん', 6, 8, 1, 15, '0', '2018-10-10 00:00:00', '2018-10-10 00:00:00'),
(21, 'ラタトュユ', 'らたとぃゆ', 7, 8, 3, 40, '0', '2018-10-10 00:00:00', '2018-10-10 00:00:00'),
(22, 'ビシソワーズ', 'びしそわーず', 2, 0, 3, 20, '0', '2018-10-10 00:00:00', '2018-10-10 00:00:00'),
(23, 'トマト煮', 'とまとに', 3, 7, 3, 20, '0', '2018-10-10 00:00:00', '2018-10-10 00:00:00'),
(24, 'ポモドーロ', 'ぽもどーろ', 7, 8, 1, 15, '0', '2018-10-10 00:00:00', '2018-10-10 00:00:00');

-- --------------------------------------------------------

--
-- テーブルの構造 `ringo_cd_title_takizawa`
--

CREATE TABLE `ringo_cd_title_takizawa` (
  `id` int(11) NOT NULL,
  `cd_title` varchar(256) DEFAULT NULL,
  `del_flg` varchar(1) DEFAULT NULL,
  `create_date` datetime NOT NULL,
  `update_date` datetime NOT NULL
) ENGINE=InnoDB DEFAULT CHARSET=utf8;

--
-- テーブルのデータのダンプ `ringo_cd_title_takizawa`
--

INSERT INTO `ringo_cd_title_takizawa` (`id`, `cd_title`, `del_flg`, `create_date`, `update_date`) VALUES
(0, NULL, '0', '2019-08-14 00:00:00', '2019-08-14 00:00:00'),
(1, '幸福論', '0', '2019-08-14 00:00:00', '2019-08-14 00:00:00'),
(2, '歌舞伎町の女王', '0', '2019-08-14 00:00:00', '2019-08-14 00:00:00'),
(3, 'ここでキスして。', '0', '2019-08-14 00:00:00', '2019-08-14 00:00:00'),
(4, '無罪モラトリアム', '0', '2019-08-14 00:00:00', '2019-08-14 00:00:00'),
(5, '本能', '0', '2019-08-14 00:00:00', '2019-08-14 00:00:00'),
(6, 'ギブス', '0', '2019-08-14 00:00:00', '2019-08-14 00:00:00'),
(7, '罪と罰', '0', '2019-08-14 00:00:00', '2019-08-14 00:00:00'),
(8, '勝訴ストリップ', '0', '2019-08-14 00:00:00', '2019-08-14 00:00:00'),
(9, '真夜中は純潔', '0', '2019-08-14 00:00:00', '2019-08-14 00:00:00'),
(10, '唄ひ手冥利〜其ノ壱〜', '0', '2019-08-14 00:00:00', '2019-08-14 00:00:00'),
(11, '茎 (STEM) 〜大名遊ビ編〜', '0', '2019-08-14 00:00:00', '2019-08-14 00:00:00'),
(12, '加爾基 精液 栗ノ花', '0', '2019-08-14 00:00:00', '2019-08-14 00:00:00'),
(13, 'りんごのうた', '0', '2019-08-14 00:00:00', '2019-08-14 00:00:00'),
(14, 'この世の限り', '0', '2019-08-14 00:00:00', '2019-08-14 00:00:00'),
(15, 'ありあまる富', '0', '2019-08-14 00:00:00', '2019-08-14 00:00:00'),
(16, 'カーネーション', '0', '2019-08-14 00:00:00', '2019-08-14 00:00:00'),
(17, 'いろひにほへと/孤独のあかつき', '0', '2019-08-14 00:00:00', '2019-08-14 00:00:00'),
(18, 'NIPPON', '0', '2019-08-14 00:00:00', '2019-08-14 00:00:00'),
(19, '至上の人生', '0', '2019-08-14 00:00:00', '2019-08-14 00:00:00'),
(20, '長く短い祭/神様、仏様', '0', '2019-08-14 00:00:00', '2019-08-14 00:00:00'),
(21, '平成風俗', '0', '2019-08-14 00:00:00', '2019-08-14 00:00:00'),
(22, '私と放電', '0', '2019-08-14 00:00:00', '2019-08-14 00:00:00'),
(23, '三文ゴシップ', '0', '2019-08-14 00:00:00', '2019-08-14 00:00:00'),
(24, '浮き名', '0', '2019-08-14 00:00:00', '2019-08-14 00:00:00'),
(25, '蜜月抄', '0', '2019-08-14 00:00:00', '2019-08-14 00:00:00'),
(26, '逆輸入～港湾局～', '0', '2019-08-14 00:00:00', '2019-08-14 00:00:00'),
(27, '日出処', '0', '2019-08-14 00:00:00', '2019-08-14 00:00:00'),
(28, '逆輸入～航空局～', '0', '2019-08-14 00:00:00', '2019-08-14 00:00:00'),
(29, 'アダムとイブの林檎', '0', '2019-08-14 00:00:00', '2019-08-14 00:00:00'),
(30, '三毒史', '0', '2019-08-14 00:00:00', '2019-08-14 00:00:00');

-- --------------------------------------------------------

--
-- テーブルの構造 `ringo_main_takizawa`
--

CREATE TABLE `ringo_main_takizawa` (
  `id` int(11) NOT NULL,
  `song_title` varchar(256) NOT NULL,
  `cd_title_id` int(11) DEFAULT NULL,
  `release_year` int(4) DEFAULT NULL,
  `song_image_id` int(11) DEFAULT NULL,
  `del_flg` varchar(1) DEFAULT NULL,
  `create_date` datetime NOT NULL,
  `update_date` datetime NOT NULL
) ENGINE=InnoDB DEFAULT CHARSET=utf8;

--
-- テーブルのデータのダンプ `ringo_main_takizawa`
--

INSERT INTO `ringo_main_takizawa` (`id`, `song_title`, `cd_title_id`, `release_year`, `song_image_id`, `del_flg`, `create_date`, `update_date`) VALUES
(1, '幸福論', 1, 1998, 1, '0', '2019-08-14 00:00:00', '2019-08-14 00:00:00'),
(2, 'すべりだい', 1, 1998, 2, '0', '2019-08-14 00:00:00', '2019-08-14 00:00:00'),
(3, '時が暴走する', 1, 1998, 3, '0', '2019-08-14 00:00:00', '2019-08-14 00:00:00'),
(4, '歌舞伎町の女王', 2, 1998, 4, '0', '2019-08-14 00:00:00', '2019-08-14 00:00:00'),
(5, 'ここでキスして。', 3, 1999, 1, '0', '2019-08-14 00:00:00', '2019-08-14 00:00:00'),
(6, '正しい街', 4, 1999, 2, '0', '2019-08-14 00:00:00', '2019-08-14 00:00:00'),
(7, '丸の内サディスティック', 4, 1999, 4, '0', '2019-08-14 00:00:00', '2019-08-14 00:00:00'),
(8, '幸福論（悦楽編）', 4, 1999, 3, '0', '2019-08-14 00:00:00', '2019-08-14 00:00:00'),
(9, '茜さす帰路照らされど…', 4, 1999, 2, '0', '2019-08-14 00:00:00', '2019-08-14 00:00:00'),
(10, 'シドと白昼夢', 4, 1999, 1, '0', '2019-08-14 00:00:00', '2019-08-14 00:00:00'),
(11, '積木遊び', 4, 1999, 4, '0', '2019-08-14 00:00:00', '2019-08-14 00:00:00'),
(12, '同じ夜', 4, 1999, 2, '0', '2019-08-14 00:00:00', '2019-08-14 00:00:00'),
(13, '警告', 4, 1999, 3, '0', '2019-08-14 00:00:00', '2019-08-14 00:00:00'),
(14, 'モルヒネ', 4, 1999, 1, '0', '2019-08-14 00:00:00', '2019-08-14 00:00:00'),
(15, '本能', 5, 1999, 3, '0', '2019-08-14 00:00:00', '2019-08-14 00:00:00'),
(16, 'あおぞら', 5, 1999, 1, '0', '2019-08-14 00:00:00', '2019-08-14 00:00:00'),
(17, '輪廻ハイライト', 5, 1999, 4, '0', '2019-08-14 00:00:00', '2019-08-14 00:00:00'),
(18, 'ギブス', 6, 2000, 2, '0', '2019-08-14 00:00:00', '2019-08-14 00:00:00'),
(19, '罪と罰', 7, 2000, 3, '0', '2019-08-14 00:00:00', '2019-08-14 00:00:00'),
(20, '君ノ瞳ニ恋シテル', 7, 2000, 3, '0', '2019-08-14 00:00:00', '2019-08-14 00:00:00'),
(21, '17', 7, 2000, 2, '0', '2019-08-14 00:00:00', '2019-08-14 00:00:00'),
(22, '虚言症', 8, 2000, 2, '0', '2019-08-14 00:00:00', '2019-08-14 00:00:00'),
(23, '浴室', 8, 2000, 3, '0', '2019-08-14 00:00:00', '2019-08-14 00:00:00'),
(24, '弁解ドビュッシー', 8, 2000, 3, '0', '2019-08-14 00:00:00', '2019-08-14 00:00:00'),
(25, '闇に降る雨', 8, 2000, 2, '0', '2019-08-14 00:00:00', '2019-08-14 00:00:00'),
(26, 'アイデンティティ', 8, 2000, 3, '0', '2019-08-14 00:00:00', '2019-08-14 00:00:00'),
(27, 'ストイシズム', 8, 2000, 1, '0', '2019-08-14 00:00:00', '2019-08-14 00:00:00'),
(28, '月に負け犬', 8, 2000, 2, '0', '2019-08-14 00:00:00', '2019-08-14 00:00:00'),
(29, 'サカナ', 8, 2000, 4, '0', '2019-08-14 00:00:00', '2019-08-14 00:00:00'),
(30, '病床パブリック', 8, 2000, 3, '0', '2019-08-14 00:00:00', '2019-08-14 00:00:00'),
(31, '依存症', 8, 2000, 2, '0', '2019-08-14 00:00:00', '2019-08-26 11:20:20'),
(32, '獣ゆく細道', 30, 2018, 4, '1', '2019-08-26 10:30:38', '2019-08-26 10:30:57');

-- --------------------------------------------------------

--
-- テーブルの構造 `ringo_song_image_takizawa`
--

CREATE TABLE `ringo_song_image_takizawa` (
  `id` int(11) NOT NULL,
  `song_image` varchar(256) DEFAULT NULL,
  `del_flg` varchar(1) DEFAULT NULL,
  `create_date` datetime NOT NULL,
  `update_date` datetime NOT NULL
) ENGINE=InnoDB DEFAULT CHARSET=utf8;

--
-- テーブルのデータのダンプ `ringo_song_image_takizawa`
--

INSERT INTO `ringo_song_image_takizawa` (`id`, `song_image`, `del_flg`, `create_date`, `update_date`) VALUES
(0, NULL, '0', '2019-08-14 00:00:00', '2019-08-14 00:00:00'),
(1, 'ふわふわ', '0', '2019-08-14 00:00:00', '2019-08-14 00:00:00'),
(2, '感傷的', '0', '2019-08-14 00:00:00', '2019-08-14 00:00:00'),
(3, 'アドレナリン出したい', '0', '2019-08-14 00:00:00', '2019-08-14 00:00:00'),
(4, '高飛車', '0', '2019-08-14 00:00:00', '2019-08-14 00:00:00'),
(5, 'ミュージカルの主人公', '0', '2019-08-14 00:00:00', '2019-08-14 00:00:00');

-- --------------------------------------------------------

--
-- テーブルの構造 `ruins_main_kurihara`
--

CREATE TABLE `ruins_main_kurihara` (
  `id` int(11) NOT NULL,
  `ruins_name` varchar(256) NOT NULL,
  `genre_id` int(11) DEFAULT NULL,
  `area_id` int(11) DEFAULT NULL,
  `since` varchar(256) DEFAULT NULL,
  `backstory` varchar(256) DEFAULT NULL,
  `rem` varchar(256) DEFAULT NULL,
  `del_flg` int(11) DEFAULT NULL,
  `create_date` datetime NOT NULL,
  `update_date` datetime NOT NULL
) ENGINE=InnoDB DEFAULT CHARSET=utf8;

--
-- テーブルのデータのダンプ `ruins_main_kurihara`
--

INSERT INTO `ruins_main_kurihara` (`id`, `ruins_name`, `genre_id`, `area_id`, `since`, `backstory`, `rem`, `del_flg`, `create_date`, `update_date`) VALUES
(1, '端島炭鉱', 8, 10, '1970年代～', 'かつて明治から昭和にかけて海底炭鉱により栄えていた。最盛期は東京都以上の人口を有していた。炭鉱の閉山により人々が離れてゆき、無人島と化した。島全体が軍艦のような形をしているため、軍艦島とも呼ばれている。', '人気観光スポット。島丸ごと廃墟。', 0, '2019-05-08 00:00:00', '2019-05-08 00:00:00'),
(2, '甲賀ファミリーランド', 6, 7, '1985年～', '総面積は東京ドームの約26倍であり、当時は県内最大の遊園地として栄えており、県外からの来る人々も多かった。しかし、立地が悪く、経営難に陥ったため、1985年に閉鎖された。', '運営がゴルフ倶楽部であり、ゴルフ場に隣接している。広いのは広いが、スッカスカである。', 0, '2019-05-08 00:00:00', '2019-05-08 00:00:00'),
(3, '鬼怒川廃墟ホテル群', 6, 3, 'バブル崩壊後～', 'バブル時代には旅行先として温泉ホテルが人気だった。しかし、バブル崩壊やレジャー施設の多様化も相まって、温泉業界は大打撃を受けた。鬼怒川の温泉ホテル群も、その当時は巨大な温泉街として繁盛していたが、今では廃墟マニアしか寄り付かなくなっている。', 'ここに限った話ではないが、私有地であるため、勝手に侵入すると違法になる。地域のイメージにかかわるが、今のところ取り壊しの予定は無いらしい。', 0, '2019-05-08 00:00:00', '2019-05-08 00:00:00'),
(4, '由良要塞友ヶ島地区', 4, 11, '第二次世界大戦後～', '明治時代から終戦まで一般人完全立ち入り禁止となっていた幻の島。当時は地図上でも白く塗りつぶされており、完全に極秘であった。現在は多くの砲台が良好な状態で残されている。', '映画、雑誌などの撮影場所としても使用される。ラピュタっぽいとのことで有名。', 0, '2019-05-08 00:00:00', '2019-05-08 00:00:00'),
(5, '西洋館', 2, 3, '昭和中期ごろ～', '小松製作所や日産の創始者である竹内明太郎の別荘。炭鉱への食糧供給と、近代的な農業の試験として竹内農場が設置されると、それに伴い、竹内は別荘を建てた。それが西洋館である。農場が経営難になり竹内がいなくなった後も、農場の管理人が管理をし、家のない家族を無償で住まわせたりなどしたという。', '現在は屋根も床もほとんど残っていない。心霊スポットとしても有名', 0, '2019-05-08 00:00:00', '2019-05-08 00:00:00'),
(6, '高田牧場', 2, 7, 'バブル崩壊後～', 'かつては養豚場であった。その豪勢な佇まいから武家屋敷とも呼ばれる。中はいつかの建物で構成されている。心霊、オカルトに関するうわさが後を絶たないが、すべて真偽は不明である。牧場をたたんだ後、ボーイスカウトの実習場として使われたり、酒造会社に売却されたりした。バブル崩壊とともに放置され今に至る。', '井戸が二つあり、二つ目の井戸を見つけると呪われるなどのうわさがある。敷地内に竹が生えている。', 0, '2019-05-08 00:00:00', '2019-05-08 00:00:00'),
(7, '洲原村診療所', 7, 6, '1950年代～', '健全ﾅﾙ国民ﾉ診療所とも呼ばれる。明治時代に建てられた建築物であると思われる。県立の診療所であったそうだ。', '薬瓶が盗まれたり、老朽化して傾いてきていたり、時間とともに変わっていくのも廃墟の魅力ですね。', 0, '2019-05-08 00:00:00', '2019-05-08 00:00:00'),
(8, '恵山モンテローザ', 6, 1, '1990年代後半～', 'バブル時代に約300億円を投資して作られたレジャー施設。元からあったホテルを買い取り、一帯を巨大テーマパークにする計画だったそうな。豪華な装飾や建造物、金閣寺を模倣した「金龍閣」などもあり、まさにバブルといったものだった。しかし、程なくしてバブルは崩壊し、わずか10年という短い期間で経営を終了した。', '函館の湾を一望できる。ちょっと行きたい。', 0, '2019-05-08 00:00:00', '2019-05-08 00:00:00'),
(9, '天神山城', 3, 3, '1970年代～', '天文年間に藤田重利が建築したといわれる。1970年、観光目的として本丸跡に模擬二重櫓が建設されたが、採算が合わずに倒産。以降廃墟化した。', 'ハリボテの天守閣', 0, '2019-05-08 00:00:00', '2019-05-08 00:00:00'),
(10, 'ミランダ城', 3, 12, '1991年～', '1866年イギリスの建築家によって建築される。1907年、40年もの歳月を超えて完成する。第二次世界大戦中はドイツ軍によって占領されるも、取り壊されることなく終戦を迎える。その後はベルギー国鉄によって孤児院の子供たちの休暇の場として使用される。', '2016年に撤去され、今は残っていない。', 0, '2019-05-08 00:00:00', '2019-05-08 00:00:00'),
(11, '後頭湾村', 8, 12, '2002年～', '80年代には、その付近でも最も裕福な村であった。しかし、交通の便が悪く、90年代には別の地域への移住計画が始まる。2002年には正式に廃村となった。現在は隣の村と合併している。', '村が自然に還ったような光景。「世界一美しい無人村」と言われる。', 0, '2019-05-08 00:00:00', '2019-05-08 00:00:00'),
(12, '旧陸軍造兵工場', 4, 11, '昭和30年ごろ～', '第一次世界大戦中から毒ガスを開発していた旧陸軍は、昭和初期大久野島で生活していた住民を強制移住させると、毒ガス製造所を開設した。戦時中に毒ガスを秘密裏に製造していたため、島は「毒ガス島」とも呼ばれている。', 'ウサギが多いため、ウサギ島ともいわれる', 0, '2019-05-08 00:00:00', '2019-05-08 00:00:00'),
(13, '高子沼グリーンランド', 6, 2, '1999年～', '当時県内最大の遊園地であったが、多くの死者が出たことや施設の老朽化に伴い、閉鎖された。現在は心霊スポットとなっている。', '死者が出たことに関してはあくまで噂', 0, '2019-05-08 00:00:00', '2019-05-08 00:00:00'),
(14, '逢坂医院', 7, 9, '？', '1921建てられた逢坂医院は、当時この地域唯一の医療機関であったため住民から大切にされていた。現在も荒らされることなく保存状態は良好であり、徳島県の近代化遺産の一つとして記載されている。', 'あったかい気持ちになるね', 0, '2019-05-08 00:00:00', '2019-05-08 00:00:00'),
(15, '松尾鉱山生活学園', 7, 2, '1969年～', '鉱山町にあった学校。最盛期には1万人を超える人口がいた街も、鉱山の閉鎖とともに廃墟と化し、同時に学校も廃校となった。', 'もう鉱山町シリーズ見飽きた', 0, '2019-05-08 00:00:00', '2019-05-08 00:00:00'),
(16, 'セントラリア', 8, 12, '1960年代以降～', '19世紀後半から石炭鉱業で栄えた街だったが、1962年代に起こった坑内火災の影響によってゴーストタウン化した。かつては良質な無煙炭の産地として栄えた。火災により、ピーク時には地表温度が70度以上にまで達した。2002年に郵便公社によってZIPコードが抹消された。', 'サイレントヒルのモデル。現在もまだ燃えている。', 0, '2019-05-08 00:00:00', '2019-05-08 00:00:00'),
(17, '祭壇廃墟', 1, 11, '1980年代後半～', '元々住んでいた老夫婦が海に身を投げ自殺してから廃屋である。それから約10年後に何者かによって祭壇が作られた。幽霊が出るとのうわさ。', '意味不明な祭壇怖い。', 0, '2019-05-08 00:00:00', '2019-05-08 00:00:00'),
(18, 'プリピャチ遊園地', 6, 12, '1981年代後半～', 'チェルノブイリ原子力発電所で働く人々のために作られた町、プリピャチ。様々な施設がそろっており、恵まれた環境であったが、事故により2日にして無人の空間となった。この遊園地は一度も開園することなく廃園になった。', '某アニメのエンディングにこの遊園地と思しき絵が登場している。', 0, '2019-05-08 00:00:00', '2019-05-08 00:00:00'),
(19, 'マンセル要塞', 4, 12, '第二次世界大戦終戦後～', '第二次世界大戦中にイギリス軍によって建てられた海上の要塞であった。一時は300人程度のイギリス人が駐留していたようだが、終戦とともに放置され廃墟化した。', '珍しい海上の廃墟', 0, '2019-05-08 00:00:00', '2019-05-08 00:00:00'),
(20, '広島平和記念碑', 7, 8, '1945年～', '元は広島県物産陳列館として建てられた建造物だった。当時は広島県産業奨励館と呼ばれていた。しかし、開戦後、行政機関・統制組合の事務所となり、1945年8月6日の原爆投下により廃墟となった。現在は原爆ドームと呼ばれている。', '二度と悲劇が起こらないようにと「負の世界遺産」と呼ばれている。', 0, '2019-05-08 00:00:00', '2019-05-08 00:00:00');

-- --------------------------------------------------------

--
-- テーブルの構造 `saizeriya_menu_main_kurimoto`
--

CREATE TABLE `saizeriya_menu_main_kurimoto` (
  `id` int(11) NOT NULL,
  `menu_name` varchar(256) NOT NULL,
  `category_id` int(11) DEFAULT NULL,
  `price_id` int(11) DEFAULT NULL,
  `teika` int(11) DEFAULT NULL,
  `calories` int(11) DEFAULT NULL,
  `sodium` double DEFAULT NULL,
  `del_flg` varchar(1) DEFAULT NULL,
  `create_date` datetime NOT NULL,
  `update_date` datetime NOT NULL
) ENGINE=InnoDB DEFAULT CHARSET=utf8;

--
-- テーブルのデータのダンプ `saizeriya_menu_main_kurimoto`
--

INSERT INTO `saizeriya_menu_main_kurimoto` (`id`, `menu_name`, `category_id`, `price_id`, `teika`, `calories`, `sodium`, `del_flg`, `create_date`, `update_date`) VALUES
(1, '彩りイタリアンサラダ　レギュラーサイズ', 1, 2, 349, 257, 1.7, '0', '2019-08-09 00:00:00', '2019-08-09 00:00:00'),
(2, '彩りイタリアンサラダ　Lサイズ', 1, 3, 499, 385, 2.5, '0', '2019-08-09 00:00:00', '2019-08-09 00:00:00'),
(3, 'チキンとブロッコリーのサラダ　レギュラーサイズ', 1, 2, 349, 182, 1.7, '0', '2019-08-09 00:00:00', '2019-08-09 00:00:00'),
(4, 'チキンとブロッコリーのサラダ　Lサイズ', 1, 3, 499, 274, 2.5, '0', '2019-08-09 00:00:00', '2019-08-09 00:00:00'),
(5, 'わかめとオクラのサラダ　レギュラーサイズ', 1, 2, 349, 143, 3, '0', '2019-08-09 00:00:00', '2019-08-09 00:00:00'),
(6, 'わかめとオクラのサラダ　Lサイズ', 1, 3, 499, 214, 4.4, '0', '2019-08-09 00:00:00', '2019-08-09 00:00:00'),
(7, '小エビのサラダ　レギュラーサイズ', 1, 2, 349, 126, 1.4, '0', '2019-08-09 00:00:00', '2019-08-09 00:00:00'),
(8, '小エビのサラダ　Lサイズ', 1, 3, 499, 189, 2.1, '0', '2019-08-09 00:00:00', '2019-08-09 00:00:00'),
(9, 'レンズ豆とスペルト小麦のミネストローネ', 1, 1, 299, 244, 1.9, '0', '2019-08-09 00:00:00', '2019-08-09 00:00:00'),
(10, '冷たいパンプキンスープ', 1, 1, 149, 105, 0.9, '0', '2019-08-09 00:00:00', '2019-08-09 00:00:00'),
(11, 'コーンクリームスープ', 1, 1, 149, 142, 1.1, '0', '2019-08-09 00:00:00', '2019-08-09 00:00:00'),
(12, 'エスカルゴのオーブン焼き', 2, 2, 399, 256, 1.6, '0', '2019-08-09 00:00:00', '2019-08-09 00:00:00'),
(13, 'チョリソー（辛味ソーセージ）', 2, 2, 399, 393, 2, '0', '2019-08-09 00:00:00', '2019-08-09 00:00:00'),
(14, 'ムール貝のガーリック焼き', 2, 2, 399, 164, 1.3, '0', '2019-08-09 00:00:00', '2019-08-09 00:00:00'),
(15, '野菜ソースのグリルソーセージ', 2, 2, 399, 570, 3.1, '0', '2019-08-09 00:00:00', '2019-08-09 00:00:00'),
(16, 'ポップコーンシュリンプ', 2, 1, 299, 215, 1.4, '0', '2019-08-09 00:00:00', '2019-08-09 00:00:00'),
(17, 'フリウリ風フリコ', 2, 1, 299, 299, 0.9, '0', '2019-08-09 00:00:00', '2019-08-09 00:00:00'),
(18, '辛味チキン', 2, 1, 299, 374, 2.2, '0', '2019-08-09 00:00:00', '2019-08-09 00:00:00'),
(19, '削りたてペコリーノチーズ', 2, 1, 100, 59, 0.6, '0', '2019-08-09 00:00:00', '2019-08-09 00:00:00'),
(20, '柔らか青豆の温サラダ', 2, 1, 199, 213, 0.8, '0', '2019-08-09 00:00:00', '2019-08-09 00:00:00'),
(21, 'ほうれん草のソテー', 2, 1, 199, 123, 1.1, '0', '2019-08-09 00:00:00', '2019-08-09 00:00:00'),
(22, 'キャベツとアンチョビのソテー', 2, 1, 199, 80, 1.5, '0', '2019-08-09 00:00:00', '2019-08-09 00:00:00'),
(23, 'ミニキュウリのミックスピクルス', 2, 1, 199, 59, 1.5, '0', '2019-08-09 00:00:00', '2019-08-09 00:00:00'),
(24, 'ガーリックトースト', 3, 1, 189, 252, 1.1, '0', '2019-08-09 00:00:00', '2019-08-09 00:00:00'),
(25, 'ミニフィセル', 3, 1, 169, 188, 1, '0', '2019-08-09 00:00:00', '2019-08-09 00:00:00'),
(26, 'プチフォッカ', 3, 1, 139, 214, 0.8, '0', '2019-08-09 00:00:00', '2019-08-09 00:00:00'),
(27, 'セットプチフォッカ', 3, 1, 79, 107, 0.4, '0', '2019-08-09 00:00:00', '2019-08-09 00:00:00'),
(28, 'フォッカチオ', 3, 1, 119, 214, 0.8, '0', '2019-08-09 00:00:00', '2019-08-09 00:00:00'),
(29, 'シナモンフォッカチオ', 3, 1, 169, 246, 0.8, '0', '2019-08-09 00:00:00', '2019-08-09 00:00:00'),
(30, '熟成ミラノサラミ', 4, 1, 299, 95, 1.1, '0', '2019-08-09 00:00:00', '2019-08-09 00:00:00'),
(31, 'フレッシュチーズとトマトのサラダ', 4, 1, 299, 200, 0.4, '0', '2019-08-09 00:00:00', '2019-08-09 00:00:00'),
(32, 'プロシュート', 4, 2, 399, 162, 1.8, '0', '2019-08-09 00:00:00', '2019-08-09 00:00:00'),
(33, 'バッファローモッツァレラのピザ', 5, 3, 499, 575, 2.3, '0', '2019-08-09 00:00:00', '2019-08-09 00:00:00'),
(34, 'マルゲリータピザ', 5, 2, 399, 568, 2.5, '0', '2019-08-09 00:00:00', '2019-08-09 00:00:00'),
(35, 'パンチェッタのピザ', 5, 2, 399, 646, 2.9, '0', '2019-08-09 00:00:00', '2019-08-09 00:00:00'),
(36, '野菜ときのこのピザ', 5, 2, 399, 610, 2.7, '0', '2019-08-09 00:00:00', '2019-08-09 00:00:00'),
(37, 'アンチョビのピザ', 5, 2, 399, 543, 4.7, '0', '2019-08-09 00:00:00', '2019-08-09 00:00:00'),
(38, 'たっぷりコーンのピザ', 5, 2, 399, 669, 2.8, '0', '2019-08-09 00:00:00', '2019-08-09 00:00:00'),
(39, 'たらこクリームのピザ', 5, 2, 399, 615, 3.3, '0', '2019-08-09 00:00:00', '2019-08-09 00:00:00'),
(40, 'アーリオ・オーリオ', 6, 1, 299, 457, 1.4, '0', '2019-08-09 00:00:00', '2019-08-09 00:00:00'),
(41, 'ペペロンチーノ', 6, 1, 299, 457, 1.4, '0', '2019-08-09 00:00:00', '2019-08-09 00:00:00'),
(42, 'ミートソースボロニア風', 6, 2, 399, 552, 2.5, '0', '2019-08-09 00:00:00', '2019-08-09 00:00:00'),
(43, '半熟卵のミートソースボロニア風', 6, 3, 468, 642, 2.7, '0', '2019-08-09 00:00:00', '2019-08-09 00:00:00'),
(44, 'タラコソースシシリー風', 6, 2, 399, 550, 2, '0', '2019-08-09 00:00:00', '2019-08-09 00:00:00'),
(45, 'パルマ風スパゲッティ（トマト味）', 6, 2, 399, 671, 2.6, '0', '2019-08-09 00:00:00', '2019-08-09 00:00:00'),
(46, 'キャベツのペペロンチーノ', 6, 2, 399, 587, 1.6, '0', '2019-08-09 00:00:00', '2019-08-09 00:00:00'),
(47, 'たっぷり小エビとムール貝のオーロラソース', 6, 3, 699, 693, 3.2, '0', '2019-08-09 00:00:00', '2019-08-09 00:00:00'),
(48, 'イカの墨入りスパゲッティ', 6, 3, 499, 579, 2.2, '0', '2019-08-09 00:00:00', '2019-08-09 00:00:00'),
(49, 'カルボナーラ', 6, 3, 499, 737, 2, '0', '2019-08-09 00:00:00', '2019-08-09 00:00:00'),
(50, 'アラビアータ', 6, 2, 399, 601, 2.5, '0', '2019-08-09 00:00:00', '2019-08-09 00:00:00'),
(51, 'エビとズッキーニのトロフィエ', 6, 2, 399, 496, 2.3, '0', '2019-08-09 00:00:00', '2019-08-09 00:00:00'),
(52, 'ミラノ風ドリア', 7, 1, 299, 542, 2.7, '0', '2019-08-09 00:00:00', '2019-08-09 00:00:00'),
(53, '半熟卵のミラノ風ドリア', 7, 2, 368, 632, 2.9, '0', '2019-08-09 00:00:00', '2019-08-09 00:00:00'),
(54, 'セットプチフォッカ付きミラノ風ドリア', 7, 2, 378, 649, 3.1, '0', '2019-08-09 00:00:00', '2019-08-09 00:00:00'),
(55, 'いろどり野菜のミラノ風ドリア', 7, 2, 399, 590, 3.1, '0', '2019-08-09 00:00:00', '2019-08-09 00:00:00'),
(56, 'エビとイカのドリア', 7, 3, 499, 624, 2.9, '0', '2019-08-09 00:00:00', '2019-08-09 00:00:00'),
(57, 'ほうれん草のグラタン', 7, 2, 399, 521, 1.9, '0', '2019-08-09 00:00:00', '2019-08-09 00:00:00'),
(58, 'シーフードグラタン', 7, 3, 499, 537, 2.2, '0', '2019-08-09 00:00:00', '2019-08-09 00:00:00'),
(59, 'シーフードパエリア', 8, 3, 599, 595, 3.6, '0', '2019-08-09 00:00:00', '2019-08-09 00:00:00'),
(60, 'エビと野菜のトマトクリームリゾット', 8, 2, 399, 311, 2.3, '0', '2019-08-09 00:00:00', '2019-08-09 00:00:00'),
(61, 'ハヤシ＆ターメリックライス', 8, 3, 499, 676, 3.9, '0', '2019-08-09 00:00:00', '2019-08-09 00:00:00'),
(62, '半熟卵のハヤシ＆ターメリックライス', 8, 3, 568, 766, 41, '0', '2019-08-09 00:00:00', '2019-08-09 00:00:00'),
(63, 'ミックスグリル', 9, 3, 599, 823, 3.8, '0', '2019-08-09 00:00:00', '2019-08-09 00:00:00'),
(64, 'ハンバーグステーキ', 9, 2, 399, 514, 2.3, '0', '2019-08-09 00:00:00', '2019-08-09 00:00:00'),
(65, 'ディアボラ風ハンバーグ', 9, 3, 499, 585, 2.6, '0', '2019-08-09 00:00:00', '2019-08-09 00:00:00'),
(66, 'デミグラスソースのハンバーグ', 9, 3, 499, 628, 3.6, '0', '2019-08-09 00:00:00', '2019-08-09 00:00:00'),
(67, 'イタリアンハンバーグ', 9, 3, 499, 633, 2.5, '0', '2019-08-09 00:00:00', '2019-08-09 00:00:00'),
(68, '焼肉とハンバーグの盛合せ', 9, 3, 599, 709, 3.4, '0', '2019-08-09 00:00:00', '2019-08-09 00:00:00'),
(69, 'ライス', 9, 1, 169, 303, 0, '0', '2019-08-09 00:00:00', '2019-08-09 00:00:00'),
(70, 'ラージライス', 9, 1, 219, 454, 0, '0', '2019-08-09 00:00:00', '2019-08-09 00:00:00'),
(71, 'スモールライス', 9, 1, 119, 151, 0, '0', '2019-08-09 00:00:00', '2019-08-09 00:00:00'),
(72, 'リブステーキ', 9, 4, 999, 621, 1.5, '0', '2019-08-09 00:00:00', '2019-08-09 00:00:00'),
(73, '若鶏のディアボラ風', 9, 3, 499, 541, 2.1, '0', '2019-08-09 00:00:00', '2019-08-09 00:00:00'),
(74, '柔らかチキンのチーズ焼き', 9, 3, 499, 588, 2, '0', '2019-08-09 00:00:00', '2019-08-09 00:00:00'),
(75, 'パンチェッタと若鶏のディアボラ風', 9, 3, 599, 663, 2.5, '0', '2019-08-09 00:00:00', '2019-08-09 00:00:00'),
(76, 'ティラミス　クラシコ', 10, 1, 299, 229, 0.1, '0', '2019-08-09 00:00:00', '2019-08-09 00:00:00'),
(77, 'プリンとティラミス　クラシコの盛合せ', 10, 3, 499, 445, 0.2, '0', '2019-08-09 00:00:00', '2019-08-09 00:00:00'),
(78, 'とろけるティラミス＆コーヒーゼリー', 10, 2, 399, 284, 0.1, '0', '2019-08-09 00:00:00', '2019-08-09 00:00:00'),
(79, 'ブラッドオレンジのパンナコッタ', 10, 2, 399, 200, 0.1, '0', '2019-08-09 00:00:00', '2019-08-09 00:00:00'),
(80, 'アマレーナ', 10, 1, 199, 127, 0, '0', '2019-08-09 00:00:00', '2019-08-09 00:00:00'),
(81, 'プリンとアマレーナの盛合せ', 10, 2, 399, 343, 0.1, '0', '2019-08-09 00:00:00', '2019-08-09 00:00:00'),
(82, 'トリフアイスクリーム', 10, 2, 369, 164, 0.1, '0', '2019-08-09 00:00:00', '2019-08-09 00:00:00'),
(83, 'ミルクジェラート', 10, 1, 199, 100, 0.1, '0', '2019-08-09 00:00:00', '2019-08-09 00:00:00'),
(84, 'シチリア産レモンのソルベ', 10, 1, 199, 127, 0, '0', '2019-08-09 00:00:00', '2019-08-09 00:00:00'),
(85, 'イタリアンプリン', 10, 1, 249, 216, 0.1, '0', '2019-08-09 00:00:00', '2019-08-09 00:00:00'),
(86, 'コーヒーゼリー（ミルクアイスのせ）', 10, 1, 299, 162, 0.1, '0', '2019-08-09 00:00:00', '2019-08-09 00:00:00'),
(87, 'チョコレートケーキ', 10, 1, 299, 166, 0.1, '0', '2019-08-09 00:00:00', '2019-08-09 00:00:00'),
(88, 'ミルクアイスのせシナモンフォッカチオ', 10, 2, 319, 346, 0.9, '0', '2019-08-09 00:00:00', '2019-08-09 00:00:00'),
(89, 'セットドリンクバー', 11, 1, 190, NULL, NULL, '0', '2019-08-09 00:00:00', '2019-08-09 00:00:00'),
(90, '単品ドリンクバー', 11, 1, 280, NULL, NULL, '0', '2019-08-09 00:00:00', '2019-08-09 00:00:00');

-- --------------------------------------------------------

--
-- テーブルの構造 `series_okugawa`
--

CREATE TABLE `series_okugawa` (
  `id` int(11) NOT NULL,
  `series_name` varchar(256) DEFAULT NULL,
  `del_flg` varchar(1) DEFAULT NULL,
  `create_date` datetime NOT NULL,
  `update_date` datetime NOT NULL
) ENGINE=InnoDB DEFAULT CHARSET=utf8;

--
-- テーブルのデータのダンプ `series_okugawa`
--

INSERT INTO `series_okugawa` (`id`, `series_name`, `del_flg`, `create_date`, `update_date`) VALUES
(0, NULL, '0', '2019-06-10 12:00:00', '2019-06-10 12:00:00'),
(1, '遊戯王デュエルモンスターズ', '0', '2019-06-10 12:00:00', '2019-06-10 12:00:00'),
(2, '遊戯王デュエルモンスターズGX', '0', '2019-06-10 12:00:00', '2019-06-10 12:00:00'),
(3, '遊戯王5D\'s', '0', '2019-06-10 12:00:00', '2019-06-10 12:00:00'),
(4, '遊戯王ZEXAL', '0', '2019-06-10 12:00:00', '2019-06-10 12:00:00'),
(5, '遊戯王ARC-V', '0', '2019-06-10 12:00:00', '2019-06-10 12:00:00'),
(6, '遊戯王VRAINS', '0', '2019-06-10 12:00:00', '2019-06-10 12:00:00');

-- --------------------------------------------------------

--
-- テーブルの構造 `sex_hayashi`
--

CREATE TABLE `sex_hayashi` (
  `id` int(11) NOT NULL,
  `name` varchar(255) DEFAULT NULL,
  `del_flg` varchar(1) DEFAULT NULL,
  `create_date` datetime NOT NULL,
  `update_date` datetime NOT NULL
) ENGINE=InnoDB DEFAULT CHARSET=utf8;

--
-- テーブルのデータのダンプ `sex_hayashi`
--

INSERT INTO `sex_hayashi` (`id`, `name`, `del_flg`, `create_date`, `update_date`) VALUES
(0, NULL, '0', '2019-05-29 12:00:00', '2019-05-29 12:00:00'),
(1, '男', '0', '2019-05-29 12:00:00', '2019-05-29 12:00:00'),
(2, '女', '0', '2019-05-29 12:00:00', '2019-05-29 12:00:00'),
(3, '不明', '0', '2019-05-29 12:00:00', '2019-05-29 12:00:00');

-- --------------------------------------------------------

--
-- テーブルの構造 `source_nagatake`
--

CREATE TABLE `source_nagatake` (
  `source_id` int(11) NOT NULL,
  `source` varchar(256) DEFAULT NULL,
  `del_flg` varchar(1) DEFAULT NULL,
  `create_date` datetime NOT NULL,
  `update_date` datetime NOT NULL
) ENGINE=InnoDB DEFAULT CHARSET=utf8;

--
-- テーブルのデータのダンプ `source_nagatake`
--

INSERT INTO `source_nagatake` (`source_id`, `source`, `del_flg`, `create_date`, `update_date`) VALUES
(0, NULL, NULL, '2019-09-18 00:00:00', '2019-09-18 00:00:00'),
(1, 'アニメオリジナル', '0', '2019-09-18 00:00:00', '2019-09-18 00:00:00'),
(2, '週刊少年ジャンプ', '0', '2019-09-13 00:00:00', '2019-09-13 00:00:00'),
(3, 'まんがタイムきらら', '0', '2019-09-13 00:00:00', '2019-09-13 00:00:00'),
(4, 'xBox360', '0', '2019-09-13 00:00:00', '2019-09-13 00:00:00'),
(5, '電撃文庫', '0', '2019-09-13 00:00:00', '2019-09-13 00:00:00'),
(6, 'KADOKAWA', '0', '2019-09-13 00:00:00', '2019-09-13 00:00:00'),
(7, 'PCゲーム', '0', '2019-09-13 00:00:00', '2019-09-13 00:00:00'),
(8, 'ヤングガンガン', '0', '2019-09-13 00:00:00', '2019-09-13 00:00:00'),
(9, 'GA文庫', '0', '2019-09-13 00:00:00', '2019-09-13 00:00:00'),
(10, 'ヤングアニマル', '0', '2019-09-13 00:00:00', '2019-09-13 00:00:00'),
(11, '講談社BOX', '0', '2019-09-13 00:00:00', '2019-09-13 00:00:00'),
(12, 'KAエスマ文庫', '0', '2019-09-27 15:02:00', '2019-09-27 15:03:00');

-- --------------------------------------------------------

--
-- テーブルの構造 `spa_main_okabe`
--

CREATE TABLE `spa_main_okabe` (
  `id` int(3) NOT NULL,
  `spa_name` varchar(30) DEFAULT NULL,
  `area_id` int(3) DEFAULT NULL,
  `quality_id` int(3) DEFAULT NULL,
  `features` varchar(50) DEFAULT NULL,
  `del_flg` varchar(1) DEFAULT NULL,
  `create_date` datetime DEFAULT NULL,
  `update_date` datetime DEFAULT NULL
) ENGINE=InnoDB DEFAULT CHARSET=utf8;

--
-- テーブルのデータのダンプ `spa_main_okabe`
--

INSERT INTO `spa_main_okabe` (`id`, `spa_name`, `area_id`, `quality_id`, `features`, `del_flg`, `create_date`, `update_date`) VALUES
(1, '草津温泉', 10, 9, '東の横綱。温泉の自然湧出量は日本一。', '0', '2019-05-16 15:24:00', '2019-05-16 15:24:00'),
(2, '別府八湯温泉', 44, 11, '繁華街に広がる交通アクセスの良い温泉地。', '0', '2019-05-16 15:24:00', '2019-05-16 15:24:00'),
(3, '下呂温泉', 21, 1, '「日本三名泉のひとつ」と称された天下の名泉。', '0', '2019-05-16 15:24:00', '2019-05-16 15:24:00'),
(4, '指宿温泉', 46, 4, '指宿温泉、摺ヶ浜温泉などの温泉群からなり、県内有数の観光地。', '0', '2019-05-16 15:24:00', '2019-05-16 15:24:00'),
(5, '道後温泉', 38, 1, '日本三古湯のひとつ。夏目漱石の小説「坊ちゃん」にも登場した。', '0', '2019-05-16 15:24:00', '2019-05-16 15:24:00'),
(6, '有馬温泉', 28, 6, '日本書紀にも記されている日本三大古湯に数えられる有名な温泉地。', '0', '2019-05-16 15:24:00', '2019-05-16 15:24:00'),
(7, '登別温泉', 1, 8, '泉源が多い温泉地。噴煙を上げている地獄谷。', '0', '2019-05-16 15:24:00', '2019-05-16 15:24:00'),
(8, '和倉温泉', 17, 4, '能登半島に広がる和倉温泉は、豊富な塩分を含む「海の温泉」。', '0', '2019-05-16 15:24:00', '2019-05-16 15:24:00'),
(9, '由布院温泉', 44, 1, '由布岳の山麓にある人気温泉地。', '0', '2019-05-16 15:24:00', '2019-05-16 15:24:00'),
(10, '城崎温泉', 28, 4, '1400年以上の歴史をもつ温泉。', '0', '2019-05-16 15:24:00', '2019-05-16 15:24:00'),
(11, '黒川温泉', 43, 8, '「疵湯(きずゆ)」とよばれ、切り傷に特効があるとされた湯治場。', '0', '2019-05-16 15:24:00', '2019-05-16 15:24:00'),
(12, '飛騨高山温泉', 21, 8, 'ナトリウム・塩化物・炭酸水素塩素などの泉質を持つ温泉郷。', '0', '2019-05-16 15:24:00', '2019-05-16 15:24:00'),
(13, '伊香保温泉', 10, 5, '湯治場として名高く、病気の治療や健康増進のために訪れる人も多い。', '0', '2019-05-16 15:24:00', '2019-05-16 15:24:00'),
(14, '山代温泉', 17, 11, 'ふたつの総湯を中心とした街並み「湯の曲輪(ゆのがわ)」が特徴。', '0', '2019-05-16 15:24:00', '2019-05-16 15:24:00'),
(15, '玉造温泉', 32, 5, '2016年の温泉総選挙で、最高賞とされる環境大臣賞を獲得。', '0', '2019-05-16 15:24:00', '2019-05-16 15:24:00'),
(16, '月岡温泉', 15, 4, '鮮やかなエメラルドグリーンの温泉は全国でも屈指の美肌の湯。', '0', '2019-05-16 15:24:00', '2019-05-16 15:24:00'),
(17, '箱根湯本温泉', 14, 1, '箱根の玄関口と呼ばれ、箱根温泉郷のなかでも一番古い温泉地。', '0', '2019-05-16 15:24:00', '2019-05-16 15:24:00'),
(18, '鳴子温泉', 4, 11, '多彩な泉質を楽しめ、5ヶ所の温泉地からなる一大温泉郷。', '0', '2019-05-16 15:24:00', '2019-05-16 15:24:00'),
(19, '塩原温泉', 9, 11, '古くから文人墨客に愛され、尾崎紅葉「金色夜叉」の舞台にもなった温泉郷。', '0', '2019-05-16 15:24:00', '2019-05-16 15:24:00'),
(20, '山中温泉', 17, 5, '松尾芭蕉も称賛した日本三大名湯のひとつ。', '0', '2019-05-16 15:24:00', '2019-05-16 15:24:00'),
(21, '鬼怒川温泉', 9, 1, '関東を代表する箱根と並ぶ、 東京の奥座敷と呼ばれている。', '0', '2019-05-16 15:24:00', '2019-05-16 15:24:00'),
(22, '乳頭温泉郷', 5, 11, '乳頭山麓に点在する七湯を総称し、十種類以上の源泉がある。', '0', '2019-05-16 15:24:00', '2019-05-16 15:24:00'),
(23, '蔵王温泉', 6, 9, '湯煙と硫黄の香りに包まれる温泉。', '0', '2019-05-16 15:24:00', '2019-05-16 15:24:00'),
(24, '奥飛騨温泉郷', 21, 11, '5つの温泉地で形成される、露天風呂天国。', '0', '2019-05-16 15:24:00', '2019-05-16 15:24:00'),
(25, 'あわら温泉', 18, 4, '「関西の奥座敷」として発展し、多くの文人墨客、天皇陛下にまで愛される温泉地。', '0', '2019-05-16 15:24:00', '2019-05-16 15:24:00'),
(26, '銀山温泉', 6, 8, '大正末期から昭和初期に建てられた洋風木造多層の旅館が並ぶ。', '0', '2019-05-16 15:24:00', '2019-05-16 15:24:00'),
(27, '秋保温泉', 4, 4, '「名取の御湯」と称され「日本三御湯」のひとつとして全国的にも知られる。', '0', '2019-05-16 15:24:00', '2019-05-16 15:24:00'),
(28, '熱海温泉', 22, 4, '平均温度は約63度と、全国屈指の高温泉リゾート。', '0', '2019-05-16 15:24:00', '2019-05-16 15:24:00'),
(29, '雲仙温泉', 42, 6, '硫黄を含んだ強い酸性泉で温泉療法が盛んなヨーロッパでも見られない温泉。', '0', '2019-05-16 15:24:00', '2019-05-16 15:24:00'),
(30, '板室温泉', 9, 1, '那須連山の西端、湯川に沿った板室渓谷に囲まれた静かな療養温泉地。', '0', '2019-05-16 15:24:00', '2019-05-16 15:24:00');

-- --------------------------------------------------------

--
-- テーブルの構造 `studio_nagatake`
--

CREATE TABLE `studio_nagatake` (
  `studio_id` int(11) NOT NULL,
  `studio` varchar(256) DEFAULT NULL,
  `del_flg` varchar(1) DEFAULT NULL,
  `create_date` datetime NOT NULL,
  `update_date` datetime NOT NULL
) ENGINE=InnoDB DEFAULT CHARSET=utf8;

--
-- テーブルのデータのダンプ `studio_nagatake`
--

INSERT INTO `studio_nagatake` (`studio_id`, `studio`, `del_flg`, `create_date`, `update_date`) VALUES
(0, NULL, NULL, '2019-09-25 14:11:00', '2019-09-25 14:12:00'),
(1, '東映アニメーション', '0', '2019-09-18 00:00:00', '2019-09-18 00:00:00'),
(2, 'A-1Pictures', '0', '2019-09-13 00:00:00', '2019-09-13 00:00:00'),
(3, 'J.C.STAFF', '0', '2019-09-13 00:00:00', '2019-09-13 00:00:00'),
(4, '動画工房', '0', '2019-09-13 00:00:00', '2019-09-13 00:00:00'),
(5, 'ボンズ', '0', '2019-09-13 00:00:00', '2019-09-13 00:00:00'),
(6, 'P.A.WORKS', '0', '2019-09-13 00:00:00', '2019-09-13 00:00:00'),
(7, 'WHITEFOX', '0', '2019-09-13 00:00:00', '2019-09-13 00:00:00'),
(8, 'シャフト', '0', '2019-09-13 00:00:00', '2019-09-13 00:00:00'),
(9, 'SUNRISE', '0', '2019-09-13 00:00:00', '2019-09-13 00:00:00'),
(10, '京都アニメーション', '0', '2019-09-13 00:00:00', '2019-09-13 00:00:00'),
(11, 'ufotable', '0', '2019-09-13 00:00:00', '2019-09-13 00:00:00'),
(12, 'スタジオ雲雀', '0', '2019-09-13 00:00:00', '2019-09-13 00:00:00'),
(13, 'NUT', '0', '2019-09-13 00:00:00', '2019-09-13 00:00:00'),
(14, 'SILVER LINK.', '0', '2019-09-13 00:00:00', '2019-09-13 00:00:00'),
(15, 'サテライト', '0', '2019-09-13 00:00:00', '2019-09-13 00:00:00'),
(16, 'Deeｎ', '0', '2019-09-13 00:00:00', '2019-09-13 00:00:00'),
(17, 'XEBEC', '0', '2019-09-13 00:00:00', '2019-09-13 00:00:00'),
(18, 'アクタス', '0', '2019-09-13 00:00:00', '2019-09-13 00:00:00'),
(19, '葦プロダクション', '0', '2019-09-13 00:00:00', '2019-09-13 00:00:00'),
(20, 'エイトビット', '0', '2019-09-13 00:00:00', '2019-09-13 00:00:00'),
(21, 'キングレコード', '0', '2019-09-13 00:00:00', '2019-09-13 00:00:00'),
(22, 'GONZO', '0', '2019-09-13 00:00:00', '2019-09-13 00:00:00');

-- --------------------------------------------------------

--
-- テーブルの構造 `team_shiono`
--

CREATE TABLE `team_shiono` (
  `id` int(11) DEFAULT NULL,
  `team` varchar(30) DEFAULT NULL,
  `del_flg` varchar(1) DEFAULT NULL,
  `create_date` datetime DEFAULT NULL,
  `update_date` datetime DEFAULT NULL
) ENGINE=InnoDB DEFAULT CHARSET=utf8;

--
-- テーブルのデータのダンプ `team_shiono`
--

INSERT INTO `team_shiono` (`id`, `team`, `del_flg`, `create_date`, `update_date`) VALUES
(1, 'マンチェスター・シティ', '0', '2019-05-17 15:05:00', '2019-05-17 15:05:00'),
(2, 'バルセロナ', '0', '2019-05-17 15:05:00', '2019-05-17 15:05:00'),
(3, 'パリサンジェルマン', '0', '2019-05-17 15:05:00', '2019-05-17 15:05:00'),
(4, 'ユベントス', '0', '2019-05-17 15:05:00', '2019-05-17 15:05:00'),
(5, 'トットナム', '0', '2019-05-17 15:05:00', '2019-05-17 15:05:00'),
(6, 'リバプール', '0', '2019-05-17 15:05:00', '2019-05-17 15:05:00'),
(7, 'レアル・マドリード', '0', '2019-05-17 15:05:00', '2019-05-17 15:05:00'),
(8, 'マンチェスター・ユナイテッド', '0', '2019-05-17 15:05:00', '2019-05-17 15:05:00'),
(9, 'サガン鳥栖', '0', '2019-05-17 15:05:00', '2019-05-17 15:05:00'),
(10, 'バイエルン・ミュンヘン', '0', '2019-05-17 15:05:00', '2019-05-17 15:05:00'),
(11, 'アーセナル', '0', '2019-05-17 15:05:00', '2019-05-17 15:05:00'),
(12, 'ドルトムント', '0', '2019-05-17 15:05:00', '2019-05-17 15:05:00'),
(13, 'アトレティコ・マドリード', '0', '2019-05-17 15:05:00', '2019-05-17 15:05:00'),
(14, 'チェルシー', '0', '2019-05-17 15:05:00', '2019-05-17 15:05:00'),
(15, 'ナポリ', '0', '2019-05-17 15:05:00', '2019-05-17 15:05:00'),
(16, 'ガラタサライ', '0', '2019-05-17 15:05:00', '2019-05-17 15:05:00'),
(17, 'フランクフルト', '0', '2019-05-17 15:05:00', '2019-05-17 15:05:00'),
(18, 'ベシクタシュ', '0', '2019-05-17 15:05:00', '2019-05-17 15:05:00'),
(19, 'メルボルン・ビクトリー', '0', '2019-05-17 15:05:00', '2019-05-17 15:05:00'),
(20, 'ブレーメン', '0', '2019-05-17 15:05:00', '2019-05-17 15:05:00'),
(0, '', '0', '2019-05-17 15:05:00', '2019-05-17 15:05:00');

-- --------------------------------------------------------

--
-- テーブルの構造 `tenshu_minami`
--

CREATE TABLE `tenshu_minami` (
  `id` int(10) NOT NULL,
  `tenshu` varchar(10) DEFAULT NULL,
  `del_flg` varchar(1) DEFAULT NULL,
  `create_date` datetime NOT NULL,
  `update_date` datetime NOT NULL
) ENGINE=InnoDB DEFAULT CHARSET=utf8;

--
-- テーブルのデータのダンプ `tenshu_minami`
--

INSERT INTO `tenshu_minami` (`id`, `tenshu`, `del_flg`, `create_date`, `update_date`) VALUES
(0, NULL, '0', '2019-05-16 00:00:00', '2019-05-16 00:00:00'),
(1, 'あり', '0', '2019-05-16 00:00:00', '2019-05-16 00:00:00'),
(2, 'なし', '0', '2019-05-16 00:00:00', '2019-05-16 00:00:00');

-- --------------------------------------------------------

--
-- テーブルの構造 `tieup_anzai`
--

CREATE TABLE `tieup_anzai` (
  `id` int(11) NOT NULL,
  `tieup` varchar(256) NOT NULL,
  `del_flg` varchar(1) DEFAULT NULL,
  `create_date` datetime NOT NULL,
  `update_date` datetime NOT NULL
) ENGINE=InnoDB DEFAULT CHARSET=utf8;

--
-- テーブルのデータのダンプ `tieup_anzai`
--

INSERT INTO `tieup_anzai` (`id`, `tieup`, `del_flg`, `create_date`, `update_date`) VALUES
(0, '', '0', '2019-10-29 00:00:00', '2019-10-29 00:00:00'),
(1, 'CM', '0', '2019-10-29 00:00:00', '2019-10-29 00:00:00'),
(2, 'ドラマ', '0', '2019-10-29 00:00:00', '2019-10-29 00:00:00'),
(3, '映画', '0', '2019-10-29 00:00:00', '2019-10-29 00:00:00');

-- --------------------------------------------------------

--
-- テーブルの構造 `tokyo_main_takehara`
--

CREATE TABLE `tokyo_main_takehara` (
  `id` int(2) NOT NULL,
  `ward_name` varchar(20) NOT NULL,
  `symbol` varchar(256) DEFAULT NULL,
  `location_id` int(1) NOT NULL,
  `population` int(7) DEFAULT NULL,
  `area` float DEFAULT NULL,
  `ward_office` varchar(20) DEFAULT NULL,
  `average_annual_income` int(4) DEFAULT NULL,
  `official_land_price` int(7) DEFAULT NULL,
  `performer` varchar(10) DEFAULT NULL,
  `del_flg` varchar(1) DEFAULT NULL,
  `create_date` datetime NOT NULL,
  `update_date` datetime NOT NULL
) ENGINE=InnoDB DEFAULT CHARSET=utf8;

--
-- テーブルのデータのダンプ `tokyo_main_takehara`
--

INSERT INTO `tokyo_main_takehara` (`id`, `ward_name`, `symbol`, `location_id`, `population`, `area`, `ward_office`, `average_annual_income`, `official_land_price`, `performer`, `del_flg`, `create_date`, `update_date`) VALUES
(1, '千代田', '/tokyoTakehara/chiyoda.jpg', 5, 64533, 11.66, '九段下', 784, 6330721, '樹木希林', '0', '2019-05-20 00:00:00', '2019-05-20 00:00:00'),
(2, '中央', '/tokyoTakehara/chuo.png', 1, 163185, 10.21, '新富町', 556, 8219777, '若林正恭', '0', '2019-05-20 00:00:00', '2019-05-20 00:00:00'),
(3, '港', '/tokyoTakehara/minato.png', 3, 258075, 20.37, '大門', 902, 3611975, '関根勤', '0', '2019-05-20 00:00:00', '2019-05-20 00:00:00'),
(4, '新宿', '/tokyoTakehara/shinjuku.png', 2, 347661, 18.22, '新宿西口', 477, 3263794, 'ルー大柴', '0', '2019-05-20 00:00:00', '2019-05-20 00:00:00'),
(5, '文京', '/tokyoTakehara/bunkyo.png', 4, 232801, 11.29, '後楽園', 544, 1181450, '野々村真', '0', '2019-05-20 00:00:00', '2019-05-20 00:00:00'),
(6, '台東', '/tokyoTakehara/taito.png', 1, 206816, 10.11, '上野', 385, 1376259, '天海祐希', '0', '2019-05-20 00:00:00', '2019-05-20 00:00:00'),
(7, '墨田', '/tokyoTakehara/sumida.png', 1, 268192, 13.77, '浅草', 350, 589458, '大竹一樹', '0', '2019-05-20 00:00:00', '2019-05-20 00:00:00'),
(8, '江東', '/tokyoTakehara/koto.png', 1, 516636, 40.16, '東陽町', 389, 583708, '持田香織', '0', '2019-05-20 00:00:00', '2019-05-20 00:00:00'),
(9, '品川', '/tokyoTakehara/shinagawa.png', 3, 407084, 22.84, '下神明', 427, 1160600, '遠藤憲一', '0', '2019-05-20 00:00:00', '2019-05-20 00:00:00'),
(10, '目黒', '/tokyoTakehara/meguro.png', 3, 286462, 14.67, '中目黒', 537, 1195400, '泉谷しげる', '0', '2019-05-20 00:00:00', '2019-05-20 00:00:00'),
(11, '大田', '/tokyoTakehara/ota.png', 3, 737700, 60.83, '蒲田', 395, 627693, '片桐はいり', '0', '2019-05-20 00:00:00', '2019-05-20 00:00:00'),
(12, '世田谷', '/tokyoTakehara/setagaya.png', 2, 933708, 58.05, '世田谷', 506, 690153, '中井貴一', '0', '2019-05-20 00:00:00', '2019-05-20 00:00:00'),
(13, '渋谷', '/tokyoTakehara/shibuya.png', 2, 233060, 15.11, '渋谷', 703, 4234271, '吉永小百合', '0', '2019-05-20 00:00:00', '2019-05-20 00:00:00'),
(14, '中野', '/tokyoTakehara/nakano.png', 2, 328215, 15.59, '中野', 387, 812547, '田中裕二', '0', '2019-05-20 00:00:00', '2019-05-20 00:00:00'),
(15, '杉並', '/tokyoTakehara/suginami.png', 2, 582864, 34.06, '南阿佐ヶ谷', 436, 617023, '松田龍平', '0', '2019-05-20 00:00:00', '2019-05-20 00:00:00'),
(16, '豊島', '/tokyoTakehara/toshima.png', 4, 300512, 13.01, '東池袋', 412, 1147581, '山下達郎', '0', '2019-05-20 00:00:00', '2019-05-20 00:00:00'),
(17, '北', '/tokyoTakehara/kita.png', 4, 352806, 20.61, '王子', 344, 657836, '古舘伊知郎', '0', '2019-05-20 00:00:00', '2019-05-20 00:00:00'),
(18, '荒川', '/tokyoTakehara/arakawa.png', 4, 217692, 10.16, '荒川二丁目', 345, 605586, '片岡鶴太郎', '0', '2019-05-20 00:00:00', '2019-05-20 00:00:00'),
(19, '板橋', '/tokyoTakehara/itabashi.png', 4, 581066, 32.22, '板橋区役所前', 350, 475214, '稲垣吾郎', '0', '2019-05-20 00:00:00', '2019-05-20 00:00:00'),
(20, '練馬', '/tokyoTakehara/nerima.png', 2, 737906, 48.08, '練馬', 395, 435136, '上戸彩', '0', '2019-05-20 00:00:00', '2019-05-20 00:00:00'),
(21, '足立', '/tokyoTakehara/adachi.png', 4, 681309, 53.25, '梅島', 324, 367663, 'ビートたけし', '0', '2019-05-20 00:00:00', '2019-05-20 00:00:00'),
(22, '葛飾', '/tokyoTakehara/katsushika.png', 1, 453522, 34.8, '西新井大師西', 333, 362640, '二宮和也', '0', '2019-05-20 00:00:00', '2019-05-20 00:00:00'),
(23, '江戸川', '/tokyoTakehara/edogawa.png', 1, 693519, 49.9, '新小岩', 346, 392703, '松崎しげる', '0', '2019-05-20 00:00:00', '2019-05-20 00:00:00');

-- --------------------------------------------------------

--
-- テーブルの構造 `type_hayashi`
--

CREATE TABLE `type_hayashi` (
  `id` int(11) NOT NULL,
  `type` varchar(256) DEFAULT NULL,
  `del_flg` varchar(1) DEFAULT NULL,
  `create_date` datetime NOT NULL,
  `update_date` datetime NOT NULL
) ENGINE=InnoDB DEFAULT CHARSET=utf8;

--
-- テーブルのデータのダンプ `type_hayashi`
--

INSERT INTO `type_hayashi` (`id`, `type`, `del_flg`, `create_date`, `update_date`) VALUES
(0, NULL, '0', '2019-05-29 12:00:00', '2019-05-29 12:00:00'),
(1, '人間', '0', '2019-05-29 12:00:00', '2019-05-29 12:00:00'),
(2, '機械', '0', '2019-05-29 12:00:00', '2019-05-29 12:00:00'),
(3, 'AI', '0', '2019-05-29 12:00:00', '2019-05-29 12:00:00'),
(4, '動物', '0', '2019-05-29 12:00:00', '2019-05-29 12:00:00'),
(5, '植物', '0', '2019-05-29 12:00:00', '2019-05-29 12:00:00'),
(6, '異星人', '0', '2019-05-29 12:00:00', '2019-05-29 12:00:00'),
(7, '神', '0', '2019-05-29 12:00:00', '2019-05-29 12:00:00'),
(8, 'その他', '0', '2019-05-29 12:00:00', '2019-05-29 12:00:00');

-- --------------------------------------------------------

--
-- テーブルの構造 `type_sakuma`
--

CREATE TABLE `type_sakuma` (
  `id` int(1) NOT NULL,
  `type_name` varchar(256) DEFAULT NULL,
  `del_flg` varchar(1) DEFAULT NULL,
  `create_date` datetime NOT NULL,
  `update_date` datetime NOT NULL
) ENGINE=InnoDB DEFAULT CHARSET=utf8;

--
-- テーブルのデータのダンプ `type_sakuma`
--

INSERT INTO `type_sakuma` (`id`, `type_name`, `del_flg`, `create_date`, `update_date`) VALUES
(0, NULL, NULL, '2019-07-08 11:00:00', '2019-07-08 11:00:00'),
(1, 'アサシン', '0', '2019-07-08 11:00:00', '2019-07-08 11:00:00'),
(2, 'サポート', '0', '2019-07-08 11:00:00', '2019-07-08 11:00:00'),
(3, 'タンク', '0', '2019-07-08 11:00:00', '2019-07-08 11:00:00'),
(4, 'ハンター', '0', '2019-07-08 11:00:00', '2019-07-08 11:00:00'),
(5, 'ファイター', '0', '2019-07-08 11:00:00', '2019-07-08 11:00:00'),
(6, 'メイジ', '0', '2019-07-08 11:00:00', '2019-07-08 11:00:00');

-- --------------------------------------------------------

--
-- テーブルの構造 `type_shintaku`
--

CREATE TABLE `type_shintaku` (
  `id` int(11) NOT NULL,
  `type` varchar(100) DEFAULT NULL,
  `del_flg` varchar(1) DEFAULT NULL,
  `create_date` datetime NOT NULL,
  `update_date` datetime NOT NULL
) ENGINE=InnoDB DEFAULT CHARSET=utf8;

--
-- テーブルのデータのダンプ `type_shintaku`
--

INSERT INTO `type_shintaku` (`id`, `type`, `del_flg`, `create_date`, `update_date`) VALUES
(0, NULL, '0', '2019-06-10 12:00:00', '2019-06-10 12:00:00'),
(1, 'キュート', '0', '2019-06-10 12:00:00', '2019-06-10 12:00:00'),
(2, 'クール', '0', '2019-06-10 12:00:00', '2019-06-10 12:00:00'),
(3, 'パッション', '0', '2019-06-10 12:00:00', '2019-06-10 12:00:00');

-- --------------------------------------------------------

--
-- テーブルの構造 `type_uriu`
--

CREATE TABLE `type_uriu` (
  `id` int(11) NOT NULL,
  `type` varchar(256) DEFAULT NULL,
  `del_flg` varchar(1) DEFAULT NULL,
  `create_date` datetime NOT NULL,
  `update_date` datetime NOT NULL
) ENGINE=InnoDB DEFAULT CHARSET=utf8;

--
-- テーブルのデータのダンプ `type_uriu`
--

INSERT INTO `type_uriu` (`id`, `type`, `del_flg`, `create_date`, `update_date`) VALUES
(0, NULL, '0', '2019-08-07 00:00:00', '2019-08-07 00:00:00'),
(1, 'ボク', '0', '2019-08-07 00:00:00', '2019-08-07 00:00:00'),
(2, 'おいら', '0', '2019-08-07 00:00:00', '2019-08-07 00:00:00'),
(3, 'オレ', '0', '2019-08-07 00:00:00', '2019-08-07 00:00:00'),
(4, 'アタイ', '0', '2019-08-07 00:00:00', '2019-08-07 00:00:00'),
(5, 'わたし', '0', '2019-08-07 00:00:00', '2019-08-07 00:00:00'),
(6, 'あたし', '0', '2019-08-07 00:00:00', '2019-08-07 00:00:00');

-- --------------------------------------------------------

--
-- テーブルの構造 `unit_shintaku`
--

CREATE TABLE `unit_shintaku` (
  `id` int(11) NOT NULL,
  `unit` varchar(256) DEFAULT NULL,
  `del_flg` varchar(1) DEFAULT NULL,
  `create_date` datetime NOT NULL,
  `update_date` datetime NOT NULL
) ENGINE=InnoDB DEFAULT CHARSET=utf8;

--
-- テーブルのデータのダンプ `unit_shintaku`
--

INSERT INTO `unit_shintaku` (`id`, `unit`, `del_flg`, `create_date`, `update_date`) VALUES
(0, NULL, '0', '2019-06-10 12:00:00', '2019-06-10 12:00:00'),
(1, 'ニュージェネレーション', '0', '2019-06-10 12:00:00', '2019-06-10 12:00:00'),
(2, '可惜夜月', '0', '2019-06-10 12:00:00', '2019-06-10 12:00:00'),
(3, 'セクシーギルティ', '0', '2019-06-10 12:00:00', '2019-06-10 12:00:00'),
(4, 'ニューウェーブ', '0', '2019-06-10 12:00:00', '2019-06-10 12:00:00'),
(5, '羽衣小町', '0', '2019-06-10 12:00:00', '2019-06-10 12:00:00'),
(6, '山紫水明', '0', '2019-06-10 12:00:00', '2019-06-10 12:00:00'),
(7, 'レイジー・レイジー', '0', '2019-06-10 12:00:00', '2019-06-10 12:00:00'),
(8, 'ロック・ザ・ビート', '0', '2019-06-10 12:00:00', '2019-06-10 12:00:00'),
(9, 'CANDY ISLAND', '0', '2019-06-10 12:00:00', '2019-06-10 12:00:00'),
(10, 'individuals', '0', '2019-06-10 12:00:00', '2019-06-10 12:00:00'),
(11, 'イエローリリー', '0', '2019-06-10 12:00:00', '2019-06-10 12:00:00'),
(12, 'サイバーグラス', '0', '2019-06-10 12:00:00', '2019-06-10 12:00:00'),
(13, 'セクシーギャルズ', '0', '2019-06-10 12:00:00', '2019-06-10 12:00:00'),
(14, 'チアフルボンバーズ', '0', '2019-06-10 12:00:00', '2019-06-10 12:00:00'),
(15, 'ハートウォーマー', '0', '2019-06-10 12:00:00', '2019-06-10 12:00:00'),
(16, 'ミステリアスアイズ', '0', '2019-06-10 12:00:00', '2019-06-10 12:00:00'),
(17, 'しゅがしゅが☆み～ん', '0', '2019-06-10 12:00:00', '2019-06-10 12:00:00'),
(18, 'ダークイルミネイト', '0', '2019-06-10 12:00:00', '2019-06-10 12:00:00'),
(19, 'ガールズ・パワー', '0', '2019-06-10 12:00:00', '2019-06-10 12:00:00'),
(20, 'VelvetRose', '0', '2019-06-10 12:00:00', '2019-06-10 12:00:00'),
(21, 'miroir', '0', '2019-06-10 12:00:00', '2019-06-10 12:00:00'),
(22, 'L.M.B.G', '0', '2019-06-10 12:00:00', '2019-06-10 12:00:00');

-- --------------------------------------------------------

--
-- テーブルの構造 `user`
--

CREATE TABLE `user` (
  `id` int(11) UNSIGNED NOT NULL,
  `username` varchar(50) CHARACTER SET utf8 NOT NULL DEFAULT '',
  `password` varchar(50) CHARACTER SET utf8 NOT NULL DEFAULT ''
) ENGINE=InnoDB DEFAULT CHARSET=utf8mb4;

--
-- テーブルのデータのダンプ `user`
--

INSERT INTO `user` (`id`, `username`, `password`) VALUES
(1, 'Spring', 'Boot');

-- --------------------------------------------------------

--
-- テーブルの構造 `vegetable_ishikawa`
--

CREATE TABLE `vegetable_ishikawa` (
  `id` int(11) DEFAULT NULL,
  `vegetable` varchar(256) DEFAULT NULL,
  `del_flg` varchar(1) DEFAULT NULL,
  `create_date` datetime DEFAULT NULL,
  `update_date` datetime DEFAULT NULL
) ENGINE=InnoDB DEFAULT CHARSET=utf8;

--
-- テーブルのデータのダンプ `vegetable_ishikawa`
--

INSERT INTO `vegetable_ishikawa` (`id`, `vegetable`, `del_flg`, `create_date`, `update_date`) VALUES
(1, 'にんじん', '0', '2018-10-10 00:00:00', '2018-10-10 00:00:00'),
(2, 'じゃがいも', '0', '2018-10-10 00:00:00', '2018-10-10 00:00:00'),
(3, 'たまねぎ', '0', '2018-10-10 00:00:00', '2018-10-10 00:00:00'),
(4, 'キャベツ', '0', '2018-10-10 00:00:00', '2018-10-10 00:00:00'),
(5, '白菜', '0', '2018-10-10 00:00:00', '2018-10-10 00:00:00'),
(6, 'ピーマン', '0', '2018-10-10 00:00:00', '2018-10-10 00:00:00'),
(7, 'トマト', '0', '2018-10-10 00:00:00', '2018-10-10 00:00:00'),
(8, 'ナス', '0', '2018-10-10 00:00:00', '2018-10-10 00:00:00'),
(9, 'かぼちゃ', '0', '2018-10-10 00:00:00', '2018-10-10 00:00:00'),
(10, 'ごぼう', '0', '2018-10-10 00:00:00', '2018-10-10 00:00:00'),
(11, 'だいこん', '0', '2018-10-10 00:00:00', '2018-10-10 00:00:00'),
(12, '筍', '0', '2018-10-10 00:00:00', '2018-10-10 00:00:00'),
(13, '栗', '0', '2018-10-10 00:00:00', '2018-10-10 00:00:00'),
(0, '', '0', '2018-10-10 00:00:00', '2018-10-10 00:00:00');

-- --------------------------------------------------------

--
-- テーブルの構造 `voiceactor_nagatake`
--

CREATE TABLE `voiceactor_nagatake` (
  `voiceactor_id` int(11) NOT NULL,
  `name` varchar(256) DEFAULT NULL,
  `del_flg` varchar(1) DEFAULT NULL,
  `create_date` datetime NOT NULL,
  `update_date` datetime NOT NULL
) ENGINE=InnoDB DEFAULT CHARSET=utf8;

--
-- テーブルのデータのダンプ `voiceactor_nagatake`
--

INSERT INTO `voiceactor_nagatake` (`voiceactor_id`, `name`, `del_flg`, `create_date`, `update_date`) VALUES
(0, NULL, NULL, '2019-09-18 00:00:00', '2019-09-18 00:00:00'),
(1, '野沢雅子', '0', '2019-09-18 00:00:00', '2019-09-18 00:00:00'),
(2, '田中真弓', '0', '2019-09-13 00:00:00', '2019-09-13 00:00:00'),
(3, '松岡禎丞', '0', '2019-09-13 00:00:00', '2019-09-13 00:00:00'),
(4, '本多真梨子', '0', '2019-09-13 00:00:00', '2019-09-13 00:00:00'),
(5, '水瀬いのり', '0', '2019-09-13 00:00:00', '2019-09-13 00:00:00'),
(6, '悠木碧', '0', '2019-09-13 00:00:00', '2019-09-13 00:00:00'),
(7, '中村悠一', '0', '2019-09-13 00:00:00', '2019-09-13 00:00:00'),
(8, '杉山紀彰', '0', '2019-09-13 00:00:00', '2019-09-13 00:00:00'),
(9, '村上虹郎', '0', '2019-09-13 00:00:00', '2019-09-13 00:00:00'),
(10, '福山潤', '0', '2019-09-13 00:00:00', '2019-09-13 00:00:00'),
(11, '小岩井ことり', '0', '2019-09-13 00:00:00', '2019-09-13 00:00:00'),
(12, '山下大輝', '0', '2019-09-13 00:00:00', '2019-09-13 00:00:00'),
(13, '阿部敦', '0', '2019-09-13 00:00:00', '2019-09-13 00:00:00'),
(14, '内山昂輝', '0', '2019-09-13 00:00:00', '2019-09-13 00:00:00'),
(15, '高田憂希', '0', '2019-09-13 00:00:00', '2019-09-13 00:00:00'),
(16, '小林裕介', '0', '2019-09-13 00:00:00', '2019-09-13 00:00:00'),
(17, '平野綾', '0', '2019-09-13 00:00:00', '2019-09-13 00:00:00'),
(18, '福島潤', '0', '2019-09-13 00:00:00', '2019-09-13 00:00:00'),
(19, '阿澄佳奈', '0', '2019-09-13 00:00:00', '2019-09-13 00:00:00'),
(20, '渕上舞', '0', '2019-09-13 00:00:00', '2019-09-13 00:00:00'),
(21, '林延年', '0', '2019-09-13 00:00:00', '2019-09-13 00:00:00'),
(22, '櫻井孝宏', '0', '2019-09-13 00:00:00', '2019-09-13 00:00:00'),
(23, '宮野真守', '0', '2019-09-13 00:00:00', '2019-09-13 00:00:00'),
(24, '木野日菜', '0', '2019-09-13 00:00:00', '2019-09-13 00:00:00'),
(25, '江口拓也', '0', '2019-09-13 00:00:00', '2019-09-13 00:00:00'),
(26, '神谷浩史', '0', '2019-09-13 00:00:00', '2019-09-13 00:00:00');

-- --------------------------------------------------------

--
-- テーブルの構造 `wood_fujimoto`
--

CREATE TABLE `wood_fujimoto` (
  `id` int(11) DEFAULT NULL,
  `wood` varchar(256) DEFAULT NULL,
  `del_flg` varchar(1) DEFAULT NULL,
  `create_date` datetime DEFAULT NULL,
  `update_date` datetime DEFAULT NULL
) ENGINE=InnoDB DEFAULT CHARSET=utf8;

--
-- テーブルのデータのダンプ `wood_fujimoto`
--

INSERT INTO `wood_fujimoto` (`id`, `wood`, `del_flg`, `create_date`, `update_date`) VALUES
(0, '', '0', '2019-05-20 10:27:00', '2019-05-20 10:27:00'),
(1, 'スプルース', '0', '2019-05-20 10:27:00', '2019-05-20 10:27:00'),
(2, 'マホガニー', '0', '2019-05-20 10:27:00', '2019-05-20 10:27:00'),
(3, 'その他', '0', '2019-05-20 10:27:00', '2019-05-20 10:27:00');

-- --------------------------------------------------------

--
-- テーブルの構造 `writer_uchiyama`
--

CREATE TABLE `writer_uchiyama` (
  `id` int(11) NOT NULL,
  `name` varchar(256) COLLATE utf8_unicode_ci DEFAULT NULL,
  `country` varchar(50) COLLATE utf8_unicode_ci DEFAULT NULL,
  `del_flg` varchar(1) COLLATE utf8_unicode_ci DEFAULT NULL,
  `create_date` datetime NOT NULL,
  `update_date` datetime NOT NULL
) ENGINE=InnoDB DEFAULT CHARSET=utf8 COLLATE=utf8_unicode_ci;

--
-- テーブルのデータのダンプ `writer_uchiyama`
--

INSERT INTO `writer_uchiyama` (`id`, `name`, `country`, `del_flg`, `create_date`, `update_date`) VALUES
(0, NULL, NULL, '0', '2019-09-17 00:00:00', '2019-09-17 00:00:00'),
(1, 'イワン・ツルゲーネフ', 'ロシア', '0', '2019-09-17 00:00:00', '2019-09-17 00:00:00'),
(2, 'レフ・ニコラエヴィチ・トルストイ', 'ロシア', '0', '2019-09-17 00:00:00', '2019-09-17 00:00:00'),
(3, 'ポール・オースター', 'アメリカ', '0', '2019-09-17 00:00:00', '2019-09-17 00:00:00'),
(4, 'チャールズ・ブコウスキー', 'アメリカ', '0', '2019-09-17 00:00:00', '2019-09-17 00:00:00'),
(5, 'ブライアン・エヴンソン', 'アメリカ', '0', '2019-09-17 00:00:00', '2019-09-17 00:00:00'),
(6, 'レイモンド・カーヴァー', 'アメリカ', '0', '2019-09-17 00:00:00', '2019-09-17 00:00:00'),
(7, '柴田元幸', '日本', '0', '2019-09-17 00:00:00', '2019-09-17 00:00:00'),
(8, 'グレッグ・イーガン', 'オーストラリア', '0', '2019-09-17 00:00:00', '2019-09-17 00:00:00'),
(9, '円城塔', '日本', '0', '2019-09-17 00:00:00', '2019-09-17 00:00:00'),
(10, '夢野久作', '日本', '0', '2019-09-17 00:00:00', '2019-09-17 00:00:00'),
(11, 'アンソニー・バージェス', 'イギリス', '0', '2019-09-17 00:00:00', '2019-09-17 00:00:00'),
(12, '伊藤計劃', '日本', '0', '2019-09-17 00:00:00', '2019-09-17 00:00:00'),
(13, '岸政彦', '日本', '0', '2019-09-17 00:00:00', '2019-09-17 00:00:00'),
(14, '北大路魯山人', '日本', '0', '2019-09-17 00:00:00', '2019-09-17 00:00:00'),
(15, 'ジェローム・ディヴィッド・サリンジャー', 'アメリカ', '0', '2019-09-17 00:00:00', '2019-09-17 00:00:00'),
(16, 'カレン・ラッセル', 'アメリカ', '0', '2019-09-17 00:00:00', '2019-09-17 00:00:00'),
(17, 'ダグラス・アダムズ', 'イギリス', '0', '2019-09-17 00:00:00', '2019-09-17 00:00:00'),
(18, '月村了衛', '日本', '0', '2019-09-17 00:00:00', '2019-09-17 00:00:00'),
(19, 'ギ・ド・モーパッサン', 'フランス', '0', '2019-09-17 00:00:00', '2019-09-17 00:00:00'),
(20, 'トマス・モア', 'イングランド王国', '0', '2019-09-17 00:00:00', '2019-09-17 00:00:00'),
(21, 'ハーバート・ジョージ・ウェルズ', 'イギリス', '0', '2019-09-17 00:00:00', '2019-09-17 00:00:00'),
(22, 'フランツ・カフカ', 'オーストリア', '0', '2019-09-17 00:00:00', '2019-09-17 00:00:00'),
(23, 'ニコライ・ゴーゴリ', 'ロシア', '0', '2019-09-17 00:00:00', '2019-09-17 00:00:00'),
(24, 'ケン・リュウ', 'アメリカ', '0', '2019-09-17 00:00:00', '2019-09-17 00:00:00'),
(25, 'イタロ・カルヴィーノ', 'イタリア', '0', '2019-09-17 00:00:00', '2019-09-17 00:00:00'),
(26, 'リチャード・ブローディガン', 'アメリカ', '0', '2019-09-17 00:00:00', '2019-09-17 00:00:00'),
(27, 'カーソン・マッカラーズ', 'アメリカ', '0', '2019-09-17 00:00:00', '2019-09-17 00:00:00'),
(28, '太宰治', '日本', '0', '2019-09-17 00:00:00', '2019-09-17 00:00:00');

-- --------------------------------------------------------

--
-- テーブルの構造 `yugioh_main_okugawa`
--

CREATE TABLE `yugioh_main_okugawa` (
  `id` int(11) NOT NULL,
  `name` varchar(256) NOT NULL,
  `series_id` int(11) NOT NULL,
  `deck_id` int(11) DEFAULT NULL,
  `summons` varchar(256) DEFAULT NULL,
  `comment` varchar(256) DEFAULT NULL,
  `del_flg` varchar(1) DEFAULT NULL,
  `create_date` datetime NOT NULL,
  `update_date` datetime NOT NULL
) ENGINE=InnoDB DEFAULT CHARSET=utf8;

--
-- テーブルのデータのダンプ `yugioh_main_okugawa`
--

INSERT INTO `yugioh_main_okugawa` (`id`, `name`, `series_id`, `deck_id`, `summons`, `comment`, `del_flg`, `create_date`, `update_date`) VALUES
(1, '武藤 遊戯', 1, 6, 'アドバンス', '王様', '0', '2019-06-10 12:00:00', '2019-06-18 13:00:22'),
(2, '海馬 瀬人', 1, 5, 'アドバンス', 'かっこいい。社長。', '0', '2019-06-10 12:00:00', '2019-06-11 13:00:00'),
(3, '城之内 克也', 1, 3, 'アドバンス', '凡骨デュエリスト', '0', '2019-06-10 12:00:00', '2019-06-11 13:00:00'),
(4, '真崎 杏子', 1, NULL, NULL, 'ネタバレ女', '0', '2019-06-10 12:00:00', '2019-06-18 11:53:39'),
(5, '本田 ヒロト', 1, NULL, NULL, '空気', '0', '2019-06-10 12:00:00', '2019-06-18 11:53:45'),
(6, '獏良 了', 1, 6, 'アドバンス', '闇サトシ', '0', '2019-06-10 12:00:00', '2019-06-11 13:00:00'),
(7, '御伽 龍児', 1, 3, 'アドバンス', 'ダイスロール', '0', '2019-06-10 12:00:00', '2019-06-11 13:00:00'),
(8, '孔雀 舞', 1, 4, 'アドバンス', '大人の女性', '0', '2019-06-10 12:00:00', '2019-06-11 13:00:00'),
(9, 'インゼクター羽蛾', 1, 3, 'アドバンス', '虫野郎', '0', '2019-06-10 12:00:00', '2019-06-11 13:00:00'),
(10, 'ダイナソー竜崎', 1, 3, 'アドバンス', 'エースぱくられ男', '0', '2019-06-10 12:00:00', '2019-06-11 13:00:00'),
(11, '梶木 漁太', 1, 2, 'アドバンス', '漁師', '0', '2019-06-10 12:00:00', '2019-06-11 13:00:00'),
(12, 'キース・ハワード', 1, 6, 'アドバンス', 'トムに負ける男', '0', '2019-06-10 12:00:00', '2019-06-11 13:00:00'),
(13, 'ペガサス・J・クロフォード', 1, 6, '儀式', 'ﾃﾞｰｽ', '0', '2019-06-10 12:00:00', '2019-06-18 11:38:25'),
(14, 'マリク・イシュタール', 1, 6, 'アドバンス', 'ｦｰ', '0', '2019-06-10 12:00:00', '2019-06-18 11:38:39'),
(15, '遊城 十代', 2, 5, '融合', '闇落ち主人公', '0', '2019-06-10 12:00:00', '2019-06-11 13:00:00'),
(16, '万城目 準', 2, 6, '融合', '万城目サンダー', '0', '2019-06-10 12:00:00', '2019-06-11 13:00:00'),
(17, '天上院 明日香', 2, 5, '儀式', '美', '0', '2019-06-10 12:00:00', '2019-06-11 13:00:00'),
(18, '丸藤 翔', 2, 3, '融合', '弟', '0', '2019-06-10 12:00:00', '2019-06-11 13:00:00'),
(19, '三沢 大地', 2, 2, 'アドバンス', '公式に空気扱いされる男', '0', '2019-06-10 12:00:00', '2019-06-11 13:00:00'),
(20, 'ティラノ剣山', 2, 3, 'アドバンス', '語尾ザウルス', '0', '2019-06-10 12:00:00', '2019-06-11 13:00:00'),
(21, '丸藤 亮', 2, 5, '融合', 'かっこいい。リスペクト。', '0', '2019-06-10 12:00:00', '2019-06-11 13:00:00'),
(22, 'エド・フェニックス', 2, 6, '融合', 'オサレ', '0', '2019-06-10 12:00:00', '2019-06-11 13:00:00'),
(23, '天上院 吹雪', 2, 6, 'アドバンス', '闇が深い', '0', '2019-06-10 12:00:00', '2019-06-11 13:00:00'),
(24, 'クロノス・デ・メディチ', 2, 3, '融合', '愛され教諭', '0', '2019-06-10 12:00:00', '2019-06-11 13:00:00'),
(25, '斎王 琢磨', 2, 5, 'アドバンス', '子安', '0', '2019-06-10 12:00:00', '2019-06-11 13:00:00'),
(26, 'ヨハン・アンデルセン', 2, 5, 'アドバンス', '会話のドッジボール', '0', '2019-06-10 12:00:00', '2019-06-11 13:00:00'),
(27, 'オースチン・オブライエン', 2, 1, 'アドバンス', 'マリオ', '0', '2019-06-10 12:00:00', '2019-06-11 13:00:00'),
(28, 'ジム・クロコダイル・クック', 2, 3, '融合', 'ワニ男', '0', '2019-06-10 12:00:00', '2019-06-11 13:00:00'),
(29, 'アモン・ガラム', 2, 2, 'アドバンス', 'マッスル1', '0', '2019-06-10 12:00:00', '2019-06-11 13:00:00'),
(30, 'プロフェッサー・コブラ', 2, 6, 'アドバンス', 'マッスル2', '0', '2019-06-10 12:00:00', '2019-06-11 13:00:00'),
(31, 'カイバーマン', 2, 5, '融合', '粉砕玉砕大喝采', '0', '2019-06-10 12:00:00', '2019-06-11 13:00:00'),
(32, '不動 遊星', 3, 4, 'シンクロ', '個人的歴代最高主人公', '0', '2019-06-10 12:00:00', '2019-06-11 13:00:00'),
(33, 'ジャック・アトラス', 3, 6, 'シンクロ', 'キング', '0', '2019-06-10 12:00:00', '2019-06-11 13:00:00'),
(34, 'クロウ・ホーガン', 3, 6, 'シンクロ', 'インチキ男', '0', '2019-06-10 12:00:00', '2019-06-11 13:00:00'),
(35, '十六夜 アキ', 3, 1, 'シンクロ', 'ドS', '0', '2019-06-10 12:00:00', '2019-06-11 13:00:00'),
(36, '龍亞', 3, 3, 'シンクロ', '兄貴', '0', '2019-06-10 12:00:00', '2019-06-11 13:00:00'),
(37, '龍可', 3, 5, 'シンクロ', '他力本願うなぎ', '0', '2019-06-10 12:00:00', '2019-06-18 11:20:43'),
(38, 'レクス・ゴドウィン', 3, 6, 'アドバンス', '筋肉ダルマ', '0', '2019-06-10 12:00:00', '2019-06-11 13:00:00'),
(39, 'イェーガー', 3, 6, 'アドバンス', '道化', '0', '2019-06-10 12:00:00', '2019-06-11 13:00:00'),
(40, '牛尾 哲', 3, 3, 'シンクロ', '頼りになる', '0', '2019-06-10 12:00:00', '2019-06-11 13:00:00'),
(41, 'ルドガー・ゴドウィン', 3, 6, 'アドバンス', '死のダンス', '0', '2019-06-10 12:00:00', '2019-06-11 13:00:00'),
(42, 'ディマク', 3, 6, 'アドバンス', 'サル', '0', '2019-06-10 12:00:00', '2019-06-11 13:00:00'),
(43, '鬼柳 京介', 3, 6, 'シンクロ', '満足', '0', '2019-06-10 12:00:00', '2019-06-11 13:00:00'),
(44, 'カーリー渚', 3, 6, 'アドバンス', '個人的にヒロイン', '0', '2019-06-10 12:00:00', '2019-06-11 13:00:00'),
(45, 'ミスティ・ローラ', 3, 6, 'アドバンス', 'ブラコン', '0', '2019-06-10 12:00:00', '2019-06-11 13:00:00'),
(46, 'ボマー', 3, 6, 'アドバンス', '巨人', '0', '2019-06-10 12:00:00', '2019-06-18 11:26:31'),
(47, 'ドラガン', 3, 3, 'シンクロ', '脳筋', '0', '2019-06-10 12:00:00', '2019-06-11 13:00:00'),
(48, 'ブレイブ', 3, 6, 'シンクロ', '子供好き', '0', '2019-06-10 12:00:00', '2019-06-11 13:00:00'),
(49, 'ハラルド', 3, 5, 'シンクロ', 'まるで意味が分からんぞ', '0', '2019-06-10 12:00:00', '2019-06-11 13:00:00'),
(50, 'シェリー・ルブラン', 3, 4, 'シンクロ', 'カード出して', '0', '2019-06-10 12:00:00', '2019-06-11 13:00:00'),
(51, 'ブルーノ', 3, 5, 'シンクロ', 'つらい', '0', '2019-06-10 12:00:00', '2019-06-11 13:00:00'),
(52, 'アポリア', 3, 5, 'アドバンス', '手のひら', '0', '2019-06-10 12:00:00', '2019-06-18 13:01:46'),
(53, 'パラドックス', 3, 6, 'アドバンス', '田村', '0', '2019-06-10 12:00:00', '2019-06-11 13:00:00'),
(54, 'ゾーン', 3, 5, 'アドバンス', '未来人', '0', '2019-06-10 12:00:00', '2019-06-11 13:00:00'),
(55, '九十九 遊馬', 4, 5, 'エクシーズ', 'カットビング', '0', '2019-06-10 12:00:00', '2019-06-11 13:00:00'),
(56, '観月 小鳥', 4, 5, 'エクシーズ', 'まじ(代行)天使', '0', '2019-06-10 12:00:00', '2019-06-11 13:00:00'),
(57, '神代 凌牙', 4, 2, 'エクシーズ', '元不良', '0', '2019-06-10 12:00:00', '2019-06-11 13:00:00'),
(58, '天城 カイト', 4, 5, 'エクシーズ', 'すぐハルト', '0', '2019-06-10 12:00:00', '2019-06-11 13:00:00'),
(59, 'ゴーシュ', 4, 3, 'エクシーズ', 'いいノリしてる人', '0', '2019-06-10 12:00:00', '2019-06-11 13:00:00'),
(60, 'ドロワ', 4, 6, 'エクシーズ', 'そんな覚えてない', '0', '2019-06-10 12:00:00', '2019-06-11 13:00:00'),
(61, 'バイロン・アークライト', 4, 5, 'エクシーズ', 'お父様', '0', '2019-06-10 12:00:00', '2019-06-11 13:00:00'),
(62, 'クリストファー・アークライト', 4, 5, 'エクシーズ', '長男', '0', '2019-06-10 12:00:00', '2019-06-11 13:00:00'),
(63, 'トーマス・アークライト', 4, 6, 'エクシーズ', '次男', '0', '2019-06-10 12:00:00', '2019-06-11 13:00:00'),
(64, 'ミハエル・アークライト', 4, 3, 'エクシーズ', '三男', '0', '2019-06-10 12:00:00', '2019-06-11 13:00:00'),
(65, 'ドルベ', 4, 5, 'エクシーズ', '無能', '0', '2019-06-10 12:00:00', '2019-06-11 13:00:00'),
(66, 'ギラグ', 4, 3, 'エクシーズ', '女にやさしい', '0', '2019-06-10 12:00:00', '2019-06-11 13:00:00'),
(67, 'アリト', 4, 1, 'エクシーズ', 'いいやつだった', '0', '2019-06-10 12:00:00', '2019-06-11 13:00:00'),
(68, 'ミザエル', 4, 5, 'エクシーズ', 'タキオン厨', '0', '2019-06-10 12:00:00', '2019-06-11 13:00:00'),
(69, 'ベクター', 4, 6, 'エクシーズ', 'ZEXALの8割', '0', '2019-06-10 12:00:00', '2019-06-11 13:00:00'),
(70, 'メラグ', 4, 2, 'エクシーズ', 'センス高い', '0', '2019-06-10 12:00:00', '2019-06-11 13:00:00'),
(71, 'ドン・サウザンド', 4, 5, 'エクシーズ', '絶対許されない男', '0', '2019-06-10 12:00:00', '2019-06-11 13:00:00'),
(72, '榊 遊矢', 5, 6, 'ペンデュラム', 'メンヘラ主人公', '0', '2019-06-10 12:00:00', '2019-06-11 13:00:00'),
(73, 'ユート', 5, 6, 'エクシーズ', '腹パン男', '0', '2019-06-10 12:00:00', '2019-06-11 13:00:00'),
(74, 'ユーゴ', 5, 4, 'シンクロ', '融合じゃない人', '0', '2019-06-10 12:00:00', '2019-06-11 13:00:00'),
(75, 'ユーリ', 5, 6, '融合', 'ねっとり', '0', '2019-06-10 12:00:00', '2019-06-11 13:00:00'),
(76, '柊 柚子', 5, 5, '融合', 'ストロング', '0', '2019-06-10 12:00:00', '2019-06-11 13:00:00'),
(77, 'セレナ', 5, 6, '融合', '脳筋女', '0', '2019-06-10 12:00:00', '2019-06-11 13:00:00'),
(78, 'リン', 5, 4, 'シンクロ', '足蹴り女', '0', '2019-06-10 12:00:00', '2019-06-11 13:00:00'),
(79, '黒咲 瑠璃', 5, 4, 'エクシーズ', '兄が面白い', '0', '2019-06-10 12:00:00', '2019-06-11 13:00:00'),
(80, '赤馬 零児', 5, 6, 'ペンデュラム', '有能', '0', '2019-06-10 12:00:00', '2019-06-11 13:00:00'),
(81, '権現坂 昇', 5, 3, 'シンクロ', 'いいやつ', '0', '2019-06-10 12:00:00', '2019-06-11 13:00:00'),
(82, '紫雲院 素良', 5, 6, '融合', '顔芸', '0', '2019-06-10 12:00:00', '2019-06-11 13:00:00'),
(83, '沢渡 シンゴ', 5, 4, 'ペンデュラム', 'なんだかんだ人気', '0', '2019-06-10 12:00:00', '2019-06-11 13:00:00'),
(84, '黒咲 隼', 5, 6, 'エクシーズ', '愛され男', '0', '2019-06-10 12:00:00', '2019-06-11 13:00:00'),
(85, '風魔 月影', 5, 6, 'アドバンス', '邪魔しに参った', '0', '2019-06-10 12:00:00', '2019-06-11 13:00:00'),
(86, 'デニス・マックフィールド', 5, 5, 'ペンデュラム', '裏しかない', '0', '2019-06-10 12:00:00', '2019-06-11 13:00:00'),
(87, '志島 北斗', 5, 5, 'エクシーズ', '中の人が良い', '0', '2019-06-10 12:00:00', '2019-06-11 13:00:00'),
(88, '光津 真澄', 5, 3, '融合', '友情の人', '0', '2019-06-10 12:00:00', '2019-06-11 13:00:00'),
(89, '刀堂 刃', 5, 3, 'シンクロ', 'リアルファイトで負けた人', '0', '2019-06-10 12:00:00', '2019-06-11 13:00:00'),
(90, 'シンジ・ウェーバー', 5, 4, 'シンクロ', 'イキリ', '0', '2019-06-10 12:00:00', '2019-06-11 13:00:00'),
(91, '徳松 長次郎', 5, 6, 'シンクロ', 'いい人', '0', '2019-06-10 12:00:00', '2019-06-11 13:00:00'),
(92, '藤木 遊作', 6, 6, 'リンク', '勝率高い人', '0', '2019-06-10 12:00:00', '2019-06-11 13:00:00'),
(93, '穂村 尊', 6, 1, 'リンク', '環境', '0', '2019-06-10 12:00:00', '2019-06-11 13:00:00'),
(94, '財前 葵', 6, 5, 'リンク', '後半でやっとヒロイン', '0', '2019-06-10 12:00:00', '2019-06-11 13:00:00'),
(95, '鬼塚 豪', 6, 3, 'リンク', 'カリスマ()', '0', '2019-06-10 12:00:00', '2019-06-18 11:54:44'),
(96, '財前 晃', 6, 6, 'リンク', 'お兄様', '0', '2019-06-10 12:00:00', '2019-06-18 13:06:38'),
(97, '道順 健碁', 6, 4, 'リンク', 'お母さん孝行', '0', '2019-06-10 12:00:00', '2019-06-11 13:00:00'),
(98, '別所 エマ', 6, 6, 'リンク', 'ゴーストおばさん', '0', '2019-06-10 12:00:00', '2019-06-11 13:00:00'),
(99, '鴻上 了見', 6, 6, 'リンク', 'かっこいい。良い。推す。', '0', '2019-06-10 12:00:00', '2019-06-11 13:00:00'),
(100, 'スペクター', 6, 3, 'リンク', 'ママ大好き', '0', '2019-06-10 12:00:00', '2019-06-18 11:32:05');

-- --------------------------------------------------------

--
-- テーブルの構造 `yuru_belong_yokoyama`
--

CREATE TABLE `yuru_belong_yokoyama` (
  `belong_id` int(11) NOT NULL,
  `belong` varchar(256) NOT NULL,
  `del_flg` varchar(1) DEFAULT NULL,
  `create_date` datetime DEFAULT NULL,
  `update_date` datetime DEFAULT NULL
) ENGINE=InnoDB DEFAULT CHARSET=utf8;

--
-- テーブルのデータのダンプ `yuru_belong_yokoyama`
--

INSERT INTO `yuru_belong_yokoyama` (`belong_id`, `belong`, `del_flg`, `create_date`, `update_date`) VALUES
(1, 'ご当地', '0', '2019-04-12 00:00:00', '2019-04-12 00:00:00'),
(2, '企業', '0', '2019-04-12 00:00:00', '2019-04-12 00:00:00'),
(3, 'その他', '0', '2019-04-12 00:00:00', '2019-04-12 00:00:00');

-- --------------------------------------------------------

--
-- テーブルの構造 `yuru_data_yokoyama`
--

CREATE TABLE `yuru_data_yokoyama` (
  `id` int(11) NOT NULL,
  `name` varchar(256) NOT NULL,
  `from_id` int(11) DEFAULT NULL,
  `belong_id` int(11) DEFAULT NULL,
  `point` varchar(256) DEFAULT NULL,
  `img` varchar(256) DEFAULT NULL,
  `del_flg` varchar(1) DEFAULT NULL,
  `create_date` datetime DEFAULT NULL,
  `update_date` datetime DEFAULT NULL
) ENGINE=InnoDB DEFAULT CHARSET=utf8;

--
-- テーブルのデータのダンプ `yuru_data_yokoyama`
--

INSERT INTO `yuru_data_yokoyama` (`id`, `name`, `from_id`, `belong_id`, `point`, `img`, `del_flg`, `create_date`, `update_date`) VALUES
(1, 'さんかくやまベェ', 1, 1, '150万歳とされている', '/YuruYokoyama/001.png', '0', '2019-04-15 00:00:00', '2019-04-15 00:00:00'),
(2, 'メロン熊', 1, 1, '畑いじりが趣味', '/YuruYokoyama/002.png', '0', '2019-04-15 00:00:00', '2019-04-15 00:00:00'),
(3, 'むすび丸', 4, 1, '伊達政宗公の兜の飾りがチャームポイント', '/YuruYokoyama/003.png', '0', '2019-04-15 00:00:00', '2019-04-15 00:00:00'),
(4, '独眼竜ねこまさむね', 4, 1, '奥州のはしゃ', '/YuruYokoyama/004.png', '0', '2019-04-15 00:00:00', '2019-04-15 00:00:00'),
(5, 'ハネトン', 2, 1, 'ねぶた踊りが得意', '/YuruYokoyama/005.png', '0', '2019-04-15 00:00:00', '2019-04-15 00:00:00'),
(6, 'たか丸くん', 2, 1, '調子に乗りやすい', '/YuruYokoyama/006.png', '0', '2019-04-15 00:00:00', '2019-04-15 00:00:00'),
(7, 'しわまろくん', 3, 1, 'ガールフレンドがいる', '/YuruYokoyama/007.png', '0', '2019-04-15 00:00:00', '2019-04-15 00:00:00'),
(8, 'サーモンくん&みやこちゃん', 3, 1, '11月11日(鮭の日)うまれ', '/YuruYokoyama/008.png', '0', '2019-04-15 00:00:00', '2019-04-15 00:00:00'),
(9, 'スポまる', 5, 1, '走るスピードが速いため、たてがみがなびいている', '/YuruYokoyama/009.png', '0', '2019-04-15 00:00:00', '2019-04-15 00:00:00'),
(10, 'ニャンパチ', 5, 1, 'ふわふわな肉球', '/YuruYokoyama/010.png', '0', '2019-04-15 00:00:00', '2019-04-15 00:00:00'),
(11, 'はながたベニちゃん', 6, 1, '「～ベニ」がつく話し方', '/YuruYokoyama/011.png', '0', '2019-04-15 00:00:00', '2019-04-15 00:00:00'),
(12, 'ももりん', 7, 1, '「もも」と「リンゴ」から「ももりん」と名付られた', '/YuruYokoyama/012.png', '0', '2019-04-15 00:00:00', '2019-04-15 00:00:00'),
(13, 'カブトン', 7, 1, '常に前向きでチャレンジ精神が旺盛', '/YuruYokoyama/013.png', '0', '2019-04-15 00:00:00', '2019-04-15 00:00:00'),
(14, '新宿あわわ', 13, 1, 'きれい好き', '/YuruYokoyama/014.png', '0', '2019-04-15 00:00:00', '2019-04-15 00:00:00'),
(15, '稲城なしのすけ', 13, 1, '梨型メカ', '/YuruYokoyama/015.png', '0', '2019-04-15 00:00:00', '2019-04-15 00:00:00'),
(16, '横浜みどりアップ葉っぴー', 14, 1, '体重88g（葉っぱだけに）', '/YuruYokoyama/016.png', '0', '2019-04-15 00:00:00', '2019-04-15 00:00:00'),
(17, 'かわさきミュートン', 14, 1, '尊敬する人 : 坂本九さん', '/YuruYokoyama/017.png', '0', '2019-04-15 00:00:00', '2019-04-15 00:00:00'),
(18, 'さがみん', 14, 1, '人懐っこくてピュア', '/YuruYokoyama/018.png', '0', '2019-04-15 00:00:00', '2019-04-15 00:00:00'),
(19, 'つなが竜ヌゥ', 11, 1, '\"見沼田んぼ\"の主の子孫', '/YuruYokoyama/019.png', '0', '2019-04-15 00:00:00', '2019-04-15 00:00:00'),
(20, 'ちはなちゃん', 12, 1, 'おっとりしている', '/YuruYokoyama/020.png', '0', '2019-04-15 00:00:00', '2019-04-15 00:00:00'),
(21, 'ねば～る君', 8, 1, 'こねればこねる程味が出る', '/YuruYokoyama/021.png', '0', '2019-04-15 00:00:00', '2019-04-15 00:00:00'),
(22, 'ミヤリー', 9, 1, '上から目線で毒舌', '/YuruYokoyama/022.png', '0', '2019-04-15 00:00:00', '2019-04-15 00:00:00'),
(23, 'ぐんまちゃん', 10, 1, '特技 : 変身', '/YuruYokoyama/023.png', '0', '2019-04-15 00:00:00', '2019-04-15 00:00:00'),
(24, '笹だるま', 15, 1, '「幸せトルネード」', '/YuruYokoyama/024.png', '0', '2019-04-15 00:00:00', '2019-04-15 00:00:00'),
(25, 'アルクマ', 20, NULL, '信州に出没する､大変珍しいクマ', '/YuruYokoyama/025.png', '0', '2019-04-15 00:00:00', '2019-04-15 00:00:00'),
(26, 'とりもっちゃん', 19, 1, '40歳（酉年）', '/YuruYokoyama/026.png', '0', '2019-04-15 00:00:00', '2019-04-15 00:00:00'),
(27, 'はち丸&かなえっち', 23, 1, '風呂敷の中にかなえっちが入ってる', '/YuruYokoyama/027.png', '0', '2019-04-15 00:00:00', '2019-04-15 00:00:00'),
(28, 'オカザえもん', 23, 1, '拙者、オカザえもんと申しますでござる～', '/YuruYokoyama/028.png', '0', '2019-04-15 00:00:00', '2019-04-15 00:00:00'),
(29, 'うーたん', 21, 1, '特別住民票を持っている', '/YuruYokoyama/029.png', '0', '2019-04-15 00:00:00', '2019-04-15 00:00:00'),
(30, 'ゴーちゃん', 24, 1, '伯父上は織田信長', '/YuruYokoyama/030.png', '0', '2019-04-15 00:00:00', '2019-04-15 00:00:00'),
(31, 'しずみぃ', 22, 1, '10歳（小学校4年生）', '/YuruYokoyama/031.png', '0', '2019-04-15 00:00:00', '2019-04-15 00:00:00'),
(32, '出世大名家康くん', 22, 1, '浜名湖うなぎのちょんまげ', '/YuruYokoyama/032.png', '0', '2019-04-15 00:00:00', '2019-04-15 00:00:00'),
(33, '市立探偵ペロリッチ', 16, 1, '惚れっぽいが時には義理堅い', '/YuruYokoyama/033.png', '0', '2019-04-15 00:00:00', '2019-04-15 00:00:00'),
(34, 'かなりん', 17, 1, '特技 : 足じゃんけん', '/YuruYokoyama/034.png', '0', '2019-04-15 00:00:00', '2019-04-15 00:00:00'),
(35, '朝倉ゆめまる', 18, 1, '一乗谷朝倉氏遺跡に住む妖精', '/YuruYokoyama/035.png', '0', '2019-04-15 00:00:00', '2019-04-15 00:00:00'),
(36, 'ゆめまるくん', 27, 1, '額にある「C」の前髪は中央区の「C」を表している', '/YuruYokoyama/036.png', '0', '2019-04-15 00:00:00', '2019-04-15 00:00:00'),
(37, 'かもめん', 28, 1, 'くちぐせ : 「〇〇もめ」', '/YuruYokoyama/037.png', '0', '2019-04-15 00:00:00', '2019-04-15 00:00:00'),
(38, '時のわらし', 28, 1, '明石の時間を守り続ける\"時の妖精\"', '/YuruYokoyama/038.jpg', '0', '2019-04-15 00:00:00', '2019-04-15 00:00:00'),
(39, 'にしきょう・たけにょん', 26, 1, '少し内股な足がチャームポイント', '/YuruYokoyama/039.png', '0', '2019-04-15 00:00:00', '2019-04-15 00:00:00'),
(40, 'ひこにゃん', 25, 1, '1日3回、彦根城天守前広場や彦根城博物館に登場', '/YuruYokoyama/040.png', '0', '2019-04-15 00:00:00', '2019-04-15 00:00:00'),
(41, 'おおつ光ルくん\n（おおつひかるくん）', 25, 1, '衣食住が足りすぎて運動不足', '/YuruYokoyama/041.png', '0', '2019-04-15 00:00:00', '2019-04-15 00:00:00'),
(42, 'せんとくん', 29, 1, '平城遷都1300年祭をアピールするため誕生', '/YuruYokoyama/042.png', '0', '2019-04-15 00:00:00', '2019-04-15 00:00:00'),
(43, 'しかまろくん', 29, 1, 'のんびり屋', '/YuruYokoyama/043.png', '0', '2019-04-15 00:00:00', '2019-04-15 00:00:00'),
(44, 'きいちゃん', 30, 1, '紀州犬をモチーフにした元気いっぱいのマスコット', '/YuruYokoyama/044.png', '0', '2019-04-15 00:00:00', '2019-04-15 00:00:00'),
(45, 'たけちゃま', 34, 1, '恥ずかしがり屋で、公ではささやいて家臣に代弁させる', '/YuruYokoyama/045.png', '0', '2019-04-15 00:00:00', '2019-04-15 00:00:00'),
(46, 'はっさくん', 34, 1, '因島のことになると熱くなる', '/YuruYokoyama/046.png', '0', '2019-04-15 00:00:00', '2019-04-15 00:00:00'),
(47, 'ミコロ?ハコロ', 33, 1, '特技 : ころころすること', '/YuruYokoyama/047.png', '0', '2019-04-15 00:00:00', '2019-04-15 00:00:00'),
(48, 'SUGO！USAGI?イーくん', 31, 1, '実は3つ子で、他にのんびり屋の「ナーくん」と、しっかり者の「バーくん」がいる', '/YuruYokoyama/048.png', '0', '2019-04-15 00:00:00', '2019-04-15 00:00:00'),
(49, 'しまねっこ', 32, 1, '最近食べすぎで少し動きが鈍い', '/YuruYokoyama/049.png', '0', '2019-04-15 00:00:00', '2019-04-15 00:00:00'),
(50, 'おおちゃん', 35, 1, 'ロマンチスト、熱血な一面も', '/YuruYokoyama/050.png', '0', '2019-04-15 00:00:00', '2019-04-15 00:00:00'),
(51, 'うっち～', 35, 1, '天真爛漫、ドジっ子', '/YuruYokoyama/051.png', '0', '2019-04-15 00:00:00', '2019-04-15 00:00:00'),
(52, 'ほっくん', 35, 1, '水平線に沈む夕日と「豊」の文字を表現', '/YuruYokoyama/052.png', '0', '2019-04-15 00:00:00', '2019-04-15 00:00:00'),
(53, 'すだちくん', 36, 1, '愛くるしい笑顔', '/YuruYokoyama/053.png', '0', '2019-04-15 00:00:00', '2019-04-15 00:00:00'),
(54, 'ときたま', 37, 1, '正式名称 : 常磐 玉吾', '/YuruYokoyama/054.png', '0', '2019-04-15 00:00:00', '2019-04-15 00:00:00'),
(55, 'しまぼう', 38, 1, '足は短いけど、高くジャンプすることができる', '/YuruYokoyama/055.png', '0', '2019-04-15 00:00:00', '2019-04-15 00:00:00'),
(56, 'いまばり バリィさん', 38, 1, '焼き鳥のまち今治（いまばり）生まれ今治育ちのトリ', '/YuruYokoyama/056.png', '0', '2019-04-15 00:00:00', '2019-04-15 00:00:00'),
(57, 'ケーちゃん', 39, 1, '頭の上に乗っているのは県花「やまもも」がチャームーポイント', '/YuruYokoyama/057.png', '0', '2019-04-15 00:00:00', '2019-04-15 00:00:00'),
(58, 'しんじょう君', 39, 1, '須崎市の新荘川で、最後に確認されたニホンカワウソ', '/YuruYokoyama/058.png', '0', '2019-04-15 00:00:00', '2019-04-15 00:00:00'),
(59, 'ふくおか官兵衛くん', 40, 1, '倹約好き（たまに大盤振る舞いする）', '/YuruYokoyama/059.png', '0', '2019-04-15 00:00:00', '2019-04-15 00:00:00'),
(60, 'プチボザウルス', 40, 1, '友達 : 環境戦士アースマン', '/YuruYokoyama/060.png', '0', '2019-04-15 00:00:00', '2019-04-15 00:00:00'),
(61, 'はんしゃろん', 41, 1, '\"反射炉\"の守り神', '/YuruYokoyama/061.png', '0', '2019-04-15 00:00:00', '2019-04-15 00:00:00'),
(62, 'さるくちゃん', 42, 1, '顔にひらがなで、「さ」「る」「く」の3文字が入っている', '/YuruYokoyama/062.png', '0', '2019-04-15 00:00:00', '2019-04-15 00:00:00'),
(63, 'くまモン', 43, 1, 'やんちゃで好奇心いっぱい', '/YuruYokoyama/063.png', '0', '2019-04-15 00:00:00', '2019-04-15 00:00:00'),
(64, 'たかもん', 44, 1, '「サル」と「山」のしたたかな使い分け', '/YuruYokoyama/064.png', '0', '2019-04-15 00:00:00', '2019-04-15 00:00:00'),
(65, 'ミッシちゃん', 45, 1, '宮崎の青島という島に住んでいる妖精', '/YuruYokoyama/065.png', '0', '2019-04-15 00:00:00', '2019-04-15 00:00:00'),
(66, 'サクラエンジェルちゃん', 46, 1, '特技 : ジャンプと投げキッス', '/YuruYokoyama/066.png', '0', '2019-04-15 00:00:00', '2019-04-15 00:00:00'),
(67, 'だちびんくん', 47, 1, '頭からいろいろな物が出せる（お菓子など）', '/YuruYokoyama/067.png', '0', '2019-04-15 00:00:00', '2019-04-15 00:00:00'),
(68, 'なんじぃ', 47, 1, '相棒の白ヤギ\"ヤッギー\"と一緒に南城市の青い海でよく遊んでいるよ♪', '/YuruYokoyama/068.png', '0', '2019-04-15 00:00:00', '2019-04-15 00:00:00'),
(69, 'ハリーホーク', NULL, 3, '福岡ソフトバンクホークスのマスコット', '/YuruYokoyama/069.jpg', '0', '2019-04-15 00:00:00', '2019-04-15 00:00:00'),
(70, 'レオ', NULL, 3, '埼玉西武ライオンズのマスコット', '/YuruYokoyama/070.jpg', '0', '2019-04-15 00:00:00', '2019-04-15 00:00:00'),
(71, 'ジャビット君', NULL, 3, ' 読売ジャイアンツのマスコット', '/YuruYokoyama/071.jpg', '0', '2019-04-15 00:00:00', '2019-04-15 00:00:00'),
(72, 'トラッキー', NULL, 3, '阪神タイガースのマスコット', '/YuruYokoyama/072.jpg', '0', '2019-04-15 00:00:00', '2019-04-15 00:00:00'),
(73, 'ドアラ', NULL, 3, '中日ドラゴンズのマスコット。荒ぶる有袋類。 ', '/YuruYokoyama/073.jpg', '0', '2019-04-15 00:00:00', '2019-04-15 00:00:00'),
(74, 'つば九郎', NULL, 3, '東京ヤクルトスワローズのマスコット。畜ペン。', '/YuruYokoyama/074.jpg', '0', '2019-04-15 00:00:00', '2019-04-15 00:00:00'),
(75, 'かんぽくん', NULL, 2, '株式会社かんぽ生命保険所属', '/YuruYokoyama/075.jpg', '0', '2019-04-15 00:00:00', '2019-04-15 00:00:00'),
(76, 'あらびき星人ソップリン', NULL, 2, 'プリマハム株式会社所属', '/YuruYokoyama/076.jpg', '0', '2019-04-15 00:00:00', '2019-04-15 00:00:00'),
(77, 'ふなっしー', 12, 1, '本名 : ﾌﾅﾃﾞｨｳｽ4世/船田梨男', '/YuruYokoyama/077.jpg', '0', '2019-04-15 00:00:00', '2019-04-15 00:00:00'),
(78, 'ずーしーほっきー', 1, 1, '可愛さよりキモさが売りです', '/YuruYokoyama/078.jpg', '0', '2019-04-15 00:00:00', '2019-04-15 00:00:00'),
(79, 'ちぃたん☆', 13, 1, '秋葉原出身のコツメカワウソの妖精', '/YuruYokoyama/079.jpg', '0', '2019-04-15 00:00:00', '2019-04-15 00:00:00'),
(80, 'パッチョ', NULL, 2, '東京ガス所属', '/YuruYokoyama/080.gif', '0', '2019-04-15 00:00:00', '2019-04-15 00:00:00'),
(81, '電パッチョ', NULL, 2, '東京ガス所属', '/YuruYokoyama/081.jpg', '0', '2019-04-15 00:00:00', '2019-04-15 00:00:00');

-- --------------------------------------------------------

--
-- テーブルの構造 `yuru_from_yokoyama`
--

CREATE TABLE `yuru_from_yokoyama` (
  `from_id` int(11) NOT NULL,
  `place` varchar(256) NOT NULL,
  `del_flg` varchar(1) DEFAULT NULL,
  `create_date` datetime DEFAULT NULL,
  `update_date` datetime DEFAULT NULL
) ENGINE=InnoDB DEFAULT CHARSET=utf8;

--
-- テーブルのデータのダンプ `yuru_from_yokoyama`
--

INSERT INTO `yuru_from_yokoyama` (`from_id`, `place`, `del_flg`, `create_date`, `update_date`) VALUES
(1, '北海道', '0', '2019-04-12 00:00:00', '2019-04-12 00:00:00'),
(2, '青森県', '0', '2019-04-12 00:00:00', '2019-04-12 00:00:00'),
(3, '岩手県', '0', '2019-04-12 00:00:00', '2019-04-12 00:00:00'),
(4, '宮城県', '0', '2019-04-12 00:00:00', '2019-04-12 00:00:00'),
(5, '秋田県', '0', '2019-04-12 00:00:00', '2019-04-12 00:00:00'),
(6, '山形県', '0', '2019-04-12 00:00:00', '2019-04-12 00:00:00'),
(7, '福島県', '0', '2019-04-12 00:00:00', '2019-04-12 00:00:00'),
(8, '茨城県', '0', '2019-04-12 00:00:00', '2019-04-12 00:00:00'),
(9, '栃木県', '0', '2019-04-12 00:00:00', '2019-04-12 00:00:00'),
(10, '群馬県', '0', '2019-04-12 00:00:00', '2019-04-12 00:00:00'),
(11, '埼玉県', '0', '2019-04-12 00:00:00', '2019-04-12 00:00:00'),
(12, '千葉県', '0', '2019-04-12 00:00:00', '2019-04-12 00:00:00'),
(13, '東京都', '0', '2019-04-12 00:00:00', '2019-04-12 00:00:00'),
(14, '神奈川県', '0', '2019-04-12 00:00:00', '2019-04-12 00:00:00'),
(15, '新潟県', '0', '2019-04-12 00:00:00', '2019-04-12 00:00:00'),
(16, '富山県', '0', '2019-04-12 00:00:00', '2019-04-12 00:00:00'),
(17, '石川県', '0', '2019-04-12 00:00:00', '2019-04-12 00:00:00'),
(18, '福井県', '0', '2019-04-12 00:00:00', '2019-04-12 00:00:00'),
(19, '山梨県', '0', '2019-04-12 00:00:00', '2019-04-12 00:00:00'),
(20, '長野県', '0', '2019-04-12 00:00:00', '2019-04-12 00:00:00'),
(21, '岐阜県', '0', '2019-04-12 00:00:00', '2019-04-12 00:00:00'),
(22, '静岡県', '0', '2019-04-12 00:00:00', '2019-04-12 00:00:00'),
(23, '愛知県', '0', '2019-04-12 00:00:00', '2019-04-12 00:00:00'),
(24, '三重県', '0', '2019-04-12 00:00:00', '2019-04-12 00:00:00'),
(25, '滋賀県', '0', '2019-04-12 00:00:00', '2019-04-12 00:00:00'),
(26, '京都府', '0', '2019-04-12 00:00:00', '2019-04-12 00:00:00'),
(27, '大阪府', '0', '2019-04-12 00:00:00', '2019-04-12 00:00:00'),
(28, '兵庫県', '0', '2019-04-12 00:00:00', '2019-04-12 00:00:00'),
(29, '奈良県', '0', '2019-04-12 00:00:00', '2019-04-12 00:00:00'),
(30, '和歌山県', '0', '2019-04-12 00:00:00', '2019-04-12 00:00:00'),
(31, '鳥取県', '0', '2019-04-12 00:00:00', '2019-04-12 00:00:00'),
(32, '島根県', '0', '2019-04-12 00:00:00', '2019-04-12 00:00:00'),
(33, '岡山県', '0', '2019-04-12 00:00:00', '2019-04-12 00:00:00'),
(34, '広島県', '0', '2019-04-12 00:00:00', '2019-04-12 00:00:00'),
(35, '山口県', '0', '2019-04-12 00:00:00', '2019-04-12 00:00:00'),
(36, '徳島県', '0', '2019-04-12 00:00:00', '2019-04-12 00:00:00'),
(37, '香川県', '0', '2019-04-12 00:00:00', '2019-04-12 00:00:00'),
(38, '愛媛県', '0', '2019-04-12 00:00:00', '2019-04-12 00:00:00'),
(39, '高知県', '0', '2019-04-12 00:00:00', '2019-04-12 00:00:00'),
(40, '福岡県', '0', '2019-04-12 00:00:00', '2019-04-12 00:00:00'),
(41, '佐賀県', '0', '2019-04-12 00:00:00', '2019-04-12 00:00:00'),
(42, '長崎県', '0', '2019-04-12 00:00:00', '2019-04-12 00:00:00'),
(43, '熊本県', '0', '2019-04-12 00:00:00', '2019-04-12 00:00:00'),
(44, '大分県', '0', '2019-04-12 00:00:00', '2019-04-12 00:00:00'),
(45, '宮崎県', '0', '2019-04-12 00:00:00', '2019-04-12 00:00:00'),
(46, '鹿児島県', '0', '2019-04-12 00:00:00', '2019-04-12 00:00:00'),
(47, '沖縄県', '0', '2019-04-12 00:00:00', '2019-04-12 00:00:00');

--
-- ダンプしたテーブルのインデックス
--

--
-- テーブルのインデックス `album_anzai`
--
ALTER TABLE `album_anzai`
  ADD PRIMARY KEY (`id`);

--
-- テーブルのインデックス `animal_uriu`
--
ALTER TABLE `animal_uriu`
  ADD PRIMARY KEY (`id`);

--
-- テーブルのインデックス `anime_main_nagatake`
--
ALTER TABLE `anime_main_nagatake`
  ADD PRIMARY KEY (`id`);

--
-- テーブルのインデックス `artist`
--
ALTER TABLE `artist`
  ADD PRIMARY KEY (`id`);

--
-- テーブルのインデックス `birthplace_sasaki`
--
ALTER TABLE `birthplace_sasaki`
  ADD PRIMARY KEY (`id`);

--
-- テーブルのインデックス `body_izawa`
--
ALTER TABLE `body_izawa`
  ADD UNIQUE KEY `id` (`id`,`bodyname`) USING BTREE;

--
-- テーブルのインデックス `book_main_uchiyama`
--
ALTER TABLE `book_main_uchiyama`
  ADD PRIMARY KEY (`id`);

--
-- テーブルのインデックス `brand_main_kambara`
--
ALTER TABLE `brand_main_kambara`
  ADD PRIMARY KEY (`id`);

--
-- テーブルのインデックス `category_kurimoto`
--
ALTER TABLE `category_kurimoto`
  ADD PRIMARY KEY (`id`);

--
-- テーブルのインデックス `champion_main_tiba`
--
ALTER TABLE `champion_main_tiba`
  ADD PRIMARY KEY (`id`);

--
-- テーブルのインデックス `class_tiba`
--
ALTER TABLE `class_tiba`
  ADD PRIMARY KEY (`id`);

--
-- テーブルのインデックス `country_tiba`
--
ALTER TABLE `country_tiba`
  ADD PRIMARY KEY (`id`);

--
-- テーブルのインデックス `deck_okugawa`
--
ALTER TABLE `deck_okugawa`
  ADD PRIMARY KEY (`id`);

--
-- テーブルのインデックス `district_uezu`
--
ALTER TABLE `district_uezu`
  ADD PRIMARY KEY (`id`);

--
-- テーブルのインデックス `fa`
--
ALTER TABLE `fa`
  ADD PRIMARY KEY (`id`);

--
-- テーブルのインデックス `genre`
--
ALTER TABLE `genre`
  ADD PRIMARY KEY (`id`);

--
-- テーブルのインデックス `genre_kambara`
--
ALTER TABLE `genre_kambara`
  ADD PRIMARY KEY (`genre_id`);

--
-- テーブルのインデックス `genre_nagatake`
--
ALTER TABLE `genre_nagatake`
  ADD PRIMARY KEY (`genre_id`);

--
-- テーブルのインデックス `genre_uchiyama`
--
ALTER TABLE `genre_uchiyama`
  ADD PRIMARY KEY (`id`);

--
-- テーブルのインデックス `idol_main_shintaku`
--
ALTER TABLE `idol_main_shintaku`
  ADD PRIMARY KEY (`id`);

--
-- テーブルのインデックス `jojo_appearance_shirasaka`
--
ALTER TABLE `jojo_appearance_shirasaka`
  ADD PRIMARY KEY (`appearance_id`);

--
-- テーブルのインデックス `jojo_main_shirasaka`
--
ALTER TABLE `jojo_main_shirasaka`
  ADD PRIMARY KEY (`stand_id`);

--
-- テーブルのインデックス `jojo_sex_shirasaka`
--
ALTER TABLE `jojo_sex_shirasaka`
  ADD PRIMARY KEY (`sex_id`);

--
-- テーブルのインデックス `league_uezu`
--
ALTER TABLE `league_uezu`
  ADD PRIMARY KEY (`id`);

--
-- テーブルのインデックス `location_takehara`
--
ALTER TABLE `location_takehara`
  ADD PRIMARY KEY (`location_id`);

--
-- テーブルのインデックス `made_country_kambara`
--
ALTER TABLE `made_country_kambara`
  ADD PRIMARY KEY (`country_id`);

--
-- テーブルのインデックス `mcu_main_hayashi`
--
ALTER TABLE `mcu_main_hayashi`
  ADD PRIMARY KEY (`id`);

--
-- テーブルのインデックス `member_sasaki`
--
ALTER TABLE `member_sasaki`
  ADD PRIMARY KEY (`id`);

--
-- テーブルのインデックス `mlb_main_uezu`
--
ALTER TABLE `mlb_main_uezu`
  ADD PRIMARY KEY (`id`);

--
-- テーブルのインデックス `movie_actor`
--
ALTER TABLE `movie_actor`
  ADD PRIMARY KEY (`id`);

--
-- テーブルのインデックス `movie_main`
--
ALTER TABLE `movie_main`
  ADD PRIMARY KEY (`id`),
  ADD KEY `genre_id` (`genre_id`),
  ADD KEY `actor_id` (`actor_id`);

--
-- テーブルのインデックス `muscle_izawa`
--
ALTER TABLE `muscle_izawa`
  ADD UNIQUE KEY `id` (`id`,`photo`,`menu`,`body`,`com`,`del_flg`),
  ADD UNIQUE KEY `id_2` (`id`,`photo`,`menu`,`body`,`com`,`del_flg`);

--
-- テーブルのインデックス `music`
--
ALTER TABLE `music`
  ADD PRIMARY KEY (`id`),
  ADD KEY `fk_music_type` (`category_id`);

--
-- テーブルのインデックス `music_category`
--
ALTER TABLE `music_category`
  ADD PRIMARY KEY (`id`);

--
-- テーブルのインデックス `perfume_main_anzai`
--
ALTER TABLE `perfume_main_anzai`
  ADD PRIMARY KEY (`id`);

--
-- テーブルのインデックス `prefecture_minami`
--
ALTER TABLE `prefecture_minami`
  ADD PRIMARY KEY (`id`);

--
-- テーブルのインデックス `price_kurimoto`
--
ALTER TABLE `price_kurimoto`
  ADD PRIMARY KEY (`id`);

--
-- テーブルのインデックス `quality_okabe`
--
ALTER TABLE `quality_okabe`
  ADD PRIMARY KEY (`id`);

--
-- テーブルのインデックス `residents_main_uriu`
--
ALTER TABLE `residents_main_uriu`
  ADD PRIMARY KEY (`id`);

--
-- テーブルのインデックス `ringo_cd_title_takizawa`
--
ALTER TABLE `ringo_cd_title_takizawa`
  ADD PRIMARY KEY (`id`);

--
-- テーブルのインデックス `ringo_main_takizawa`
--
ALTER TABLE `ringo_main_takizawa`
  ADD PRIMARY KEY (`id`);

--
-- テーブルのインデックス `ringo_song_image_takizawa`
--
ALTER TABLE `ringo_song_image_takizawa`
  ADD PRIMARY KEY (`id`);

--
-- テーブルのインデックス `saizeriya_menu_main_kurimoto`
--
ALTER TABLE `saizeriya_menu_main_kurimoto`
  ADD PRIMARY KEY (`id`);

--
-- テーブルのインデックス `series_okugawa`
--
ALTER TABLE `series_okugawa`
  ADD PRIMARY KEY (`id`);

--
-- テーブルのインデックス `sex_hayashi`
--
ALTER TABLE `sex_hayashi`
  ADD PRIMARY KEY (`id`);

--
-- テーブルのインデックス `source_nagatake`
--
ALTER TABLE `source_nagatake`
  ADD PRIMARY KEY (`source_id`);

--
-- テーブルのインデックス `spa_main_okabe`
--
ALTER TABLE `spa_main_okabe`
  ADD PRIMARY KEY (`id`);

--
-- テーブルのインデックス `studio_nagatake`
--
ALTER TABLE `studio_nagatake`
  ADD PRIMARY KEY (`studio_id`);

--
-- テーブルのインデックス `tenshu_minami`
--
ALTER TABLE `tenshu_minami`
  ADD PRIMARY KEY (`id`);

--
-- テーブルのインデックス `tieup_anzai`
--
ALTER TABLE `tieup_anzai`
  ADD PRIMARY KEY (`id`);

--
-- テーブルのインデックス `tokyo_main_takehara`
--
ALTER TABLE `tokyo_main_takehara`
  ADD PRIMARY KEY (`id`);

--
-- テーブルのインデックス `type_hayashi`
--
ALTER TABLE `type_hayashi`
  ADD PRIMARY KEY (`id`);

--
-- テーブルのインデックス `type_shintaku`
--
ALTER TABLE `type_shintaku`
  ADD PRIMARY KEY (`id`);

--
-- テーブルのインデックス `type_uriu`
--
ALTER TABLE `type_uriu`
  ADD PRIMARY KEY (`id`);

--
-- テーブルのインデックス `unit_shintaku`
--
ALTER TABLE `unit_shintaku`
  ADD PRIMARY KEY (`id`);

--
-- テーブルのインデックス `user`
--
ALTER TABLE `user`
  ADD PRIMARY KEY (`id`);

--
-- テーブルのインデックス `voiceactor_nagatake`
--
ALTER TABLE `voiceactor_nagatake`
  ADD PRIMARY KEY (`voiceactor_id`);

--
-- テーブルのインデックス `writer_uchiyama`
--
ALTER TABLE `writer_uchiyama`
  ADD PRIMARY KEY (`id`);

--
-- テーブルのインデックス `yugioh_main_okugawa`
--
ALTER TABLE `yugioh_main_okugawa`
  ADD PRIMARY KEY (`id`);

--
-- テーブルのインデックス `yuru_data_yokoyama`
--
ALTER TABLE `yuru_data_yokoyama`
  ADD PRIMARY KEY (`id`);

--
-- ダンプしたテーブルのAUTO_INCREMENT
--

--
-- テーブルのAUTO_INCREMENT `album_anzai`
--
ALTER TABLE `album_anzai`
  MODIFY `id` int(11) NOT NULL AUTO_INCREMENT, AUTO_INCREMENT=13;

--
-- テーブルのAUTO_INCREMENT `animal_uriu`
--
ALTER TABLE `animal_uriu`
  MODIFY `id` int(11) NOT NULL AUTO_INCREMENT, AUTO_INCREMENT=18;

--
-- テーブルのAUTO_INCREMENT `anime_main_nagatake`
--
ALTER TABLE `anime_main_nagatake`
  MODIFY `id` int(11) NOT NULL AUTO_INCREMENT, AUTO_INCREMENT=37;

--
-- テーブルのAUTO_INCREMENT `book_main_uchiyama`
--
ALTER TABLE `book_main_uchiyama`
  MODIFY `id` int(11) NOT NULL AUTO_INCREMENT, AUTO_INCREMENT=42;

--
-- テーブルのAUTO_INCREMENT `brand_main_kambara`
--
ALTER TABLE `brand_main_kambara`
  MODIFY `id` int(11) NOT NULL AUTO_INCREMENT, AUTO_INCREMENT=152;

--
-- テーブルのAUTO_INCREMENT `genre_kambara`
--
ALTER TABLE `genre_kambara`
  MODIFY `genre_id` int(11) NOT NULL AUTO_INCREMENT, AUTO_INCREMENT=16;

--
-- テーブルのAUTO_INCREMENT `genre_nagatake`
--
ALTER TABLE `genre_nagatake`
  MODIFY `genre_id` int(11) NOT NULL AUTO_INCREMENT, AUTO_INCREMENT=24;

--
-- テーブルのAUTO_INCREMENT `genre_uchiyama`
--
ALTER TABLE `genre_uchiyama`
  MODIFY `id` int(11) NOT NULL AUTO_INCREMENT, AUTO_INCREMENT=9;

--
-- テーブルのAUTO_INCREMENT `made_country_kambara`
--
ALTER TABLE `made_country_kambara`
  MODIFY `country_id` int(11) NOT NULL AUTO_INCREMENT, AUTO_INCREMENT=26;

--
-- テーブルのAUTO_INCREMENT `music`
--
ALTER TABLE `music`
  MODIFY `id` int(11) UNSIGNED NOT NULL AUTO_INCREMENT, AUTO_INCREMENT=15;

--
-- テーブルのAUTO_INCREMENT `music_category`
--
ALTER TABLE `music_category`
  MODIFY `id` int(11) UNSIGNED NOT NULL AUTO_INCREMENT, AUTO_INCREMENT=7;

--
-- テーブルのAUTO_INCREMENT `perfume_main_anzai`
--
ALTER TABLE `perfume_main_anzai`
  MODIFY `id` int(11) NOT NULL AUTO_INCREMENT, AUTO_INCREMENT=75;

--
-- テーブルのAUTO_INCREMENT `residents_main_uriu`
--
ALTER TABLE `residents_main_uriu`
  MODIFY `id` int(11) NOT NULL AUTO_INCREMENT, AUTO_INCREMENT=53;

--
-- テーブルのAUTO_INCREMENT `source_nagatake`
--
ALTER TABLE `source_nagatake`
  MODIFY `source_id` int(11) NOT NULL AUTO_INCREMENT, AUTO_INCREMENT=14;

--
-- テーブルのAUTO_INCREMENT `studio_nagatake`
--
ALTER TABLE `studio_nagatake`
  MODIFY `studio_id` int(11) NOT NULL AUTO_INCREMENT, AUTO_INCREMENT=26;

--
-- テーブルのAUTO_INCREMENT `tieup_anzai`
--
ALTER TABLE `tieup_anzai`
  MODIFY `id` int(11) NOT NULL AUTO_INCREMENT, AUTO_INCREMENT=9;

--
-- テーブルのAUTO_INCREMENT `type_uriu`
--
ALTER TABLE `type_uriu`
  MODIFY `id` int(11) NOT NULL AUTO_INCREMENT, AUTO_INCREMENT=7;

--
-- テーブルのAUTO_INCREMENT `user`
--
ALTER TABLE `user`
  MODIFY `id` int(11) UNSIGNED NOT NULL AUTO_INCREMENT, AUTO_INCREMENT=2;

--
-- テーブルのAUTO_INCREMENT `voiceactor_nagatake`
--
ALTER TABLE `voiceactor_nagatake`
  MODIFY `voiceactor_id` int(11) NOT NULL AUTO_INCREMENT, AUTO_INCREMENT=29;

--
-- テーブルのAUTO_INCREMENT `writer_uchiyama`
--
ALTER TABLE `writer_uchiyama`
  MODIFY `id` int(11) NOT NULL AUTO_INCREMENT, AUTO_INCREMENT=32;

--
-- ダンプしたテーブルの制約
--

--
-- テーブルの制約 `movie_main`
--
ALTER TABLE `movie_main`
  ADD CONSTRAINT `movie_main_ibfk_1` FOREIGN KEY (`genre_id`) REFERENCES `genre` (`id`),
  ADD CONSTRAINT `movie_main_ibfk_2` FOREIGN KEY (`actor_id`) REFERENCES `movie_actor` (`id`);

--
-- テーブルの制約 `music`
--
ALTER TABLE `music`
  ADD CONSTRAINT `fk_music_type` FOREIGN KEY (`category_id`) REFERENCES `music_category` (`id`) ON DELETE SET NULL ON UPDATE CASCADE;
--
-- データベース: `javaapp`
--
CREATE DATABASE IF NOT EXISTS `javaapp` DEFAULT CHARACTER SET utf8 COLLATE utf8_general_ci;
USE `javaapp`;

-- --------------------------------------------------------

--
-- テーブルの構造 `country`
--

CREATE TABLE `country` (
  `id` int(11) NOT NULL,
  `country` varchar(50) DEFAULT NULL,
  `capital` varchar(50) DEFAULT NULL,
  `population` int(11) DEFAULT NULL,
  `area` double DEFAULT NULL,
  `density` double DEFAULT NULL
) ENGINE=InnoDB DEFAULT CHARSET=utf8;

--
-- テーブルのデータのダンプ `country`
--

INSERT INTO `country` (`id`, `country`, `capital`, `population`, `area`, `density`) VALUES
(1, 'アメリカ', 'ワシントンD.C.', 321770000, 9834000, 32.72015457),
(2, 'イギリス', 'ロンドン', 64710000, 242500, 266.8453608),
(3, 'イタリア', 'ローマ', 59790000, 301300, 198.4400929),
(4, 'イラン', 'テヘラン', 79100000, 1648000, 47.99757282),
(5, 'インド', 'ニューデリー', 1311050000, 3287000, 398.8591421),
(6, 'インドネシア', 'ジャカルタ', 257560000, 1905000, 135.2020997),
(7, 'ウガンダ', 'カンパラ', 39030000, 241000, 161.9502075),
(8, 'エジプト', 'カイロ', 91500000, 1010000, 90.59405941),
(9, 'エチオピア', 'アディスアベバ', 99390000, 1104000, 90.02717391),
(10, 'カナダ', 'オタワ', 35940000, 9985000, 3.599399099),
(11, 'コンゴ民主共和国', 'キンシャサ', 77260000, 2345000, 32.9466951),
(12, 'スコットランド', 'エディンバラ', 5290000, 80080, 66.05894106),
(13, 'スペイン', 'マドリード', 46120000, 506000, 91.14624506),
(14, 'タイ', 'バンコク', 67950000, 513100, 132.4303255),
(15, 'チェコ', 'プラハ', 10540000, 78870, 133.6376315),
(16, 'トルコ', 'アンカラ', 78660000, 783600, 100.3828484),
(17, 'ドイツ', 'ベルリン', 80680000, 357000, 225.9943978),
(18, 'ナイジェリア', 'アブジャ', 182200000, 923800, 197.2288374),
(19, 'バングラデシュ', 'ダッカ', 160990000, 147600, 1090.718157),
(20, 'パキスタン', 'イスラムバード', 188920000, 796100, 237.306871),
(21, 'フィリピン', 'マニラ', 107000000, 300000, 356.6666667),
(22, 'フランス', 'パリ', 64390000, 643800, 100.0155328),
(23, 'ブラジル', 'ブラジリア', 207840000, 8516000, 24.40582433),
(24, 'ベトナム', 'ハノイ', 93440000, 331200, 282.1256039),
(25, 'メキシコ', 'メキシコシティ', 127010000, 1964000, 64.66904277),
(26, 'ルーマニア', 'ブカレスト', 19510000, 238400, 81.83724832),
(27, 'ロシア', 'モスクワ', 143450000, 17100000, 8.388888889),
(28, '中国', '北京', 1383920000, 9597000, 144.2033969),
(29, '日本', '東京', 126570000, 378000, 334.8412698),
(30, '韓国', 'ソウル', 50290000, 100200, 501.8962076);

--
-- ダンプしたテーブルのインデックス
--

--
-- テーブルのインデックス `country`
--
ALTER TABLE `country`
  ADD PRIMARY KEY (`id`);
--
-- データベース: `phpmyadmin`
--
CREATE DATABASE IF NOT EXISTS `phpmyadmin` DEFAULT CHARACTER SET utf8 COLLATE utf8_bin;
USE `phpmyadmin`;

-- --------------------------------------------------------

--
-- テーブルの構造 `pma__bookmark`
--

CREATE TABLE `pma__bookmark` (
  `id` int(10) UNSIGNED NOT NULL,
  `dbase` varchar(255) COLLATE utf8_bin NOT NULL DEFAULT '',
  `user` varchar(255) COLLATE utf8_bin NOT NULL DEFAULT '',
  `label` varchar(255) CHARACTER SET utf8 NOT NULL DEFAULT '',
  `query` text COLLATE utf8_bin NOT NULL
) ENGINE=InnoDB DEFAULT CHARSET=utf8 COLLATE=utf8_bin COMMENT='Bookmarks';

-- --------------------------------------------------------

--
-- テーブルの構造 `pma__central_columns`
--

CREATE TABLE `pma__central_columns` (
  `db_name` varchar(64) COLLATE utf8_bin NOT NULL,
  `col_name` varchar(64) COLLATE utf8_bin NOT NULL,
  `col_type` varchar(64) COLLATE utf8_bin NOT NULL,
  `col_length` text COLLATE utf8_bin DEFAULT NULL,
  `col_collation` varchar(64) COLLATE utf8_bin NOT NULL,
  `col_isNull` tinyint(1) NOT NULL,
  `col_extra` varchar(255) COLLATE utf8_bin DEFAULT '',
  `col_default` text COLLATE utf8_bin DEFAULT NULL
) ENGINE=InnoDB DEFAULT CHARSET=utf8 COLLATE=utf8_bin COMMENT='Central list of columns';

-- --------------------------------------------------------

--
-- テーブルの構造 `pma__column_info`
--

CREATE TABLE `pma__column_info` (
  `id` int(5) UNSIGNED NOT NULL,
  `db_name` varchar(64) COLLATE utf8_bin NOT NULL DEFAULT '',
  `table_name` varchar(64) COLLATE utf8_bin NOT NULL DEFAULT '',
  `column_name` varchar(64) COLLATE utf8_bin NOT NULL DEFAULT '',
  `comment` varchar(255) CHARACTER SET utf8 NOT NULL DEFAULT '',
  `mimetype` varchar(255) CHARACTER SET utf8 NOT NULL DEFAULT '',
  `transformation` varchar(255) COLLATE utf8_bin NOT NULL DEFAULT '',
  `transformation_options` varchar(255) COLLATE utf8_bin NOT NULL DEFAULT '',
  `input_transformation` varchar(255) COLLATE utf8_bin NOT NULL DEFAULT '',
  `input_transformation_options` varchar(255) COLLATE utf8_bin NOT NULL DEFAULT ''
) ENGINE=InnoDB DEFAULT CHARSET=utf8 COLLATE=utf8_bin COMMENT='Column information for phpMyAdmin';

-- --------------------------------------------------------

--
-- テーブルの構造 `pma__designer_settings`
--

CREATE TABLE `pma__designer_settings` (
  `username` varchar(64) COLLATE utf8_bin NOT NULL,
  `settings_data` text COLLATE utf8_bin NOT NULL
) ENGINE=InnoDB DEFAULT CHARSET=utf8 COLLATE=utf8_bin COMMENT='Settings related to Designer';

-- --------------------------------------------------------

--
-- テーブルの構造 `pma__export_templates`
--

CREATE TABLE `pma__export_templates` (
  `id` int(5) UNSIGNED NOT NULL,
  `username` varchar(64) COLLATE utf8_bin NOT NULL,
  `export_type` varchar(10) COLLATE utf8_bin NOT NULL,
  `template_name` varchar(64) COLLATE utf8_bin NOT NULL,
  `template_data` text COLLATE utf8_bin NOT NULL
) ENGINE=InnoDB DEFAULT CHARSET=utf8 COLLATE=utf8_bin COMMENT='Saved export templates';

--
-- テーブルのデータのダンプ `pma__export_templates`
--

INSERT INTO `pma__export_templates` (`id`, `username`, `export_type`, `template_name`, `template_data`) VALUES
(1, 'root', 'server', 'fa_2019_09_30', '{\"quick_or_custom\":\"quick\",\"what\":\"sql\",\"db_select[]\":[\"fa\",\"javaapp\",\"phpmyadmin\",\"test\",\"testdb\",\"world\"],\"aliases_new\":\"\",\"output_format\":\"sendit\",\"filename_template\":\"@SERVER@\",\"remember_template\":\"on\",\"charset\":\"utf-8\",\"compression\":\"none\",\"maxsize\":\"\",\"codegen_structure_or_data\":\"data\",\"codegen_format\":\"0\",\"csv_separator\":\",\",\"csv_enclosed\":\"\\\"\",\"csv_escaped\":\"\\\"\",\"csv_terminated\":\"AUTO\",\"csv_null\":\"NULL\",\"csv_structure_or_data\":\"data\",\"excel_null\":\"NULL\",\"excel_columns\":\"something\",\"excel_edition\":\"win\",\"excel_structure_or_data\":\"data\",\"json_structure_or_data\":\"data\",\"json_unicode\":\"something\",\"latex_caption\":\"something\",\"latex_structure_or_data\":\"structure_and_data\",\"latex_structure_caption\":\"テーブル @TABLE@ の構造\",\"latex_structure_continued_caption\":\"テーブル @TABLE@ の構造 (続き)\",\"latex_structure_label\":\"tab:@TABLE@-structure\",\"latex_relation\":\"something\",\"latex_comments\":\"something\",\"latex_mime\":\"something\",\"latex_columns\":\"something\",\"latex_data_caption\":\"テーブル @TABLE@ の内容\",\"latex_data_continued_caption\":\"テーブル @TABLE@ の内容 (続き)\",\"latex_data_label\":\"tab:@TABLE@-data\",\"latex_null\":\"\\\\textit{NULL}\",\"mediawiki_structure_or_data\":\"data\",\"mediawiki_caption\":\"something\",\"mediawiki_headers\":\"something\",\"htmlword_structure_or_data\":\"structure_and_data\",\"htmlword_null\":\"NULL\",\"ods_null\":\"NULL\",\"ods_structure_or_data\":\"data\",\"odt_structure_or_data\":\"structure_and_data\",\"odt_relation\":\"something\",\"odt_comments\":\"something\",\"odt_mime\":\"something\",\"odt_columns\":\"something\",\"odt_null\":\"NULL\",\"pdf_report_title\":\"\",\"pdf_structure_or_data\":\"data\",\"phparray_structure_or_data\":\"data\",\"sql_include_comments\":\"something\",\"sql_header_comment\":\"\",\"sql_use_transaction\":\"something\",\"sql_compatibility\":\"NONE\",\"sql_structure_or_data\":\"structure_and_data\",\"sql_create_table\":\"something\",\"sql_auto_increment\":\"something\",\"sql_create_view\":\"something\",\"sql_create_trigger\":\"something\",\"sql_backquotes\":\"something\",\"sql_type\":\"INSERT\",\"sql_insert_syntax\":\"both\",\"sql_max_query_size\":\"50000\",\"sql_hex_for_binary\":\"something\",\"sql_utc_time\":\"something\",\"texytext_structure_or_data\":\"structure_and_data\",\"texytext_null\":\"NULL\",\"yaml_structure_or_data\":\"data\",\"knjenc\":\"\",\"\":null,\"as_separate_files\":null,\"csv_removeCRLF\":null,\"csv_columns\":null,\"excel_removeCRLF\":null,\"json_pretty_print\":null,\"htmlword_columns\":null,\"ods_columns\":null,\"sql_dates\":null,\"sql_relation\":null,\"sql_mime\":null,\"sql_disable_fk\":null,\"sql_views_as_tables\":null,\"sql_metadata\":null,\"sql_drop_database\":null,\"sql_drop_table\":null,\"sql_if_not_exists\":null,\"sql_procedure_function\":null,\"sql_truncate\":null,\"sql_delayed\":null,\"sql_ignore\":null,\"texytext_columns\":null,\"xkana\":null}'),
(2, 'root', 'server', 'fa_2019_11_06', '{\"quick_or_custom\":\"quick\",\"what\":\"sql\",\"db_select[]\":[\"fa\",\"javaapp\",\"phpmyadmin\",\"test\",\"testdb\",\"world\"],\"aliases_new\":\"\",\"output_format\":\"sendit\",\"filename_template\":\"@SERVER@\",\"remember_template\":\"on\",\"charset\":\"utf-8\",\"compression\":\"none\",\"maxsize\":\"\",\"codegen_structure_or_data\":\"data\",\"codegen_format\":\"0\",\"csv_separator\":\",\",\"csv_enclosed\":\"\\\"\",\"csv_escaped\":\"\\\"\",\"csv_terminated\":\"AUTO\",\"csv_null\":\"NULL\",\"csv_structure_or_data\":\"data\",\"excel_null\":\"NULL\",\"excel_columns\":\"something\",\"excel_edition\":\"win\",\"excel_structure_or_data\":\"data\",\"json_structure_or_data\":\"data\",\"json_unicode\":\"something\",\"latex_caption\":\"something\",\"latex_structure_or_data\":\"structure_and_data\",\"latex_structure_caption\":\"テーブル @TABLE@ の構造\",\"latex_structure_continued_caption\":\"テーブル @TABLE@ の構造 (続き)\",\"latex_structure_label\":\"tab:@TABLE@-structure\",\"latex_relation\":\"something\",\"latex_comments\":\"something\",\"latex_mime\":\"something\",\"latex_columns\":\"something\",\"latex_data_caption\":\"テーブル @TABLE@ の内容\",\"latex_data_continued_caption\":\"テーブル @TABLE@ の内容 (続き)\",\"latex_data_label\":\"tab:@TABLE@-data\",\"latex_null\":\"\\\\textit{NULL}\",\"mediawiki_structure_or_data\":\"data\",\"mediawiki_caption\":\"something\",\"mediawiki_headers\":\"something\",\"htmlword_structure_or_data\":\"structure_and_data\",\"htmlword_null\":\"NULL\",\"ods_null\":\"NULL\",\"ods_structure_or_data\":\"data\",\"odt_structure_or_data\":\"structure_and_data\",\"odt_relation\":\"something\",\"odt_comments\":\"something\",\"odt_mime\":\"something\",\"odt_columns\":\"something\",\"odt_null\":\"NULL\",\"pdf_report_title\":\"\",\"pdf_structure_or_data\":\"data\",\"phparray_structure_or_data\":\"data\",\"sql_include_comments\":\"something\",\"sql_header_comment\":\"\",\"sql_use_transaction\":\"something\",\"sql_compatibility\":\"NONE\",\"sql_structure_or_data\":\"structure_and_data\",\"sql_create_table\":\"something\",\"sql_auto_increment\":\"something\",\"sql_create_view\":\"something\",\"sql_create_trigger\":\"something\",\"sql_backquotes\":\"something\",\"sql_type\":\"INSERT\",\"sql_insert_syntax\":\"both\",\"sql_max_query_size\":\"50000\",\"sql_hex_for_binary\":\"something\",\"sql_utc_time\":\"something\",\"texytext_structure_or_data\":\"structure_and_data\",\"texytext_null\":\"NULL\",\"yaml_structure_or_data\":\"data\",\"knjenc\":\"\",\"\":null,\"as_separate_files\":null,\"csv_removeCRLF\":null,\"csv_columns\":null,\"excel_removeCRLF\":null,\"json_pretty_print\":null,\"htmlword_columns\":null,\"ods_columns\":null,\"sql_dates\":null,\"sql_relation\":null,\"sql_mime\":null,\"sql_disable_fk\":null,\"sql_views_as_tables\":null,\"sql_metadata\":null,\"sql_drop_database\":null,\"sql_drop_table\":null,\"sql_if_not_exists\":null,\"sql_procedure_function\":null,\"sql_truncate\":null,\"sql_delayed\":null,\"sql_ignore\":null,\"texytext_columns\":null,\"xkana\":null}');

-- --------------------------------------------------------

--
-- テーブルの構造 `pma__favorite`
--

CREATE TABLE `pma__favorite` (
  `username` varchar(64) COLLATE utf8_bin NOT NULL,
  `tables` text COLLATE utf8_bin NOT NULL
) ENGINE=InnoDB DEFAULT CHARSET=utf8 COLLATE=utf8_bin COMMENT='Favorite tables';

-- --------------------------------------------------------

--
-- テーブルの構造 `pma__history`
--

CREATE TABLE `pma__history` (
  `id` bigint(20) UNSIGNED NOT NULL,
  `username` varchar(64) COLLATE utf8_bin NOT NULL DEFAULT '',
  `db` varchar(64) COLLATE utf8_bin NOT NULL DEFAULT '',
  `table` varchar(64) COLLATE utf8_bin NOT NULL DEFAULT '',
  `timevalue` timestamp NOT NULL DEFAULT current_timestamp(),
  `sqlquery` text COLLATE utf8_bin NOT NULL
) ENGINE=InnoDB DEFAULT CHARSET=utf8 COLLATE=utf8_bin COMMENT='SQL history for phpMyAdmin';

-- --------------------------------------------------------

--
-- テーブルの構造 `pma__navigationhiding`
--

CREATE TABLE `pma__navigationhiding` (
  `username` varchar(64) COLLATE utf8_bin NOT NULL,
  `item_name` varchar(64) COLLATE utf8_bin NOT NULL,
  `item_type` varchar(64) COLLATE utf8_bin NOT NULL,
  `db_name` varchar(64) COLLATE utf8_bin NOT NULL,
  `table_name` varchar(64) COLLATE utf8_bin NOT NULL
) ENGINE=InnoDB DEFAULT CHARSET=utf8 COLLATE=utf8_bin COMMENT='Hidden items of navigation tree';

-- --------------------------------------------------------

--
-- テーブルの構造 `pma__pdf_pages`
--

CREATE TABLE `pma__pdf_pages` (
  `db_name` varchar(64) COLLATE utf8_bin NOT NULL DEFAULT '',
  `page_nr` int(10) UNSIGNED NOT NULL,
  `page_descr` varchar(50) CHARACTER SET utf8 NOT NULL DEFAULT ''
) ENGINE=InnoDB DEFAULT CHARSET=utf8 COLLATE=utf8_bin COMMENT='PDF relation pages for phpMyAdmin';

-- --------------------------------------------------------

--
-- テーブルの構造 `pma__recent`
--

CREATE TABLE `pma__recent` (
  `username` varchar(64) COLLATE utf8_bin NOT NULL,
  `tables` text COLLATE utf8_bin NOT NULL
) ENGINE=InnoDB DEFAULT CHARSET=utf8 COLLATE=utf8_bin COMMENT='Recently accessed tables';

--
-- テーブルのデータのダンプ `pma__recent`
--

INSERT INTO `pma__recent` (`username`, `tables`) VALUES
('root', '[{\"db\":\"fa\",\"table\":\"perfume_main_anzai\"},{\"db\":\"fa\",\"table\":\"player_main_shiono\"},{\"db\":\"fa\",\"table\":\"album_anzai\"},{\"db\":\"fa\",\"table\":\"tieup_anzai\"},{\"db\":\"fa\",\"table\":\"anime_main_nagatake\"},{\"db\":\"fa\",\"table\":\"band_main_sasaki\"},{\"db\":\"fa\",\"table\":\"band_main_taneichi\"},{\"db\":\"fa\",\"table\":\"castle_main_minami\"},{\"db\":\"fa\",\"table\":\"brand_main_kambara\"},{\"db\":\"fa\",\"table\":\"kyary_main_sahota\"}]');

-- --------------------------------------------------------

--
-- テーブルの構造 `pma__relation`
--

CREATE TABLE `pma__relation` (
  `master_db` varchar(64) COLLATE utf8_bin NOT NULL DEFAULT '',
  `master_table` varchar(64) COLLATE utf8_bin NOT NULL DEFAULT '',
  `master_field` varchar(64) COLLATE utf8_bin NOT NULL DEFAULT '',
  `foreign_db` varchar(64) COLLATE utf8_bin NOT NULL DEFAULT '',
  `foreign_table` varchar(64) COLLATE utf8_bin NOT NULL DEFAULT '',
  `foreign_field` varchar(64) COLLATE utf8_bin NOT NULL DEFAULT ''
) ENGINE=InnoDB DEFAULT CHARSET=utf8 COLLATE=utf8_bin COMMENT='Relation table';

-- --------------------------------------------------------

--
-- テーブルの構造 `pma__savedsearches`
--

CREATE TABLE `pma__savedsearches` (
  `id` int(5) UNSIGNED NOT NULL,
  `username` varchar(64) COLLATE utf8_bin NOT NULL DEFAULT '',
  `db_name` varchar(64) COLLATE utf8_bin NOT NULL DEFAULT '',
  `search_name` varchar(64) COLLATE utf8_bin NOT NULL DEFAULT '',
  `search_data` text COLLATE utf8_bin NOT NULL
) ENGINE=InnoDB DEFAULT CHARSET=utf8 COLLATE=utf8_bin COMMENT='Saved searches';

-- --------------------------------------------------------

--
-- テーブルの構造 `pma__table_coords`
--

CREATE TABLE `pma__table_coords` (
  `db_name` varchar(64) COLLATE utf8_bin NOT NULL DEFAULT '',
  `table_name` varchar(64) COLLATE utf8_bin NOT NULL DEFAULT '',
  `pdf_page_number` int(11) NOT NULL DEFAULT 0,
  `x` float UNSIGNED NOT NULL DEFAULT 0,
  `y` float UNSIGNED NOT NULL DEFAULT 0
) ENGINE=InnoDB DEFAULT CHARSET=utf8 COLLATE=utf8_bin COMMENT='Table coordinates for phpMyAdmin PDF output';

-- --------------------------------------------------------

--
-- テーブルの構造 `pma__table_info`
--

CREATE TABLE `pma__table_info` (
  `db_name` varchar(64) COLLATE utf8_bin NOT NULL DEFAULT '',
  `table_name` varchar(64) COLLATE utf8_bin NOT NULL DEFAULT '',
  `display_field` varchar(64) COLLATE utf8_bin NOT NULL DEFAULT ''
) ENGINE=InnoDB DEFAULT CHARSET=utf8 COLLATE=utf8_bin COMMENT='Table information for phpMyAdmin';

-- --------------------------------------------------------

--
-- テーブルの構造 `pma__table_uiprefs`
--

CREATE TABLE `pma__table_uiprefs` (
  `username` varchar(64) COLLATE utf8_bin NOT NULL,
  `db_name` varchar(64) COLLATE utf8_bin NOT NULL,
  `table_name` varchar(64) COLLATE utf8_bin NOT NULL,
  `prefs` text COLLATE utf8_bin NOT NULL,
  `last_update` timestamp NOT NULL DEFAULT current_timestamp() ON UPDATE current_timestamp()
) ENGINE=InnoDB DEFAULT CHARSET=utf8 COLLATE=utf8_bin COMMENT='Tables'' UI preferences';

--
-- テーブルのデータのダンプ `pma__table_uiprefs`
--

INSERT INTO `pma__table_uiprefs` (`username`, `db_name`, `table_name`, `prefs`, `last_update`) VALUES
('root', 'test', 'test', '{\"sorted_col\":\"`test`.`id` ASC\"}', '2019-10-15 08:49:35'),
('root', 'world', 'city', '{\"sorted_col\":\"`city`.`Population` ASC\"}', '2019-10-08 07:17:18');

-- --------------------------------------------------------

--
-- テーブルの構造 `pma__tracking`
--

CREATE TABLE `pma__tracking` (
  `db_name` varchar(64) COLLATE utf8_bin NOT NULL,
  `table_name` varchar(64) COLLATE utf8_bin NOT NULL,
  `version` int(10) UNSIGNED NOT NULL,
  `date_created` datetime NOT NULL,
  `date_updated` datetime NOT NULL,
  `schema_snapshot` text COLLATE utf8_bin NOT NULL,
  `schema_sql` text COLLATE utf8_bin DEFAULT NULL,
  `data_sql` longtext COLLATE utf8_bin DEFAULT NULL,
  `tracking` set('UPDATE','REPLACE','INSERT','DELETE','TRUNCATE','CREATE DATABASE','ALTER DATABASE','DROP DATABASE','CREATE TABLE','ALTER TABLE','RENAME TABLE','DROP TABLE','CREATE INDEX','DROP INDEX','CREATE VIEW','ALTER VIEW','DROP VIEW') COLLATE utf8_bin DEFAULT NULL,
  `tracking_active` int(1) UNSIGNED NOT NULL DEFAULT 1
) ENGINE=InnoDB DEFAULT CHARSET=utf8 COLLATE=utf8_bin COMMENT='Database changes tracking for phpMyAdmin';

-- --------------------------------------------------------

--
-- テーブルの構造 `pma__userconfig`
--

CREATE TABLE `pma__userconfig` (
  `username` varchar(64) COLLATE utf8_bin NOT NULL,
  `timevalue` timestamp NOT NULL DEFAULT current_timestamp() ON UPDATE current_timestamp(),
  `config_data` text COLLATE utf8_bin NOT NULL
) ENGINE=InnoDB DEFAULT CHARSET=utf8 COLLATE=utf8_bin COMMENT='User preferences storage for phpMyAdmin';

--
-- テーブルのデータのダンプ `pma__userconfig`
--

INSERT INTO `pma__userconfig` (`username`, `timevalue`, `config_data`) VALUES
('root', '2019-11-06 06:30:53', '{\"lang\":\"ja\",\"Console\\/Mode\":\"collapse\",\"NavigationWidth\":303}');

-- --------------------------------------------------------

--
-- テーブルの構造 `pma__usergroups`
--

CREATE TABLE `pma__usergroups` (
  `usergroup` varchar(64) COLLATE utf8_bin NOT NULL,
  `tab` varchar(64) COLLATE utf8_bin NOT NULL,
  `allowed` enum('Y','N') COLLATE utf8_bin NOT NULL DEFAULT 'N'
) ENGINE=InnoDB DEFAULT CHARSET=utf8 COLLATE=utf8_bin COMMENT='User groups with configured menu items';

-- --------------------------------------------------------

--
-- テーブルの構造 `pma__users`
--

CREATE TABLE `pma__users` (
  `username` varchar(64) COLLATE utf8_bin NOT NULL,
  `usergroup` varchar(64) COLLATE utf8_bin NOT NULL
) ENGINE=InnoDB DEFAULT CHARSET=utf8 COLLATE=utf8_bin COMMENT='Users and their assignments to user groups';

--
-- ダンプしたテーブルのインデックス
--

--
-- テーブルのインデックス `pma__bookmark`
--
ALTER TABLE `pma__bookmark`
  ADD PRIMARY KEY (`id`);

--
-- テーブルのインデックス `pma__central_columns`
--
ALTER TABLE `pma__central_columns`
  ADD PRIMARY KEY (`db_name`,`col_name`);

--
-- テーブルのインデックス `pma__column_info`
--
ALTER TABLE `pma__column_info`
  ADD PRIMARY KEY (`id`),
  ADD UNIQUE KEY `db_name` (`db_name`,`table_name`,`column_name`);

--
-- テーブルのインデックス `pma__designer_settings`
--
ALTER TABLE `pma__designer_settings`
  ADD PRIMARY KEY (`username`);

--
-- テーブルのインデックス `pma__export_templates`
--
ALTER TABLE `pma__export_templates`
  ADD PRIMARY KEY (`id`),
  ADD UNIQUE KEY `u_user_type_template` (`username`,`export_type`,`template_name`);

--
-- テーブルのインデックス `pma__favorite`
--
ALTER TABLE `pma__favorite`
  ADD PRIMARY KEY (`username`);

--
-- テーブルのインデックス `pma__history`
--
ALTER TABLE `pma__history`
  ADD PRIMARY KEY (`id`),
  ADD KEY `username` (`username`,`db`,`table`,`timevalue`);

--
-- テーブルのインデックス `pma__navigationhiding`
--
ALTER TABLE `pma__navigationhiding`
  ADD PRIMARY KEY (`username`,`item_name`,`item_type`,`db_name`,`table_name`);

--
-- テーブルのインデックス `pma__pdf_pages`
--
ALTER TABLE `pma__pdf_pages`
  ADD PRIMARY KEY (`page_nr`),
  ADD KEY `db_name` (`db_name`);

--
-- テーブルのインデックス `pma__recent`
--
ALTER TABLE `pma__recent`
  ADD PRIMARY KEY (`username`);

--
-- テーブルのインデックス `pma__relation`
--
ALTER TABLE `pma__relation`
  ADD PRIMARY KEY (`master_db`,`master_table`,`master_field`),
  ADD KEY `foreign_field` (`foreign_db`,`foreign_table`);

--
-- テーブルのインデックス `pma__savedsearches`
--
ALTER TABLE `pma__savedsearches`
  ADD PRIMARY KEY (`id`),
  ADD UNIQUE KEY `u_savedsearches_username_dbname` (`username`,`db_name`,`search_name`);

--
-- テーブルのインデックス `pma__table_coords`
--
ALTER TABLE `pma__table_coords`
  ADD PRIMARY KEY (`db_name`,`table_name`,`pdf_page_number`);

--
-- テーブルのインデックス `pma__table_info`
--
ALTER TABLE `pma__table_info`
  ADD PRIMARY KEY (`db_name`,`table_name`);

--
-- テーブルのインデックス `pma__table_uiprefs`
--
ALTER TABLE `pma__table_uiprefs`
  ADD PRIMARY KEY (`username`,`db_name`,`table_name`);

--
-- テーブルのインデックス `pma__tracking`
--
ALTER TABLE `pma__tracking`
  ADD PRIMARY KEY (`db_name`,`table_name`,`version`);

--
-- テーブルのインデックス `pma__userconfig`
--
ALTER TABLE `pma__userconfig`
  ADD PRIMARY KEY (`username`);

--
-- テーブルのインデックス `pma__usergroups`
--
ALTER TABLE `pma__usergroups`
  ADD PRIMARY KEY (`usergroup`,`tab`,`allowed`);

--
-- テーブルのインデックス `pma__users`
--
ALTER TABLE `pma__users`
  ADD PRIMARY KEY (`username`,`usergroup`);

--
-- ダンプしたテーブルのAUTO_INCREMENT
--

--
-- テーブルのAUTO_INCREMENT `pma__bookmark`
--
ALTER TABLE `pma__bookmark`
  MODIFY `id` int(10) UNSIGNED NOT NULL AUTO_INCREMENT;

--
-- テーブルのAUTO_INCREMENT `pma__column_info`
--
ALTER TABLE `pma__column_info`
  MODIFY `id` int(5) UNSIGNED NOT NULL AUTO_INCREMENT;

--
-- テーブルのAUTO_INCREMENT `pma__export_templates`
--
ALTER TABLE `pma__export_templates`
  MODIFY `id` int(5) UNSIGNED NOT NULL AUTO_INCREMENT, AUTO_INCREMENT=3;

--
-- テーブルのAUTO_INCREMENT `pma__history`
--
ALTER TABLE `pma__history`
  MODIFY `id` bigint(20) UNSIGNED NOT NULL AUTO_INCREMENT;

--
-- テーブルのAUTO_INCREMENT `pma__pdf_pages`
--
ALTER TABLE `pma__pdf_pages`
  MODIFY `page_nr` int(10) UNSIGNED NOT NULL AUTO_INCREMENT;

--
-- テーブルのAUTO_INCREMENT `pma__savedsearches`
--
ALTER TABLE `pma__savedsearches`
  MODIFY `id` int(5) UNSIGNED NOT NULL AUTO_INCREMENT;
--
-- データベース: `test`
--
CREATE DATABASE IF NOT EXISTS `test` DEFAULT CHARACTER SET latin1 COLLATE latin1_swedish_ci;
USE `test`;

-- --------------------------------------------------------

--
-- テーブルの構造 `company`
--

CREATE TABLE `company` (
  `co_id` int(11) NOT NULL,
  `co_name` varchar(15) DEFAULT NULL,
  `co_location` varchar(10) DEFAULT NULL
) ENGINE=InnoDB DEFAULT CHARSET=utf8;

--
-- テーブルのデータのダンプ `company`
--

INSERT INTO `company` (`co_id`, `co_name`, `co_location`) VALUES
(1, '〇〇商事', '港区'),
(2, '△△堂', '目黒区'),
(3, '□□製薬', '新宿区'),
(4, '××ソフト', '北区'),
(5, '●●工業', '渋谷区'),
(6, '▲▲建設', '豊島区'),
(7, '■■製作所', '文京区'),
(8, '海老原製作所', 'test');

-- --------------------------------------------------------

--
-- テーブルの構造 `test`
--

CREATE TABLE `test` (
  `id` int(3) DEFAULT NULL,
  `unit_id` int(3) DEFAULT NULL,
  `test_date` varchar(10) DEFAULT NULL
) ENGINE=InnoDB DEFAULT CHARSET=utf8;

--
-- テーブルのデータのダンプ `test`
--

INSERT INTO `test` (`id`, `unit_id`, `test_date`) VALUES
(1, 1, '8月20日'),
(2, 2, '8月21日'),
(3, 5, '8月25日'),
(4, 4, '8月24日'),
(5, 2, '8月21日'),
(6, 2, '8月21日'),
(7, 1, '8月20日'),
(8, 1, '8月20日'),
(9, 3, '8月23日'),
(10, 3, '8月23日'),
(11, 5, '8月25日'),
(12, 1, '8月20日'),
(13, 2, '8月21日'),
(14, 4, '8月24日'),
(15, 5, '8月25日'),
(16, 3, '8月23日'),
(17, 2, '8月21日'),
(18, 5, '8月25日'),
(19, 1, '8月20日'),
(20, 2, '8月21日');

-- --------------------------------------------------------

--
-- テーブルの構造 `trainee`
--

CREATE TABLE `trainee` (
  `id` int(10) DEFAULT NULL,
  `name` varchar(10) DEFAULT NULL,
  `age` int(3) DEFAULT NULL,
  `sex` varchar(2) DEFAULT NULL,
  `unit_id` int(10) DEFAULT NULL,
  `co_id` int(11) DEFAULT NULL
) ENGINE=InnoDB DEFAULT CHARSET=utf8;

--
-- テーブルのデータのダンプ `trainee`
--

INSERT INTO `trainee` (`id`, `name`, `age`, `sex`, `unit_id`, `co_id`) VALUES
(1, '山田太郎', 22, '男', 1, 3),
(2, '天海晴香', 22, '女', 2, 1),
(3, '神谷幸弘', 25, '男', 5, 3),
(4, '今井香奈', 23, '女', 4, 2),
(5, '古沢依子', 22, '女', 2, 7),
(6, '硲道雄', 23, '男', 2, 1),
(7, '成宮由芽', 21, '女', 1, 7),
(8, '神楽零', 21, '男', 1, 6),
(9, '蒼井恭介', 24, '男', 3, 5),
(10, '榊夏樹', 24, '男', 3, 4),
(11, '川島瑞希', 25, '女', 5, 7),
(12, '小関玲奈', 22, '女', 1, 5),
(13, '岡村奈央', 22, '男', 2, 1),
(14, '山下治郎', 23, '男', 4, 5),
(15, '星翔子', 25, '女', 5, 2),
(16, '山村健', 23, '男', 3, 5),
(17, '本田美緒', 22, '女', 2, 7),
(18, '相原由紀乃', 24, '女', 5, 6),
(19, '高城恭二', 22, '男', 1, 4),
(20, '瀬名栞', 22, '女', 2, 5);

-- --------------------------------------------------------

--
-- テーブルの構造 `unit`
--

CREATE TABLE `unit` (
  `unit_id` int(10) DEFAULT NULL,
  `unit_name` varchar(10) DEFAULT NULL
) ENGINE=InnoDB DEFAULT CHARSET=utf8;

--
-- テーブルのデータのダンプ `unit`
--

INSERT INTO `unit` (`unit_id`, `unit_name`) VALUES
(1, '基本'),
(2, '応用'),
(3, 'SQL'),
(4, '標準API'),
(5, 'HTML');

--
-- ダンプしたテーブルのインデックス
--

--
-- テーブルのインデックス `company`
--
ALTER TABLE `company`
  ADD PRIMARY KEY (`co_id`);
--
-- データベース: `testdb`
--
CREATE DATABASE IF NOT EXISTS `testdb` DEFAULT CHARACTER SET latin1 COLLATE latin1_swedish_ci;
USE `testdb`;

-- --------------------------------------------------------

--
-- テーブルの構造 `account_table`
--

CREATE TABLE `account_table` (
  `ID` int(11) NOT NULL,
  `NAEM` varchar(25) DEFAULT NULL,
  `SEX_ID` int(11) DEFAULT NULL,
  `AGE` int(11) DEFAULT NULL,
  `PREFECTURE_ID` int(11) DEFAULT NULL
) ENGINE=InnoDB DEFAULT CHARSET=latin1;

--
-- テーブルのデータのダンプ `account_table`
--

INSERT INTO `account_table` (`ID`, `NAEM`, `SEX_ID`, `AGE`, `PREFECTURE_ID`) VALUES
(1, 'AAA', 1, 11, 1),
(2, 'BBB', 1, 22, 3),
(3, 'CCC', 1, 55, 3),
(4, 'DDD', 1, 44, 3),
(5, 'EEE', 1, 55, 3);

-- --------------------------------------------------------

--
-- テーブルの構造 `prefecture_table`
--

CREATE TABLE `prefecture_table` (
  `ID` int(11) NOT NULL,
  `PREFECTURE_NAEM` varchar(25) DEFAULT NULL
) ENGINE=InnoDB DEFAULT CHARSET=latin1;

--
-- テーブルのデータのダンプ `prefecture_table`
--

INSERT INTO `prefecture_table` (`ID`, `PREFECTURE_NAEM`) VALUES
(1, 'HOKKAIDOW'),
(2, 'AWOMORI'),
(3, 'TOKYOW'),
(4, 'OWSAKA'),
(5, 'FUKUWOKA'),
(6, 'WOKINAWA');

-- --------------------------------------------------------

--
-- テーブルの構造 `sex_table`
--

CREATE TABLE `sex_table` (
  `ID` int(11) NOT NULL,
  `SEX_NAEM` varchar(25) DEFAULT NULL
) ENGINE=InnoDB DEFAULT CHARSET=latin1;

--
-- テーブルのデータのダンプ `sex_table`
--

INSERT INTO `sex_table` (`ID`, `SEX_NAEM`) VALUES
(1, 'MALE'),
(2, 'FEMALE'),
(3, 'GENDERLESS');

-- --------------------------------------------------------

--
-- テーブルの構造 `trainee`
--

CREATE TABLE `trainee` (
  `id` int(10) DEFAULT NULL,
  `name` varchar(10) DEFAULT NULL,
  `age` int(3) DEFAULT NULL,
  `sex` varchar(2) DEFAULT NULL,
  `unit_id` int(10) DEFAULT NULL
) ENGINE=InnoDB DEFAULT CHARSET=utf8;

--
-- テーブルのデータのダンプ `trainee`
--

INSERT INTO `trainee` (`id`, `name`, `age`, `sex`, `unit_id`) VALUES
(1, '山田太郎', 22, '男', 1),
(2, '天海晴香', 22, '女', 2),
(3, '神谷幸弘', 25, '男', 5),
(4, '今井香奈', 23, '女', 4),
(5, '古沢依子', 22, '女', 2),
(6, '硲道雄', 23, '男', 2),
(7, '成宮由芽', 21, '女', 1),
(8, '神楽零', 21, '男', 1),
(9, '蒼井恭介', 24, '男', 3),
(10, '榊夏樹', 24, '男', 3),
(11, '川島瑞希', 25, '女', 5),
(12, '小関玲奈', 22, '女', 1),
(13, '岡村奈央', 22, '男', 2),
(14, '山下治郎', 23, '男', 4),
(15, '星翔子', 25, '女', 5),
(16, '山村健', 23, '男', 3),
(17, '本田美緒', 22, '女', 2),
(18, '相原由紀乃', 24, '女', 5),
(19, '高城恭二', 22, '男', 1),
(20, '瀬名栞', 22, '女', 2);

-- --------------------------------------------------------

--
-- テーブルの構造 `unit`
--

CREATE TABLE `unit` (
  `unit_id` int(10) DEFAULT NULL,
  `unit_name` varchar(10) DEFAULT NULL
) ENGINE=InnoDB DEFAULT CHARSET=utf8;

--
-- テーブルのデータのダンプ `unit`
--

INSERT INTO `unit` (`unit_id`, `unit_name`) VALUES
(1, '基本'),
(2, '応用'),
(3, 'SQL'),
(4, '標準API'),
(5, 'HTML');

--
-- ダンプしたテーブルのインデックス
--

--
-- テーブルのインデックス `account_table`
--
ALTER TABLE `account_table`
  ADD PRIMARY KEY (`ID`);

--
-- テーブルのインデックス `prefecture_table`
--
ALTER TABLE `prefecture_table`
  ADD PRIMARY KEY (`ID`);

--
-- テーブルのインデックス `sex_table`
--
ALTER TABLE `sex_table`
  ADD PRIMARY KEY (`ID`);

--
-- ダンプしたテーブルのAUTO_INCREMENT
--

--
-- テーブルのAUTO_INCREMENT `account_table`
--
ALTER TABLE `account_table`
  MODIFY `ID` int(11) NOT NULL AUTO_INCREMENT, AUTO_INCREMENT=6;

--
-- テーブルのAUTO_INCREMENT `prefecture_table`
--
ALTER TABLE `prefecture_table`
  MODIFY `ID` int(11) NOT NULL AUTO_INCREMENT, AUTO_INCREMENT=8;

--
-- テーブルのAUTO_INCREMENT `sex_table`
--
ALTER TABLE `sex_table`
  MODIFY `ID` int(11) NOT NULL AUTO_INCREMENT, AUTO_INCREMENT=4;
--
-- データベース: `world`
--
CREATE DATABASE IF NOT EXISTS `world` DEFAULT CHARACTER SET utf8 COLLATE utf8_general_ci;
USE `world`;

-- --------------------------------------------------------

--
-- テーブルの構造 `city`
--

CREATE TABLE `city` (
  `ID` int(11) NOT NULL,
  `Name` char(35) NOT NULL DEFAULT '',
  `CountryCode` char(3) NOT NULL DEFAULT '',
  `District` char(20) NOT NULL DEFAULT '',
  `Population` int(11) NOT NULL DEFAULT 0
) ENGINE=MyISAM DEFAULT CHARSET=latin1;

--
-- テーブルのデータのダンプ `city`
--

INSERT INTO `city` (`ID`, `Name`, `CountryCode`, `District`, `Population`) VALUES
(1, 'Kabul', 'AFG', 'Kabol', 1780000),
(2, 'Qandahar', 'AFG', 'Qandahar', 237500),
(3, 'Herat', 'AFG', 'Herat', 186800),
(4, 'Mazar-e-Sharif', 'AFG', 'Balkh', 127800),
(5, 'Amsterdam', 'NLD', 'Noord-Holland', 731200),
(6, 'Rotterdam', 'NLD', 'Zuid-Holland', 593321),
(7, 'Haag', 'NLD', 'Zuid-Holland', 440900),
(8, 'Utrecht', 'NLD', 'Utrecht', 234323),
(9, 'Eindhoven', 'NLD', 'Noord-Brabant', 201843),
(10, 'Tilburg', 'NLD', 'Noord-Brabant', 193238),
(11, 'Groningen', 'NLD', 'Groningen', 172701),
(12, 'Breda', 'NLD', 'Noord-Brabant', 160398),
(13, 'Apeldoorn', 'NLD', 'Gelderland', 153491),
(14, 'Nijmegen', 'NLD', 'Gelderland', 152463),
(15, 'Enschede', 'NLD', 'Overijssel', 149544),
(16, 'Haarlem', 'NLD', 'Noord-Holland', 148772),
(17, 'Almere', 'NLD', 'Flevoland', 142465),
(18, 'Arnhem', 'NLD', 'Gelderland', 138020),
(19, 'Zaanstad', 'NLD', 'Noord-Holland', 135621),
(20, '´s-Hertogenbosch', 'NLD', 'Noord-Brabant', 129170),
(21, 'Amersfoort', 'NLD', 'Utrecht', 126270),
(22, 'Maastricht', 'NLD', 'Limburg', 122087),
(23, 'Dordrecht', 'NLD', 'Zuid-Holland', 119811),
(24, 'Leiden', 'NLD', 'Zuid-Holland', 117196),
(25, 'Haarlemmermeer', 'NLD', 'Noord-Holland', 110722),
(26, 'Zoetermeer', 'NLD', 'Zuid-Holland', 110214),
(27, 'Emmen', 'NLD', 'Drenthe', 105853),
(28, 'Zwolle', 'NLD', 'Overijssel', 105819),
(29, 'Ede', 'NLD', 'Gelderland', 101574),
(30, 'Delft', 'NLD', 'Zuid-Holland', 95268),
(31, 'Heerlen', 'NLD', 'Limburg', 95052),
(32, 'Alkmaar', 'NLD', 'Noord-Holland', 92713),
(33, 'Willemstad', 'ANT', 'Curaçao', 2345),
(34, 'Tirana', 'ALB', 'Tirana', 270000),
(35, 'Alger', 'DZA', 'Alger', 2168000),
(36, 'Oran', 'DZA', 'Oran', 609823),
(37, 'Constantine', 'DZA', 'Constantine', 443727),
(38, 'Annaba', 'DZA', 'Annaba', 222518),
(39, 'Batna', 'DZA', 'Batna', 183377),
(40, 'Sétif', 'DZA', 'Sétif', 179055),
(41, 'Sidi Bel Abbès', 'DZA', 'Sidi Bel Abbès', 153106),
(42, 'Skikda', 'DZA', 'Skikda', 128747),
(43, 'Biskra', 'DZA', 'Biskra', 128281),
(44, 'Blida (el-Boulaida)', 'DZA', 'Blida', 127284),
(45, 'Béjaïa', 'DZA', 'Béjaïa', 117162),
(46, 'Mostaganem', 'DZA', 'Mostaganem', 115212),
(47, 'Tébessa', 'DZA', 'Tébessa', 112007),
(48, 'Tlemcen (Tilimsen)', 'DZA', 'Tlemcen', 110242),
(49, 'Béchar', 'DZA', 'Béchar', 107311),
(50, 'Tiaret', 'DZA', 'Tiaret', 100118),
(51, 'Ech-Chleff (el-Asnam)', 'DZA', 'Chlef', 96794),
(52, 'Ghardaïa', 'DZA', 'Ghardaïa', 89415),
(53, 'Tafuna', 'ASM', 'Tutuila', 5200),
(54, 'Fagatogo', 'ASM', 'Tutuila', 2323),
(55, 'Andorra la Vella', 'AND', 'Andorra la Vella', 21189),
(56, 'Luanda', 'AGO', 'Luanda', 2022000),
(57, 'Huambo', 'AGO', 'Huambo', 163100),
(58, 'Lobito', 'AGO', 'Benguela', 130000),
(59, 'Benguela', 'AGO', 'Benguela', 128300),
(60, 'Namibe', 'AGO', 'Namibe', 118200),
(61, 'South Hill', 'AIA', '–', 961),
(62, 'The Valley', 'AIA', '–', 595),
(63, 'Saint John´s', 'ATG', 'St John', 24000),
(64, 'Dubai', 'ARE', 'Dubai', 669181),
(65, 'Abu Dhabi', 'ARE', 'Abu Dhabi', 398695),
(66, 'Sharja', 'ARE', 'Sharja', 320095),
(67, 'al-Ayn', 'ARE', 'Abu Dhabi', 225970),
(68, 'Ajman', 'ARE', 'Ajman', 114395),
(69, 'Buenos Aires', 'ARG', 'Distrito Federal', 2982146),
(70, 'La Matanza', 'ARG', 'Buenos Aires', 1266461),
(71, 'Córdoba', 'ARG', 'Córdoba', 1157507),
(72, 'Rosario', 'ARG', 'Santa Fé', 907718),
(73, 'Lomas de Zamora', 'ARG', 'Buenos Aires', 622013),
(74, 'Quilmes', 'ARG', 'Buenos Aires', 559249),
(75, 'Almirante Brown', 'ARG', 'Buenos Aires', 538918),
(76, 'La Plata', 'ARG', 'Buenos Aires', 521936),
(77, 'Mar del Plata', 'ARG', 'Buenos Aires', 512880),
(78, 'San Miguel de Tucumán', 'ARG', 'Tucumán', 470809),
(79, 'Lanús', 'ARG', 'Buenos Aires', 469735),
(80, 'Merlo', 'ARG', 'Buenos Aires', 463846),
(81, 'General San Martín', 'ARG', 'Buenos Aires', 422542),
(82, 'Salta', 'ARG', 'Salta', 367550),
(83, 'Moreno', 'ARG', 'Buenos Aires', 356993),
(84, 'Santa Fé', 'ARG', 'Santa Fé', 353063),
(85, 'Avellaneda', 'ARG', 'Buenos Aires', 353046),
(86, 'Tres de Febrero', 'ARG', 'Buenos Aires', 352311),
(87, 'Morón', 'ARG', 'Buenos Aires', 349246),
(88, 'Florencio Varela', 'ARG', 'Buenos Aires', 315432),
(89, 'San Isidro', 'ARG', 'Buenos Aires', 306341),
(90, 'Tigre', 'ARG', 'Buenos Aires', 296226),
(91, 'Malvinas Argentinas', 'ARG', 'Buenos Aires', 290335),
(92, 'Vicente López', 'ARG', 'Buenos Aires', 288341),
(93, 'Berazategui', 'ARG', 'Buenos Aires', 276916),
(94, 'Corrientes', 'ARG', 'Corrientes', 258103),
(95, 'San Miguel', 'ARG', 'Buenos Aires', 248700),
(96, 'Bahía Blanca', 'ARG', 'Buenos Aires', 239810),
(97, 'Esteban Echeverría', 'ARG', 'Buenos Aires', 235760),
(98, 'Resistencia', 'ARG', 'Chaco', 229212),
(99, 'José C. Paz', 'ARG', 'Buenos Aires', 221754),
(100, 'Paraná', 'ARG', 'Entre Rios', 207041),
(101, 'Godoy Cruz', 'ARG', 'Mendoza', 206998),
(102, 'Posadas', 'ARG', 'Misiones', 201273),
(103, 'Guaymallén', 'ARG', 'Mendoza', 200595),
(104, 'Santiago del Estero', 'ARG', 'Santiago del Estero', 189947),
(105, 'San Salvador de Jujuy', 'ARG', 'Jujuy', 178748),
(106, 'Hurlingham', 'ARG', 'Buenos Aires', 170028),
(107, 'Neuquén', 'ARG', 'Neuquén', 167296),
(108, 'Ituzaingó', 'ARG', 'Buenos Aires', 158197),
(109, 'San Fernando', 'ARG', 'Buenos Aires', 153036),
(110, 'Formosa', 'ARG', 'Formosa', 147636),
(111, 'Las Heras', 'ARG', 'Mendoza', 145823),
(112, 'La Rioja', 'ARG', 'La Rioja', 138117),
(113, 'San Fernando del Valle de Cata', 'ARG', 'Catamarca', 134935),
(114, 'Río Cuarto', 'ARG', 'Córdoba', 134355),
(115, 'Comodoro Rivadavia', 'ARG', 'Chubut', 124104),
(116, 'Mendoza', 'ARG', 'Mendoza', 123027),
(117, 'San Nicolás de los Arroyos', 'ARG', 'Buenos Aires', 119302),
(118, 'San Juan', 'ARG', 'San Juan', 119152),
(119, 'Escobar', 'ARG', 'Buenos Aires', 116675),
(120, 'Concordia', 'ARG', 'Entre Rios', 116485),
(121, 'Pilar', 'ARG', 'Buenos Aires', 113428),
(122, 'San Luis', 'ARG', 'San Luis', 110136),
(123, 'Ezeiza', 'ARG', 'Buenos Aires', 99578),
(124, 'San Rafael', 'ARG', 'Mendoza', 94651),
(125, 'Tandil', 'ARG', 'Buenos Aires', 91101),
(126, 'Yerevan', 'ARM', 'Yerevan', 1248700),
(127, 'Gjumri', 'ARM', 'Širak', 211700),
(128, 'Vanadzor', 'ARM', 'Lori', 172700),
(129, 'Oranjestad', 'ABW', '–', 29034),
(130, 'Sydney', 'AUS', 'New South Wales', 3276207),
(131, 'Melbourne', 'AUS', 'Victoria', 2865329),
(132, 'Brisbane', 'AUS', 'Queensland', 1291117),
(133, 'Perth', 'AUS', 'West Australia', 1096829),
(134, 'Adelaide', 'AUS', 'South Australia', 978100),
(135, 'Canberra', 'AUS', 'Capital Region', 322723),
(136, 'Gold Coast', 'AUS', 'Queensland', 311932),
(137, 'Newcastle', 'AUS', 'New South Wales', 270324),
(138, 'Central Coast', 'AUS', 'New South Wales', 227657),
(139, 'Wollongong', 'AUS', 'New South Wales', 219761),
(140, 'Hobart', 'AUS', 'Tasmania', 126118),
(141, 'Geelong', 'AUS', 'Victoria', 125382),
(142, 'Townsville', 'AUS', 'Queensland', 109914),
(143, 'Cairns', 'AUS', 'Queensland', 92273),
(144, 'Baku', 'AZE', 'Baki', 1787800),
(145, 'Gäncä', 'AZE', 'Gäncä', 299300),
(146, 'Sumqayit', 'AZE', 'Sumqayit', 283000),
(147, 'Mingäçevir', 'AZE', 'Mingäçevir', 93900),
(148, 'Nassau', 'BHS', 'New Providence', 172000),
(149, 'al-Manama', 'BHR', 'al-Manama', 148000),
(150, 'Dhaka', 'BGD', 'Dhaka', 3612850),
(151, 'Chittagong', 'BGD', 'Chittagong', 1392860),
(152, 'Khulna', 'BGD', 'Khulna', 663340),
(153, 'Rajshahi', 'BGD', 'Rajshahi', 294056),
(154, 'Narayanganj', 'BGD', 'Dhaka', 202134),
(155, 'Rangpur', 'BGD', 'Rajshahi', 191398),
(156, 'Mymensingh', 'BGD', 'Dhaka', 188713),
(157, 'Barisal', 'BGD', 'Barisal', 170232),
(158, 'Tungi', 'BGD', 'Dhaka', 168702),
(159, 'Jessore', 'BGD', 'Khulna', 139710),
(160, 'Comilla', 'BGD', 'Chittagong', 135313),
(161, 'Nawabganj', 'BGD', 'Rajshahi', 130577),
(162, 'Dinajpur', 'BGD', 'Rajshahi', 127815),
(163, 'Bogra', 'BGD', 'Rajshahi', 120170),
(164, 'Sylhet', 'BGD', 'Sylhet', 117396),
(165, 'Brahmanbaria', 'BGD', 'Chittagong', 109032),
(166, 'Tangail', 'BGD', 'Dhaka', 106004),
(167, 'Jamalpur', 'BGD', 'Dhaka', 103556),
(168, 'Pabna', 'BGD', 'Rajshahi', 103277),
(169, 'Naogaon', 'BGD', 'Rajshahi', 101266),
(170, 'Sirajganj', 'BGD', 'Rajshahi', 99669),
(171, 'Narsinghdi', 'BGD', 'Dhaka', 98342),
(172, 'Saidpur', 'BGD', 'Rajshahi', 96777),
(173, 'Gazipur', 'BGD', 'Dhaka', 96717),
(174, 'Bridgetown', 'BRB', 'St Michael', 6070),
(175, 'Antwerpen', 'BEL', 'Antwerpen', 446525),
(176, 'Gent', 'BEL', 'East Flanderi', 224180),
(177, 'Charleroi', 'BEL', 'Hainaut', 200827),
(178, 'Liège', 'BEL', 'Liège', 185639),
(179, 'Bruxelles [Brussel]', 'BEL', 'Bryssel', 133859),
(180, 'Brugge', 'BEL', 'West Flanderi', 116246),
(181, 'Schaerbeek', 'BEL', 'Bryssel', 105692),
(182, 'Namur', 'BEL', 'Namur', 105419),
(183, 'Mons', 'BEL', 'Hainaut', 90935),
(184, 'Belize City', 'BLZ', 'Belize City', 55810),
(185, 'Belmopan', 'BLZ', 'Cayo', 7105),
(186, 'Cotonou', 'BEN', 'Atlantique', 536827),
(187, 'Porto-Novo', 'BEN', 'Ouémé', 194000),
(188, 'Djougou', 'BEN', 'Atacora', 134099),
(189, 'Parakou', 'BEN', 'Borgou', 103577),
(190, 'Saint George', 'BMU', 'Saint George´s', 1800),
(191, 'Hamilton', 'BMU', 'Hamilton', 1200),
(192, 'Thimphu', 'BTN', 'Thimphu', 22000),
(193, 'Santa Cruz de la Sierra', 'BOL', 'Santa Cruz', 935361),
(194, 'La Paz', 'BOL', 'La Paz', 758141),
(195, 'El Alto', 'BOL', 'La Paz', 534466),
(196, 'Cochabamba', 'BOL', 'Cochabamba', 482800),
(197, 'Oruro', 'BOL', 'Oruro', 223553),
(198, 'Sucre', 'BOL', 'Chuquisaca', 178426),
(199, 'Potosí', 'BOL', 'Potosí', 140642),
(200, 'Tarija', 'BOL', 'Tarija', 125255),
(201, 'Sarajevo', 'BIH', 'Federaatio', 360000),
(202, 'Banja Luka', 'BIH', 'Republika Srpska', 143079),
(203, 'Zenica', 'BIH', 'Federaatio', 96027),
(204, 'Gaborone', 'BWA', 'Gaborone', 213017),
(205, 'Francistown', 'BWA', 'Francistown', 101805),
(206, 'São Paulo', 'BRA', 'São Paulo', 9968485),
(207, 'Rio de Janeiro', 'BRA', 'Rio de Janeiro', 5598953),
(208, 'Salvador', 'BRA', 'Bahia', 2302832),
(209, 'Belo Horizonte', 'BRA', 'Minas Gerais', 2139125),
(210, 'Fortaleza', 'BRA', 'Ceará', 2097757),
(211, 'Brasília', 'BRA', 'Distrito Federal', 1969868),
(212, 'Curitiba', 'BRA', 'Paraná', 1584232),
(213, 'Recife', 'BRA', 'Pernambuco', 1378087),
(214, 'Porto Alegre', 'BRA', 'Rio Grande do Sul', 1314032),
(215, 'Manaus', 'BRA', 'Amazonas', 1255049),
(216, 'Belém', 'BRA', 'Pará', 1186926),
(217, 'Guarulhos', 'BRA', 'São Paulo', 1095874),
(218, 'Goiânia', 'BRA', 'Goiás', 1056330),
(219, 'Campinas', 'BRA', 'São Paulo', 950043),
(220, 'São Gonçalo', 'BRA', 'Rio de Janeiro', 869254),
(221, 'Nova Iguaçu', 'BRA', 'Rio de Janeiro', 862225),
(222, 'São Luís', 'BRA', 'Maranhão', 837588),
(223, 'Maceió', 'BRA', 'Alagoas', 786288),
(224, 'Duque de Caxias', 'BRA', 'Rio de Janeiro', 746758),
(225, 'São Bernardo do Campo', 'BRA', 'São Paulo', 723132),
(226, 'Teresina', 'BRA', 'Piauí', 691942),
(227, 'Natal', 'BRA', 'Rio Grande do Norte', 688955),
(228, 'Osasco', 'BRA', 'São Paulo', 659604),
(229, 'Campo Grande', 'BRA', 'Mato Grosso do Sul', 649593),
(230, 'Santo André', 'BRA', 'São Paulo', 630073),
(231, 'João Pessoa', 'BRA', 'Paraíba', 584029),
(232, 'Jaboatão dos Guararapes', 'BRA', 'Pernambuco', 558680),
(233, 'Contagem', 'BRA', 'Minas Gerais', 520801),
(234, 'São José dos Campos', 'BRA', 'São Paulo', 515553),
(235, 'Uberlândia', 'BRA', 'Minas Gerais', 487222),
(236, 'Feira de Santana', 'BRA', 'Bahia', 479992),
(237, 'Ribeirão Preto', 'BRA', 'São Paulo', 473276),
(238, 'Sorocaba', 'BRA', 'São Paulo', 466823),
(239, 'Niterói', 'BRA', 'Rio de Janeiro', 459884),
(240, 'Cuiabá', 'BRA', 'Mato Grosso', 453813),
(241, 'Juiz de Fora', 'BRA', 'Minas Gerais', 450288),
(242, 'Aracaju', 'BRA', 'Sergipe', 445555),
(243, 'São João de Meriti', 'BRA', 'Rio de Janeiro', 440052),
(244, 'Londrina', 'BRA', 'Paraná', 432257),
(245, 'Joinville', 'BRA', 'Santa Catarina', 428011),
(246, 'Belford Roxo', 'BRA', 'Rio de Janeiro', 425194),
(247, 'Santos', 'BRA', 'São Paulo', 408748),
(248, 'Ananindeua', 'BRA', 'Pará', 400940),
(249, 'Campos dos Goytacazes', 'BRA', 'Rio de Janeiro', 398418),
(250, 'Mauá', 'BRA', 'São Paulo', 375055),
(251, 'Carapicuíba', 'BRA', 'São Paulo', 357552),
(252, 'Olinda', 'BRA', 'Pernambuco', 354732),
(253, 'Campina Grande', 'BRA', 'Paraíba', 352497),
(254, 'São José do Rio Preto', 'BRA', 'São Paulo', 351944),
(255, 'Caxias do Sul', 'BRA', 'Rio Grande do Sul', 349581),
(256, 'Moji das Cruzes', 'BRA', 'São Paulo', 339194),
(257, 'Diadema', 'BRA', 'São Paulo', 335078),
(258, 'Aparecida de Goiânia', 'BRA', 'Goiás', 324662),
(259, 'Piracicaba', 'BRA', 'São Paulo', 319104),
(260, 'Cariacica', 'BRA', 'Espírito Santo', 319033),
(261, 'Vila Velha', 'BRA', 'Espírito Santo', 318758),
(262, 'Pelotas', 'BRA', 'Rio Grande do Sul', 315415),
(263, 'Bauru', 'BRA', 'São Paulo', 313670),
(264, 'Porto Velho', 'BRA', 'Rondônia', 309750),
(265, 'Serra', 'BRA', 'Espírito Santo', 302666),
(266, 'Betim', 'BRA', 'Minas Gerais', 302108),
(267, 'Jundíaí', 'BRA', 'São Paulo', 296127),
(268, 'Canoas', 'BRA', 'Rio Grande do Sul', 294125),
(269, 'Franca', 'BRA', 'São Paulo', 290139),
(270, 'São Vicente', 'BRA', 'São Paulo', 286848),
(271, 'Maringá', 'BRA', 'Paraná', 286461),
(272, 'Montes Claros', 'BRA', 'Minas Gerais', 286058),
(273, 'Anápolis', 'BRA', 'Goiás', 282197),
(274, 'Florianópolis', 'BRA', 'Santa Catarina', 281928),
(275, 'Petrópolis', 'BRA', 'Rio de Janeiro', 279183),
(276, 'Itaquaquecetuba', 'BRA', 'São Paulo', 270874),
(277, 'Vitória', 'BRA', 'Espírito Santo', 270626),
(278, 'Ponta Grossa', 'BRA', 'Paraná', 268013),
(279, 'Rio Branco', 'BRA', 'Acre', 259537),
(280, 'Foz do Iguaçu', 'BRA', 'Paraná', 259425),
(281, 'Macapá', 'BRA', 'Amapá', 256033),
(282, 'Ilhéus', 'BRA', 'Bahia', 254970),
(283, 'Vitória da Conquista', 'BRA', 'Bahia', 253587),
(284, 'Uberaba', 'BRA', 'Minas Gerais', 249225),
(285, 'Paulista', 'BRA', 'Pernambuco', 248473),
(286, 'Limeira', 'BRA', 'São Paulo', 245497),
(287, 'Blumenau', 'BRA', 'Santa Catarina', 244379),
(288, 'Caruaru', 'BRA', 'Pernambuco', 244247),
(289, 'Santarém', 'BRA', 'Pará', 241771),
(290, 'Volta Redonda', 'BRA', 'Rio de Janeiro', 240315),
(291, 'Novo Hamburgo', 'BRA', 'Rio Grande do Sul', 239940),
(292, 'Caucaia', 'BRA', 'Ceará', 238738),
(293, 'Santa Maria', 'BRA', 'Rio Grande do Sul', 238473),
(294, 'Cascavel', 'BRA', 'Paraná', 237510),
(295, 'Guarujá', 'BRA', 'São Paulo', 237206),
(296, 'Ribeirão das Neves', 'BRA', 'Minas Gerais', 232685),
(297, 'Governador Valadares', 'BRA', 'Minas Gerais', 231724),
(298, 'Taubaté', 'BRA', 'São Paulo', 229130),
(299, 'Imperatriz', 'BRA', 'Maranhão', 224564),
(300, 'Gravataí', 'BRA', 'Rio Grande do Sul', 223011),
(301, 'Embu', 'BRA', 'São Paulo', 222223),
(302, 'Mossoró', 'BRA', 'Rio Grande do Norte', 214901),
(303, 'Várzea Grande', 'BRA', 'Mato Grosso', 214435),
(304, 'Petrolina', 'BRA', 'Pernambuco', 210540),
(305, 'Barueri', 'BRA', 'São Paulo', 208426),
(306, 'Viamão', 'BRA', 'Rio Grande do Sul', 207557),
(307, 'Ipatinga', 'BRA', 'Minas Gerais', 206338),
(308, 'Juazeiro', 'BRA', 'Bahia', 201073),
(309, 'Juazeiro do Norte', 'BRA', 'Ceará', 199636),
(310, 'Taboão da Serra', 'BRA', 'São Paulo', 197550),
(311, 'São José dos Pinhais', 'BRA', 'Paraná', 196884),
(312, 'Magé', 'BRA', 'Rio de Janeiro', 196147),
(313, 'Suzano', 'BRA', 'São Paulo', 195434),
(314, 'São Leopoldo', 'BRA', 'Rio Grande do Sul', 189258),
(315, 'Marília', 'BRA', 'São Paulo', 188691),
(316, 'São Carlos', 'BRA', 'São Paulo', 187122),
(317, 'Sumaré', 'BRA', 'São Paulo', 186205),
(318, 'Presidente Prudente', 'BRA', 'São Paulo', 185340),
(319, 'Divinópolis', 'BRA', 'Minas Gerais', 185047),
(320, 'Sete Lagoas', 'BRA', 'Minas Gerais', 182984),
(321, 'Rio Grande', 'BRA', 'Rio Grande do Sul', 182222),
(322, 'Itabuna', 'BRA', 'Bahia', 182148),
(323, 'Jequié', 'BRA', 'Bahia', 179128),
(324, 'Arapiraca', 'BRA', 'Alagoas', 178988),
(325, 'Colombo', 'BRA', 'Paraná', 177764),
(326, 'Americana', 'BRA', 'São Paulo', 177409),
(327, 'Alvorada', 'BRA', 'Rio Grande do Sul', 175574),
(328, 'Araraquara', 'BRA', 'São Paulo', 174381),
(329, 'Itaboraí', 'BRA', 'Rio de Janeiro', 173977),
(330, 'Santa Bárbara d´Oeste', 'BRA', 'São Paulo', 171657),
(331, 'Nova Friburgo', 'BRA', 'Rio de Janeiro', 170697),
(332, 'Jacareí', 'BRA', 'São Paulo', 170356),
(333, 'Araçatuba', 'BRA', 'São Paulo', 169303),
(334, 'Barra Mansa', 'BRA', 'Rio de Janeiro', 168953),
(335, 'Praia Grande', 'BRA', 'São Paulo', 168434),
(336, 'Marabá', 'BRA', 'Pará', 167795),
(337, 'Criciúma', 'BRA', 'Santa Catarina', 167661),
(338, 'Boa Vista', 'BRA', 'Roraima', 167185),
(339, 'Passo Fundo', 'BRA', 'Rio Grande do Sul', 166343),
(340, 'Dourados', 'BRA', 'Mato Grosso do Sul', 164716),
(341, 'Santa Luzia', 'BRA', 'Minas Gerais', 164704),
(342, 'Rio Claro', 'BRA', 'São Paulo', 163551),
(343, 'Maracanaú', 'BRA', 'Ceará', 162022),
(344, 'Guarapuava', 'BRA', 'Paraná', 160510),
(345, 'Rondonópolis', 'BRA', 'Mato Grosso', 155115),
(346, 'São José', 'BRA', 'Santa Catarina', 155105),
(347, 'Cachoeiro de Itapemirim', 'BRA', 'Espírito Santo', 155024),
(348, 'Nilópolis', 'BRA', 'Rio de Janeiro', 153383),
(349, 'Itapevi', 'BRA', 'São Paulo', 150664),
(350, 'Cabo de Santo Agostinho', 'BRA', 'Pernambuco', 149964),
(351, 'Camaçari', 'BRA', 'Bahia', 149146),
(352, 'Sobral', 'BRA', 'Ceará', 146005),
(353, 'Itajaí', 'BRA', 'Santa Catarina', 145197),
(354, 'Chapecó', 'BRA', 'Santa Catarina', 144158),
(355, 'Cotia', 'BRA', 'São Paulo', 140042),
(356, 'Lages', 'BRA', 'Santa Catarina', 139570),
(357, 'Ferraz de Vasconcelos', 'BRA', 'São Paulo', 139283),
(358, 'Indaiatuba', 'BRA', 'São Paulo', 135968),
(359, 'Hortolândia', 'BRA', 'São Paulo', 135755),
(360, 'Caxias', 'BRA', 'Maranhão', 133980),
(361, 'São Caetano do Sul', 'BRA', 'São Paulo', 133321),
(362, 'Itu', 'BRA', 'São Paulo', 132736),
(363, 'Nossa Senhora do Socorro', 'BRA', 'Sergipe', 131351),
(364, 'Parnaíba', 'BRA', 'Piauí', 129756),
(365, 'Poços de Caldas', 'BRA', 'Minas Gerais', 129683),
(366, 'Teresópolis', 'BRA', 'Rio de Janeiro', 128079),
(367, 'Barreiras', 'BRA', 'Bahia', 127801),
(368, 'Castanhal', 'BRA', 'Pará', 127634),
(369, 'Alagoinhas', 'BRA', 'Bahia', 126820),
(370, 'Itapecerica da Serra', 'BRA', 'São Paulo', 126672),
(371, 'Uruguaiana', 'BRA', 'Rio Grande do Sul', 126305),
(372, 'Paranaguá', 'BRA', 'Paraná', 126076),
(373, 'Ibirité', 'BRA', 'Minas Gerais', 125982),
(374, 'Timon', 'BRA', 'Maranhão', 125812),
(375, 'Luziânia', 'BRA', 'Goiás', 125597),
(376, 'Macaé', 'BRA', 'Rio de Janeiro', 125597),
(377, 'Teófilo Otoni', 'BRA', 'Minas Gerais', 124489),
(378, 'Moji-Guaçu', 'BRA', 'São Paulo', 123782),
(379, 'Palmas', 'BRA', 'Tocantins', 121919),
(380, 'Pindamonhangaba', 'BRA', 'São Paulo', 121904),
(381, 'Francisco Morato', 'BRA', 'São Paulo', 121197),
(382, 'Bagé', 'BRA', 'Rio Grande do Sul', 120793),
(383, 'Sapucaia do Sul', 'BRA', 'Rio Grande do Sul', 120217),
(384, 'Cabo Frio', 'BRA', 'Rio de Janeiro', 119503),
(385, 'Itapetininga', 'BRA', 'São Paulo', 119391),
(386, 'Patos de Minas', 'BRA', 'Minas Gerais', 119262),
(387, 'Camaragibe', 'BRA', 'Pernambuco', 118968),
(388, 'Bragança Paulista', 'BRA', 'São Paulo', 116929),
(389, 'Queimados', 'BRA', 'Rio de Janeiro', 115020),
(390, 'Araguaína', 'BRA', 'Tocantins', 114948),
(391, 'Garanhuns', 'BRA', 'Pernambuco', 114603),
(392, 'Vitória de Santo Antão', 'BRA', 'Pernambuco', 113595),
(393, 'Santa Rita', 'BRA', 'Paraíba', 113135),
(394, 'Barbacena', 'BRA', 'Minas Gerais', 113079),
(395, 'Abaetetuba', 'BRA', 'Pará', 111258),
(396, 'Jaú', 'BRA', 'São Paulo', 109965),
(397, 'Lauro de Freitas', 'BRA', 'Bahia', 109236),
(398, 'Franco da Rocha', 'BRA', 'São Paulo', 108964),
(399, 'Teixeira de Freitas', 'BRA', 'Bahia', 108441),
(400, 'Varginha', 'BRA', 'Minas Gerais', 108314),
(401, 'Ribeirão Pires', 'BRA', 'São Paulo', 108121),
(402, 'Sabará', 'BRA', 'Minas Gerais', 107781),
(403, 'Catanduva', 'BRA', 'São Paulo', 107761),
(404, 'Rio Verde', 'BRA', 'Goiás', 107755),
(405, 'Botucatu', 'BRA', 'São Paulo', 107663),
(406, 'Colatina', 'BRA', 'Espírito Santo', 107354),
(407, 'Santa Cruz do Sul', 'BRA', 'Rio Grande do Sul', 106734),
(408, 'Linhares', 'BRA', 'Espírito Santo', 106278),
(409, 'Apucarana', 'BRA', 'Paraná', 105114),
(410, 'Barretos', 'BRA', 'São Paulo', 104156),
(411, 'Guaratinguetá', 'BRA', 'São Paulo', 103433),
(412, 'Cachoeirinha', 'BRA', 'Rio Grande do Sul', 103240),
(413, 'Codó', 'BRA', 'Maranhão', 103153),
(414, 'Jaraguá do Sul', 'BRA', 'Santa Catarina', 102580),
(415, 'Cubatão', 'BRA', 'São Paulo', 102372),
(416, 'Itabira', 'BRA', 'Minas Gerais', 102217),
(417, 'Itaituba', 'BRA', 'Pará', 101320),
(418, 'Araras', 'BRA', 'São Paulo', 101046),
(419, 'Resende', 'BRA', 'Rio de Janeiro', 100627),
(420, 'Atibaia', 'BRA', 'São Paulo', 100356),
(421, 'Pouso Alegre', 'BRA', 'Minas Gerais', 100028),
(422, 'Toledo', 'BRA', 'Paraná', 99387),
(423, 'Crato', 'BRA', 'Ceará', 98965),
(424, 'Passos', 'BRA', 'Minas Gerais', 98570),
(425, 'Araguari', 'BRA', 'Minas Gerais', 98399),
(426, 'São José de Ribamar', 'BRA', 'Maranhão', 98318),
(427, 'Pinhais', 'BRA', 'Paraná', 98198),
(428, 'Sertãozinho', 'BRA', 'São Paulo', 98140),
(429, 'Conselheiro Lafaiete', 'BRA', 'Minas Gerais', 97507),
(430, 'Paulo Afonso', 'BRA', 'Bahia', 97291),
(431, 'Angra dos Reis', 'BRA', 'Rio de Janeiro', 96864),
(432, 'Eunápolis', 'BRA', 'Bahia', 96610),
(433, 'Salto', 'BRA', 'São Paulo', 96348),
(434, 'Ourinhos', 'BRA', 'São Paulo', 96291),
(435, 'Parnamirim', 'BRA', 'Rio Grande do Norte', 96210),
(436, 'Jacobina', 'BRA', 'Bahia', 96131),
(437, 'Coronel Fabriciano', 'BRA', 'Minas Gerais', 95933),
(438, 'Birigui', 'BRA', 'São Paulo', 94685),
(439, 'Tatuí', 'BRA', 'São Paulo', 93897),
(440, 'Ji-Paraná', 'BRA', 'Rondônia', 93346),
(441, 'Bacabal', 'BRA', 'Maranhão', 93121),
(442, 'Cametá', 'BRA', 'Pará', 92779),
(443, 'Guaíba', 'BRA', 'Rio Grande do Sul', 92224),
(444, 'São Lourenço da Mata', 'BRA', 'Pernambuco', 91999),
(445, 'Santana do Livramento', 'BRA', 'Rio Grande do Sul', 91779),
(446, 'Votorantim', 'BRA', 'São Paulo', 91777),
(447, 'Campo Largo', 'BRA', 'Paraná', 91203),
(448, 'Patos', 'BRA', 'Paraíba', 90519),
(449, 'Ituiutaba', 'BRA', 'Minas Gerais', 90507),
(450, 'Corumbá', 'BRA', 'Mato Grosso do Sul', 90111),
(451, 'Palhoça', 'BRA', 'Santa Catarina', 89465),
(452, 'Barra do Piraí', 'BRA', 'Rio de Janeiro', 89388),
(453, 'Bento Gonçalves', 'BRA', 'Rio Grande do Sul', 89254),
(454, 'Poá', 'BRA', 'São Paulo', 89236),
(455, 'Águas Lindas de Goiás', 'BRA', 'Goiás', 89200),
(456, 'London', 'GBR', 'England', 7285000),
(457, 'Birmingham', 'GBR', 'England', 1013000),
(458, 'Glasgow', 'GBR', 'Scotland', 619680),
(459, 'Liverpool', 'GBR', 'England', 461000),
(460, 'Edinburgh', 'GBR', 'Scotland', 450180),
(461, 'Sheffield', 'GBR', 'England', 431607),
(462, 'Manchester', 'GBR', 'England', 430000),
(463, 'Leeds', 'GBR', 'England', 424194),
(464, 'Bristol', 'GBR', 'England', 402000),
(465, 'Cardiff', 'GBR', 'Wales', 321000),
(466, 'Coventry', 'GBR', 'England', 304000),
(467, 'Leicester', 'GBR', 'England', 294000),
(468, 'Bradford', 'GBR', 'England', 289376),
(469, 'Belfast', 'GBR', 'North Ireland', 287500),
(470, 'Nottingham', 'GBR', 'England', 287000),
(471, 'Kingston upon Hull', 'GBR', 'England', 262000),
(472, 'Plymouth', 'GBR', 'England', 253000),
(473, 'Stoke-on-Trent', 'GBR', 'England', 252000),
(474, 'Wolverhampton', 'GBR', 'England', 242000),
(475, 'Derby', 'GBR', 'England', 236000),
(476, 'Swansea', 'GBR', 'Wales', 230000),
(477, 'Southampton', 'GBR', 'England', 216000),
(478, 'Aberdeen', 'GBR', 'Scotland', 213070),
(479, 'Northampton', 'GBR', 'England', 196000),
(480, 'Dudley', 'GBR', 'England', 192171),
(481, 'Portsmouth', 'GBR', 'England', 190000),
(482, 'Newcastle upon Tyne', 'GBR', 'England', 189150),
(483, 'Sunderland', 'GBR', 'England', 183310),
(484, 'Luton', 'GBR', 'England', 183000),
(485, 'Swindon', 'GBR', 'England', 180000),
(486, 'Southend-on-Sea', 'GBR', 'England', 176000),
(487, 'Walsall', 'GBR', 'England', 174739),
(488, 'Bournemouth', 'GBR', 'England', 162000),
(489, 'Peterborough', 'GBR', 'England', 156000),
(490, 'Brighton', 'GBR', 'England', 156124),
(491, 'Blackpool', 'GBR', 'England', 151000),
(492, 'Dundee', 'GBR', 'Scotland', 146690),
(493, 'West Bromwich', 'GBR', 'England', 146386),
(494, 'Reading', 'GBR', 'England', 148000),
(495, 'Oldbury/Smethwick (Warley)', 'GBR', 'England', 145542),
(496, 'Middlesbrough', 'GBR', 'England', 145000),
(497, 'Huddersfield', 'GBR', 'England', 143726),
(498, 'Oxford', 'GBR', 'England', 144000),
(499, 'Poole', 'GBR', 'England', 141000),
(500, 'Bolton', 'GBR', 'England', 139020),
(501, 'Blackburn', 'GBR', 'England', 140000),
(502, 'Newport', 'GBR', 'Wales', 139000),
(503, 'Preston', 'GBR', 'England', 135000),
(504, 'Stockport', 'GBR', 'England', 132813),
(505, 'Norwich', 'GBR', 'England', 124000),
(506, 'Rotherham', 'GBR', 'England', 121380),
(507, 'Cambridge', 'GBR', 'England', 121000),
(508, 'Watford', 'GBR', 'England', 113080),
(509, 'Ipswich', 'GBR', 'England', 114000),
(510, 'Slough', 'GBR', 'England', 112000),
(511, 'Exeter', 'GBR', 'England', 111000),
(512, 'Cheltenham', 'GBR', 'England', 106000),
(513, 'Gloucester', 'GBR', 'England', 107000),
(514, 'Saint Helens', 'GBR', 'England', 106293),
(515, 'Sutton Coldfield', 'GBR', 'England', 106001),
(516, 'York', 'GBR', 'England', 104425),
(517, 'Oldham', 'GBR', 'England', 103931),
(518, 'Basildon', 'GBR', 'England', 100924),
(519, 'Worthing', 'GBR', 'England', 100000),
(520, 'Chelmsford', 'GBR', 'England', 97451),
(521, 'Colchester', 'GBR', 'England', 96063),
(522, 'Crawley', 'GBR', 'England', 97000),
(523, 'Gillingham', 'GBR', 'England', 92000),
(524, 'Solihull', 'GBR', 'England', 94531),
(525, 'Rochdale', 'GBR', 'England', 94313),
(526, 'Birkenhead', 'GBR', 'England', 93087),
(527, 'Worcester', 'GBR', 'England', 95000),
(528, 'Hartlepool', 'GBR', 'England', 92000),
(529, 'Halifax', 'GBR', 'England', 91069),
(530, 'Woking/Byfleet', 'GBR', 'England', 92000),
(531, 'Southport', 'GBR', 'England', 90959),
(532, 'Maidstone', 'GBR', 'England', 90878),
(533, 'Eastbourne', 'GBR', 'England', 90000),
(534, 'Grimsby', 'GBR', 'England', 89000),
(535, 'Saint Helier', 'GBR', 'Jersey', 27523),
(536, 'Douglas', 'GBR', '–', 23487),
(537, 'Road Town', 'VGB', 'Tortola', 8000),
(538, 'Bandar Seri Begawan', 'BRN', 'Brunei and Muara', 21484),
(539, 'Sofija', 'BGR', 'Grad Sofija', 1122302),
(540, 'Plovdiv', 'BGR', 'Plovdiv', 342584),
(541, 'Varna', 'BGR', 'Varna', 299801),
(542, 'Burgas', 'BGR', 'Burgas', 195255),
(543, 'Ruse', 'BGR', 'Ruse', 166467),
(544, 'Stara Zagora', 'BGR', 'Haskovo', 147939),
(545, 'Pleven', 'BGR', 'Lovec', 121952),
(546, 'Sliven', 'BGR', 'Burgas', 105530),
(547, 'Dobric', 'BGR', 'Varna', 100399),
(548, 'Šumen', 'BGR', 'Varna', 94686),
(549, 'Ouagadougou', 'BFA', 'Kadiogo', 824000),
(550, 'Bobo-Dioulasso', 'BFA', 'Houet', 300000),
(551, 'Koudougou', 'BFA', 'Boulkiemdé', 105000),
(552, 'Bujumbura', 'BDI', 'Bujumbura', 300000),
(553, 'George Town', 'CYM', 'Grand Cayman', 19600),
(554, 'Santiago de Chile', 'CHL', 'Santiago', 4703954),
(555, 'Puente Alto', 'CHL', 'Santiago', 386236),
(556, 'Viña del Mar', 'CHL', 'Valparaíso', 312493),
(557, 'Valparaíso', 'CHL', 'Valparaíso', 293800),
(558, 'Talcahuano', 'CHL', 'Bíobío', 277752),
(559, 'Antofagasta', 'CHL', 'Antofagasta', 251429),
(560, 'San Bernardo', 'CHL', 'Santiago', 241910),
(561, 'Temuco', 'CHL', 'La Araucanía', 233041),
(562, 'Concepción', 'CHL', 'Bíobío', 217664),
(563, 'Rancagua', 'CHL', 'O´Higgins', 212977),
(564, 'Arica', 'CHL', 'Tarapacá', 189036),
(565, 'Talca', 'CHL', 'Maule', 187557),
(566, 'Chillán', 'CHL', 'Bíobío', 178182),
(567, 'Iquique', 'CHL', 'Tarapacá', 177892),
(568, 'Los Angeles', 'CHL', 'Bíobío', 158215),
(569, 'Puerto Montt', 'CHL', 'Los Lagos', 152194),
(570, 'Coquimbo', 'CHL', 'Coquimbo', 143353),
(571, 'Osorno', 'CHL', 'Los Lagos', 141468),
(572, 'La Serena', 'CHL', 'Coquimbo', 137409),
(573, 'Calama', 'CHL', 'Antofagasta', 137265),
(574, 'Valdivia', 'CHL', 'Los Lagos', 133106),
(575, 'Punta Arenas', 'CHL', 'Magallanes', 125631),
(576, 'Copiapó', 'CHL', 'Atacama', 120128),
(577, 'Quilpué', 'CHL', 'Valparaíso', 118857),
(578, 'Curicó', 'CHL', 'Maule', 115766),
(579, 'Ovalle', 'CHL', 'Coquimbo', 94854),
(580, 'Coronel', 'CHL', 'Bíobío', 93061),
(581, 'San Pedro de la Paz', 'CHL', 'Bíobío', 91684),
(582, 'Melipilla', 'CHL', 'Santiago', 91056),
(583, 'Avarua', 'COK', 'Rarotonga', 11900),
(584, 'San José', 'CRI', 'San José', 339131),
(585, 'Djibouti', 'DJI', 'Djibouti', 383000),
(586, 'Roseau', 'DMA', 'St George', 16243),
(587, 'Santo Domingo de Guzmán', 'DOM', 'Distrito Nacional', 1609966),
(588, 'Santiago de los Caballeros', 'DOM', 'Santiago', 365463),
(589, 'La Romana', 'DOM', 'La Romana', 140204),
(590, 'San Pedro de Macorís', 'DOM', 'San Pedro de Macorís', 124735),
(591, 'San Francisco de Macorís', 'DOM', 'Duarte', 108485),
(592, 'San Felipe de Puerto Plata', 'DOM', 'Puerto Plata', 89423),
(593, 'Guayaquil', 'ECU', 'Guayas', 2070040),
(594, 'Quito', 'ECU', 'Pichincha', 1573458),
(595, 'Cuenca', 'ECU', 'Azuay', 270353),
(596, 'Machala', 'ECU', 'El Oro', 210368),
(597, 'Santo Domingo de los Colorados', 'ECU', 'Pichincha', 202111),
(598, 'Portoviejo', 'ECU', 'Manabí', 176413),
(599, 'Ambato', 'ECU', 'Tungurahua', 169612),
(600, 'Manta', 'ECU', 'Manabí', 164739),
(601, 'Duran [Eloy Alfaro]', 'ECU', 'Guayas', 152514),
(602, 'Ibarra', 'ECU', 'Imbabura', 130643),
(603, 'Quevedo', 'ECU', 'Los Ríos', 129631),
(604, 'Milagro', 'ECU', 'Guayas', 124177),
(605, 'Loja', 'ECU', 'Loja', 123875),
(606, 'Ríobamba', 'ECU', 'Chimborazo', 123163),
(607, 'Esmeraldas', 'ECU', 'Esmeraldas', 123045),
(608, 'Cairo', 'EGY', 'Kairo', 6789479),
(609, 'Alexandria', 'EGY', 'Aleksandria', 3328196),
(610, 'Giza', 'EGY', 'Giza', 2221868),
(611, 'Shubra al-Khayma', 'EGY', 'al-Qalyubiya', 870716),
(612, 'Port Said', 'EGY', 'Port Said', 469533),
(613, 'Suez', 'EGY', 'Suez', 417610),
(614, 'al-Mahallat al-Kubra', 'EGY', 'al-Gharbiya', 395402),
(615, 'Tanta', 'EGY', 'al-Gharbiya', 371010),
(616, 'al-Mansura', 'EGY', 'al-Daqahliya', 369621),
(617, 'Luxor', 'EGY', 'Luxor', 360503),
(618, 'Asyut', 'EGY', 'Asyut', 343498),
(619, 'Bahtim', 'EGY', 'al-Qalyubiya', 275807),
(620, 'Zagazig', 'EGY', 'al-Sharqiya', 267351),
(621, 'al-Faiyum', 'EGY', 'al-Faiyum', 260964),
(622, 'Ismailia', 'EGY', 'Ismailia', 254477),
(623, 'Kafr al-Dawwar', 'EGY', 'al-Buhayra', 231978),
(624, 'Assuan', 'EGY', 'Assuan', 219017),
(625, 'Damanhur', 'EGY', 'al-Buhayra', 212203),
(626, 'al-Minya', 'EGY', 'al-Minya', 201360),
(627, 'Bani Suwayf', 'EGY', 'Bani Suwayf', 172032),
(628, 'Qina', 'EGY', 'Qina', 171275),
(629, 'Sawhaj', 'EGY', 'Sawhaj', 170125),
(630, 'Shibin al-Kawm', 'EGY', 'al-Minufiya', 159909),
(631, 'Bulaq al-Dakrur', 'EGY', 'Giza', 148787),
(632, 'Banha', 'EGY', 'al-Qalyubiya', 145792),
(633, 'Warraq al-Arab', 'EGY', 'Giza', 127108),
(634, 'Kafr al-Shaykh', 'EGY', 'Kafr al-Shaykh', 124819),
(635, 'Mallawi', 'EGY', 'al-Minya', 119283),
(636, 'Bilbays', 'EGY', 'al-Sharqiya', 113608),
(637, 'Mit Ghamr', 'EGY', 'al-Daqahliya', 101801),
(638, 'al-Arish', 'EGY', 'Shamal Sina', 100447),
(639, 'Talkha', 'EGY', 'al-Daqahliya', 97700),
(640, 'Qalyub', 'EGY', 'al-Qalyubiya', 97200),
(641, 'Jirja', 'EGY', 'Sawhaj', 95400),
(642, 'Idfu', 'EGY', 'Qina', 94200),
(643, 'al-Hawamidiya', 'EGY', 'Giza', 91700),
(644, 'Disuq', 'EGY', 'Kafr al-Shaykh', 91300),
(645, 'San Salvador', 'SLV', 'San Salvador', 415346),
(646, 'Santa Ana', 'SLV', 'Santa Ana', 139389),
(647, 'Mejicanos', 'SLV', 'San Salvador', 138800),
(648, 'Soyapango', 'SLV', 'San Salvador', 129800),
(649, 'San Miguel', 'SLV', 'San Miguel', 127696),
(650, 'Nueva San Salvador', 'SLV', 'La Libertad', 98400),
(651, 'Apopa', 'SLV', 'San Salvador', 88800),
(652, 'Asmara', 'ERI', 'Maekel', 431000),
(653, 'Madrid', 'ESP', 'Madrid', 2879052),
(654, 'Barcelona', 'ESP', 'Katalonia', 1503451),
(655, 'Valencia', 'ESP', 'Valencia', 739412),
(656, 'Sevilla', 'ESP', 'Andalusia', 701927),
(657, 'Zaragoza', 'ESP', 'Aragonia', 603367),
(658, 'Málaga', 'ESP', 'Andalusia', 530553),
(659, 'Bilbao', 'ESP', 'Baskimaa', 357589),
(660, 'Las Palmas de Gran Canaria', 'ESP', 'Canary Islands', 354757),
(661, 'Murcia', 'ESP', 'Murcia', 353504),
(662, 'Palma de Mallorca', 'ESP', 'Balears', 326993),
(663, 'Valladolid', 'ESP', 'Castilla and León', 319998),
(664, 'Córdoba', 'ESP', 'Andalusia', 311708),
(665, 'Vigo', 'ESP', 'Galicia', 283670),
(666, 'Alicante [Alacant]', 'ESP', 'Valencia', 272432),
(667, 'Gijón', 'ESP', 'Asturia', 267980),
(668, 'L´Hospitalet de Llobregat', 'ESP', 'Katalonia', 247986),
(669, 'Granada', 'ESP', 'Andalusia', 244767),
(670, 'A Coruña (La Coruña)', 'ESP', 'Galicia', 243402),
(671, 'Vitoria-Gasteiz', 'ESP', 'Baskimaa', 217154),
(672, 'Santa Cruz de Tenerife', 'ESP', 'Canary Islands', 213050),
(673, 'Badalona', 'ESP', 'Katalonia', 209635),
(674, 'Oviedo', 'ESP', 'Asturia', 200453),
(675, 'Móstoles', 'ESP', 'Madrid', 195351),
(676, 'Elche [Elx]', 'ESP', 'Valencia', 193174),
(677, 'Sabadell', 'ESP', 'Katalonia', 184859),
(678, 'Santander', 'ESP', 'Cantabria', 184165),
(679, 'Jerez de la Frontera', 'ESP', 'Andalusia', 182660),
(680, 'Pamplona [Iruña]', 'ESP', 'Navarra', 180483),
(681, 'Donostia-San Sebastián', 'ESP', 'Baskimaa', 179208),
(682, 'Cartagena', 'ESP', 'Murcia', 177709),
(683, 'Leganés', 'ESP', 'Madrid', 173163),
(684, 'Fuenlabrada', 'ESP', 'Madrid', 171173),
(685, 'Almería', 'ESP', 'Andalusia', 169027),
(686, 'Terrassa', 'ESP', 'Katalonia', 168695),
(687, 'Alcalá de Henares', 'ESP', 'Madrid', 164463),
(688, 'Burgos', 'ESP', 'Castilla and León', 162802),
(689, 'Salamanca', 'ESP', 'Castilla and León', 158720),
(690, 'Albacete', 'ESP', 'Kastilia-La Mancha', 147527),
(691, 'Getafe', 'ESP', 'Madrid', 145371),
(692, 'Cádiz', 'ESP', 'Andalusia', 142449),
(693, 'Alcorcón', 'ESP', 'Madrid', 142048),
(694, 'Huelva', 'ESP', 'Andalusia', 140583),
(695, 'León', 'ESP', 'Castilla and León', 139809),
(696, 'Castellón de la Plana [Castell', 'ESP', 'Valencia', 139712),
(697, 'Badajoz', 'ESP', 'Extremadura', 136613),
(698, '[San Cristóbal de] la Laguna', 'ESP', 'Canary Islands', 127945),
(699, 'Logroño', 'ESP', 'La Rioja', 127093),
(700, 'Santa Coloma de Gramenet', 'ESP', 'Katalonia', 120802),
(701, 'Tarragona', 'ESP', 'Katalonia', 113016),
(702, 'Lleida (Lérida)', 'ESP', 'Katalonia', 112207),
(703, 'Jaén', 'ESP', 'Andalusia', 109247),
(704, 'Ourense (Orense)', 'ESP', 'Galicia', 109120),
(705, 'Mataró', 'ESP', 'Katalonia', 104095),
(706, 'Algeciras', 'ESP', 'Andalusia', 103106),
(707, 'Marbella', 'ESP', 'Andalusia', 101144),
(708, 'Barakaldo', 'ESP', 'Baskimaa', 98212),
(709, 'Dos Hermanas', 'ESP', 'Andalusia', 94591),
(710, 'Santiago de Compostela', 'ESP', 'Galicia', 93745),
(711, 'Torrejón de Ardoz', 'ESP', 'Madrid', 92262),
(712, 'Cape Town', 'ZAF', 'Western Cape', 2352121),
(713, 'Soweto', 'ZAF', 'Gauteng', 904165),
(714, 'Johannesburg', 'ZAF', 'Gauteng', 756653),
(715, 'Port Elizabeth', 'ZAF', 'Eastern Cape', 752319),
(716, 'Pretoria', 'ZAF', 'Gauteng', 658630),
(717, 'Inanda', 'ZAF', 'KwaZulu-Natal', 634065),
(718, 'Durban', 'ZAF', 'KwaZulu-Natal', 566120),
(719, 'Vanderbijlpark', 'ZAF', 'Gauteng', 468931),
(720, 'Kempton Park', 'ZAF', 'Gauteng', 442633),
(721, 'Alberton', 'ZAF', 'Gauteng', 410102),
(722, 'Pinetown', 'ZAF', 'KwaZulu-Natal', 378810),
(723, 'Pietermaritzburg', 'ZAF', 'KwaZulu-Natal', 370190),
(724, 'Benoni', 'ZAF', 'Gauteng', 365467),
(725, 'Randburg', 'ZAF', 'Gauteng', 341288),
(726, 'Umlazi', 'ZAF', 'KwaZulu-Natal', 339233),
(727, 'Bloemfontein', 'ZAF', 'Free State', 334341),
(728, 'Vereeniging', 'ZAF', 'Gauteng', 328535),
(729, 'Wonderboom', 'ZAF', 'Gauteng', 283289),
(730, 'Roodepoort', 'ZAF', 'Gauteng', 279340),
(731, 'Boksburg', 'ZAF', 'Gauteng', 262648),
(732, 'Klerksdorp', 'ZAF', 'North West', 261911),
(733, 'Soshanguve', 'ZAF', 'Gauteng', 242727),
(734, 'Newcastle', 'ZAF', 'KwaZulu-Natal', 222993),
(735, 'East London', 'ZAF', 'Eastern Cape', 221047),
(736, 'Welkom', 'ZAF', 'Free State', 203296),
(737, 'Kimberley', 'ZAF', 'Northern Cape', 197254),
(738, 'Uitenhage', 'ZAF', 'Eastern Cape', 192120),
(739, 'Chatsworth', 'ZAF', 'KwaZulu-Natal', 189885),
(740, 'Mdantsane', 'ZAF', 'Eastern Cape', 182639),
(741, 'Krugersdorp', 'ZAF', 'Gauteng', 181503),
(742, 'Botshabelo', 'ZAF', 'Free State', 177971),
(743, 'Brakpan', 'ZAF', 'Gauteng', 171363),
(744, 'Witbank', 'ZAF', 'Mpumalanga', 167183),
(745, 'Oberholzer', 'ZAF', 'Gauteng', 164367),
(746, 'Germiston', 'ZAF', 'Gauteng', 164252),
(747, 'Springs', 'ZAF', 'Gauteng', 162072),
(748, 'Westonaria', 'ZAF', 'Gauteng', 159632),
(749, 'Randfontein', 'ZAF', 'Gauteng', 120838),
(750, 'Paarl', 'ZAF', 'Western Cape', 105768),
(751, 'Potchefstroom', 'ZAF', 'North West', 101817),
(752, 'Rustenburg', 'ZAF', 'North West', 97008),
(753, 'Nigel', 'ZAF', 'Gauteng', 96734),
(754, 'George', 'ZAF', 'Western Cape', 93818),
(755, 'Ladysmith', 'ZAF', 'KwaZulu-Natal', 89292),
(756, 'Addis Abeba', 'ETH', 'Addis Abeba', 2495000),
(757, 'Dire Dawa', 'ETH', 'Dire Dawa', 164851),
(758, 'Nazret', 'ETH', 'Oromia', 127842),
(759, 'Gonder', 'ETH', 'Amhara', 112249),
(760, 'Dese', 'ETH', 'Amhara', 97314),
(761, 'Mekele', 'ETH', 'Tigray', 96938),
(762, 'Bahir Dar', 'ETH', 'Amhara', 96140),
(763, 'Stanley', 'FLK', 'East Falkland', 1636),
(764, 'Suva', 'FJI', 'Central', 77366),
(765, 'Quezon', 'PHL', 'National Capital Reg', 2173831),
(766, 'Manila', 'PHL', 'National Capital Reg', 1581082),
(767, 'Kalookan', 'PHL', 'National Capital Reg', 1177604),
(768, 'Davao', 'PHL', 'Southern Mindanao', 1147116),
(769, 'Cebu', 'PHL', 'Central Visayas', 718821),
(770, 'Zamboanga', 'PHL', 'Western Mindanao', 601794),
(771, 'Pasig', 'PHL', 'National Capital Reg', 505058),
(772, 'Valenzuela', 'PHL', 'National Capital Reg', 485433),
(773, 'Las Piñas', 'PHL', 'National Capital Reg', 472780),
(774, 'Antipolo', 'PHL', 'Southern Tagalog', 470866),
(775, 'Taguig', 'PHL', 'National Capital Reg', 467375),
(776, 'Cagayan de Oro', 'PHL', 'Northern Mindanao', 461877),
(777, 'Parañaque', 'PHL', 'National Capital Reg', 449811),
(778, 'Makati', 'PHL', 'National Capital Reg', 444867),
(779, 'Bacolod', 'PHL', 'Western Visayas', 429076),
(780, 'General Santos', 'PHL', 'Southern Mindanao', 411822),
(781, 'Marikina', 'PHL', 'National Capital Reg', 391170),
(782, 'Dasmariñas', 'PHL', 'Southern Tagalog', 379520),
(783, 'Muntinlupa', 'PHL', 'National Capital Reg', 379310),
(784, 'Iloilo', 'PHL', 'Western Visayas', 365820),
(785, 'Pasay', 'PHL', 'National Capital Reg', 354908),
(786, 'Malabon', 'PHL', 'National Capital Reg', 338855),
(787, 'San José del Monte', 'PHL', 'Central Luzon', 315807),
(788, 'Bacoor', 'PHL', 'Southern Tagalog', 305699),
(789, 'Iligan', 'PHL', 'Central Mindanao', 285061),
(790, 'Calamba', 'PHL', 'Southern Tagalog', 281146),
(791, 'Mandaluyong', 'PHL', 'National Capital Reg', 278474),
(792, 'Butuan', 'PHL', 'Caraga', 267279),
(793, 'Angeles', 'PHL', 'Central Luzon', 263971),
(794, 'Tarlac', 'PHL', 'Central Luzon', 262481),
(795, 'Mandaue', 'PHL', 'Central Visayas', 259728),
(796, 'Baguio', 'PHL', 'CAR', 252386),
(797, 'Batangas', 'PHL', 'Southern Tagalog', 247588),
(798, 'Cainta', 'PHL', 'Southern Tagalog', 242511),
(799, 'San Pedro', 'PHL', 'Southern Tagalog', 231403),
(800, 'Navotas', 'PHL', 'National Capital Reg', 230403),
(801, 'Cabanatuan', 'PHL', 'Central Luzon', 222859),
(802, 'San Fernando', 'PHL', 'Central Luzon', 221857),
(803, 'Lipa', 'PHL', 'Southern Tagalog', 218447),
(804, 'Lapu-Lapu', 'PHL', 'Central Visayas', 217019),
(805, 'San Pablo', 'PHL', 'Southern Tagalog', 207927),
(806, 'Biñan', 'PHL', 'Southern Tagalog', 201186),
(807, 'Taytay', 'PHL', 'Southern Tagalog', 198183),
(808, 'Lucena', 'PHL', 'Southern Tagalog', 196075),
(809, 'Imus', 'PHL', 'Southern Tagalog', 195482),
(810, 'Olongapo', 'PHL', 'Central Luzon', 194260),
(811, 'Binangonan', 'PHL', 'Southern Tagalog', 187691),
(812, 'Santa Rosa', 'PHL', 'Southern Tagalog', 185633),
(813, 'Tagum', 'PHL', 'Southern Mindanao', 179531),
(814, 'Tacloban', 'PHL', 'Eastern Visayas', 178639),
(815, 'Malolos', 'PHL', 'Central Luzon', 175291),
(816, 'Mabalacat', 'PHL', 'Central Luzon', 171045),
(817, 'Cotabato', 'PHL', 'Central Mindanao', 163849),
(818, 'Meycauayan', 'PHL', 'Central Luzon', 163037),
(819, 'Puerto Princesa', 'PHL', 'Southern Tagalog', 161912),
(820, 'Legazpi', 'PHL', 'Bicol', 157010),
(821, 'Silang', 'PHL', 'Southern Tagalog', 156137),
(822, 'Ormoc', 'PHL', 'Eastern Visayas', 154297),
(823, 'San Carlos', 'PHL', 'Ilocos', 154264),
(824, 'Kabankalan', 'PHL', 'Western Visayas', 149769),
(825, 'Talisay', 'PHL', 'Central Visayas', 148110),
(826, 'Valencia', 'PHL', 'Northern Mindanao', 147924),
(827, 'Calbayog', 'PHL', 'Eastern Visayas', 147187),
(828, 'Santa Maria', 'PHL', 'Central Luzon', 144282),
(829, 'Pagadian', 'PHL', 'Western Mindanao', 142515),
(830, 'Cadiz', 'PHL', 'Western Visayas', 141954),
(831, 'Bago', 'PHL', 'Western Visayas', 141721),
(832, 'Toledo', 'PHL', 'Central Visayas', 141174),
(833, 'Naga', 'PHL', 'Bicol', 137810),
(834, 'San Mateo', 'PHL', 'Southern Tagalog', 135603),
(835, 'Panabo', 'PHL', 'Southern Mindanao', 133950),
(836, 'Koronadal', 'PHL', 'Southern Mindanao', 133786),
(837, 'Marawi', 'PHL', 'Central Mindanao', 131090),
(838, 'Dagupan', 'PHL', 'Ilocos', 130328),
(839, 'Sagay', 'PHL', 'Western Visayas', 129765),
(840, 'Roxas', 'PHL', 'Western Visayas', 126352),
(841, 'Lubao', 'PHL', 'Central Luzon', 125699),
(842, 'Digos', 'PHL', 'Southern Mindanao', 125171),
(843, 'San Miguel', 'PHL', 'Central Luzon', 123824),
(844, 'Malaybalay', 'PHL', 'Northern Mindanao', 123672),
(845, 'Tuguegarao', 'PHL', 'Cagayan Valley', 120645),
(846, 'Ilagan', 'PHL', 'Cagayan Valley', 119990),
(847, 'Baliuag', 'PHL', 'Central Luzon', 119675),
(848, 'Surigao', 'PHL', 'Caraga', 118534),
(849, 'San Carlos', 'PHL', 'Western Visayas', 118259),
(850, 'San Juan del Monte', 'PHL', 'National Capital Reg', 117680),
(851, 'Tanauan', 'PHL', 'Southern Tagalog', 117539),
(852, 'Concepcion', 'PHL', 'Central Luzon', 115171),
(853, 'Rodriguez (Montalban)', 'PHL', 'Southern Tagalog', 115167),
(854, 'Sariaya', 'PHL', 'Southern Tagalog', 114568),
(855, 'Malasiqui', 'PHL', 'Ilocos', 113190),
(856, 'General Mariano Alvarez', 'PHL', 'Southern Tagalog', 112446),
(857, 'Urdaneta', 'PHL', 'Ilocos', 111582),
(858, 'Hagonoy', 'PHL', 'Central Luzon', 111425),
(859, 'San Jose', 'PHL', 'Southern Tagalog', 111009),
(860, 'Polomolok', 'PHL', 'Southern Mindanao', 110709),
(861, 'Santiago', 'PHL', 'Cagayan Valley', 110531),
(862, 'Tanza', 'PHL', 'Southern Tagalog', 110517),
(863, 'Ozamis', 'PHL', 'Northern Mindanao', 110420),
(864, 'Mexico', 'PHL', 'Central Luzon', 109481),
(865, 'San Jose', 'PHL', 'Central Luzon', 108254),
(866, 'Silay', 'PHL', 'Western Visayas', 107722),
(867, 'General Trias', 'PHL', 'Southern Tagalog', 107691),
(868, 'Tabaco', 'PHL', 'Bicol', 107166),
(869, 'Cabuyao', 'PHL', 'Southern Tagalog', 106630),
(870, 'Calapan', 'PHL', 'Southern Tagalog', 105910),
(871, 'Mati', 'PHL', 'Southern Mindanao', 105908),
(872, 'Midsayap', 'PHL', 'Central Mindanao', 105760),
(873, 'Cauayan', 'PHL', 'Cagayan Valley', 103952),
(874, 'Gingoog', 'PHL', 'Northern Mindanao', 102379),
(875, 'Dumaguete', 'PHL', 'Central Visayas', 102265),
(876, 'San Fernando', 'PHL', 'Ilocos', 102082),
(877, 'Arayat', 'PHL', 'Central Luzon', 101792),
(878, 'Bayawan (Tulong)', 'PHL', 'Central Visayas', 101391),
(879, 'Kidapawan', 'PHL', 'Central Mindanao', 101205),
(880, 'Daraga (Locsin)', 'PHL', 'Bicol', 101031),
(881, 'Marilao', 'PHL', 'Central Luzon', 101017),
(882, 'Malita', 'PHL', 'Southern Mindanao', 100000),
(883, 'Dipolog', 'PHL', 'Western Mindanao', 99862),
(884, 'Cavite', 'PHL', 'Southern Tagalog', 99367),
(885, 'Danao', 'PHL', 'Central Visayas', 98781),
(886, 'Bislig', 'PHL', 'Caraga', 97860),
(887, 'Talavera', 'PHL', 'Central Luzon', 97329),
(888, 'Guagua', 'PHL', 'Central Luzon', 96858),
(889, 'Bayambang', 'PHL', 'Ilocos', 96609),
(890, 'Nasugbu', 'PHL', 'Southern Tagalog', 96113),
(891, 'Baybay', 'PHL', 'Eastern Visayas', 95630),
(892, 'Capas', 'PHL', 'Central Luzon', 95219),
(893, 'Sultan Kudarat', 'PHL', 'ARMM', 94861),
(894, 'Laoag', 'PHL', 'Ilocos', 94466),
(895, 'Bayugan', 'PHL', 'Caraga', 93623),
(896, 'Malungon', 'PHL', 'Southern Mindanao', 93232),
(897, 'Santa Cruz', 'PHL', 'Southern Tagalog', 92694),
(898, 'Sorsogon', 'PHL', 'Bicol', 92512),
(899, 'Candelaria', 'PHL', 'Southern Tagalog', 92429),
(900, 'Ligao', 'PHL', 'Bicol', 90603),
(901, 'Tórshavn', 'FRO', 'Streymoyar', 14542),
(902, 'Libreville', 'GAB', 'Estuaire', 419000),
(903, 'Serekunda', 'GMB', 'Kombo St Mary', 102600),
(904, 'Banjul', 'GMB', 'Banjul', 42326),
(905, 'Tbilisi', 'GEO', 'Tbilisi', 1235200),
(906, 'Kutaisi', 'GEO', 'Imereti', 240900),
(907, 'Rustavi', 'GEO', 'Kvemo Kartli', 155400),
(908, 'Batumi', 'GEO', 'Adzaria [Atšara]', 137700),
(909, 'Sohumi', 'GEO', 'Abhasia [Aphazeti]', 111700),
(910, 'Accra', 'GHA', 'Greater Accra', 1070000),
(911, 'Kumasi', 'GHA', 'Ashanti', 385192),
(912, 'Tamale', 'GHA', 'Northern', 151069),
(913, 'Tema', 'GHA', 'Greater Accra', 109975),
(914, 'Sekondi-Takoradi', 'GHA', 'Western', 103653),
(915, 'Gibraltar', 'GIB', '–', 27025),
(916, 'Saint George´s', 'GRD', 'St George', 4621),
(917, 'Nuuk', 'GRL', 'Kitaa', 13445),
(918, 'Les Abymes', 'GLP', 'Grande-Terre', 62947),
(919, 'Basse-Terre', 'GLP', 'Basse-Terre', 12433),
(920, 'Tamuning', 'GUM', '–', 9500),
(921, 'Agaña', 'GUM', '–', 1139),
(922, 'Ciudad de Guatemala', 'GTM', 'Guatemala', 823301),
(923, 'Mixco', 'GTM', 'Guatemala', 209791),
(924, 'Villa Nueva', 'GTM', 'Guatemala', 101295),
(925, 'Quetzaltenango', 'GTM', 'Quetzaltenango', 90801),
(926, 'Conakry', 'GIN', 'Conakry', 1090610),
(927, 'Bissau', 'GNB', 'Bissau', 241000),
(928, 'Georgetown', 'GUY', 'Georgetown', 254000),
(929, 'Port-au-Prince', 'HTI', 'Ouest', 884472),
(930, 'Carrefour', 'HTI', 'Ouest', 290204),
(931, 'Delmas', 'HTI', 'Ouest', 240429),
(932, 'Le-Cap-Haïtien', 'HTI', 'Nord', 102233),
(933, 'Tegucigalpa', 'HND', 'Distrito Central', 813900),
(934, 'San Pedro Sula', 'HND', 'Cortés', 383900),
(935, 'La Ceiba', 'HND', 'Atlántida', 89200),
(936, 'Kowloon and New Kowloon', 'HKG', 'Kowloon and New Kowl', 1987996),
(937, 'Victoria', 'HKG', 'Hongkong', 1312637),
(938, 'Longyearbyen', 'SJM', 'Länsimaa', 1438),
(939, 'Jakarta', 'IDN', 'Jakarta Raya', 9604900),
(940, 'Surabaya', 'IDN', 'East Java', 2663820),
(941, 'Bandung', 'IDN', 'West Java', 2429000),
(942, 'Medan', 'IDN', 'Sumatera Utara', 1843919),
(943, 'Palembang', 'IDN', 'Sumatera Selatan', 1222764),
(944, 'Tangerang', 'IDN', 'West Java', 1198300),
(945, 'Semarang', 'IDN', 'Central Java', 1104405),
(946, 'Ujung Pandang', 'IDN', 'Sulawesi Selatan', 1060257),
(947, 'Malang', 'IDN', 'East Java', 716862),
(948, 'Bandar Lampung', 'IDN', 'Lampung', 680332),
(949, 'Bekasi', 'IDN', 'West Java', 644300),
(950, 'Padang', 'IDN', 'Sumatera Barat', 534474),
(951, 'Surakarta', 'IDN', 'Central Java', 518600),
(952, 'Banjarmasin', 'IDN', 'Kalimantan Selatan', 482931),
(953, 'Pekan Baru', 'IDN', 'Riau', 438638),
(954, 'Denpasar', 'IDN', 'Bali', 435000),
(955, 'Yogyakarta', 'IDN', 'Yogyakarta', 418944),
(956, 'Pontianak', 'IDN', 'Kalimantan Barat', 409632),
(957, 'Samarinda', 'IDN', 'Kalimantan Timur', 399175),
(958, 'Jambi', 'IDN', 'Jambi', 385201),
(959, 'Depok', 'IDN', 'West Java', 365200),
(960, 'Cimahi', 'IDN', 'West Java', 344600),
(961, 'Balikpapan', 'IDN', 'Kalimantan Timur', 338752),
(962, 'Manado', 'IDN', 'Sulawesi Utara', 332288),
(963, 'Mataram', 'IDN', 'Nusa Tenggara Barat', 306600),
(964, 'Pekalongan', 'IDN', 'Central Java', 301504),
(965, 'Tegal', 'IDN', 'Central Java', 289744),
(966, 'Bogor', 'IDN', 'West Java', 285114),
(967, 'Ciputat', 'IDN', 'West Java', 270800),
(968, 'Pondokgede', 'IDN', 'West Java', 263200),
(969, 'Cirebon', 'IDN', 'West Java', 254406),
(970, 'Kediri', 'IDN', 'East Java', 253760),
(971, 'Ambon', 'IDN', 'Molukit', 249312),
(972, 'Jember', 'IDN', 'East Java', 218500),
(973, 'Cilacap', 'IDN', 'Central Java', 206900),
(974, 'Cimanggis', 'IDN', 'West Java', 205100),
(975, 'Pematang Siantar', 'IDN', 'Sumatera Utara', 203056),
(976, 'Purwokerto', 'IDN', 'Central Java', 202500),
(977, 'Ciomas', 'IDN', 'West Java', 187400),
(978, 'Tasikmalaya', 'IDN', 'West Java', 179800),
(979, 'Madiun', 'IDN', 'East Java', 171532),
(980, 'Bengkulu', 'IDN', 'Bengkulu', 146439),
(981, 'Karawang', 'IDN', 'West Java', 145000),
(982, 'Banda Aceh', 'IDN', 'Aceh', 143409),
(983, 'Palu', 'IDN', 'Sulawesi Tengah', 142800),
(984, 'Pasuruan', 'IDN', 'East Java', 134019),
(985, 'Kupang', 'IDN', 'Nusa Tenggara Timur', 129300),
(986, 'Tebing Tinggi', 'IDN', 'Sumatera Utara', 129300),
(987, 'Percut Sei Tuan', 'IDN', 'Sumatera Utara', 129000),
(988, 'Binjai', 'IDN', 'Sumatera Utara', 127222),
(989, 'Sukabumi', 'IDN', 'West Java', 125766),
(990, 'Waru', 'IDN', 'East Java', 124300),
(991, 'Pangkal Pinang', 'IDN', 'Sumatera Selatan', 124000),
(992, 'Magelang', 'IDN', 'Central Java', 123800),
(993, 'Blitar', 'IDN', 'East Java', 122600),
(994, 'Serang', 'IDN', 'West Java', 122400),
(995, 'Probolinggo', 'IDN', 'East Java', 120770),
(996, 'Cilegon', 'IDN', 'West Java', 117000),
(997, 'Cianjur', 'IDN', 'West Java', 114300),
(998, 'Ciparay', 'IDN', 'West Java', 111500),
(999, 'Lhokseumawe', 'IDN', 'Aceh', 109600),
(1000, 'Taman', 'IDN', 'East Java', 107000),
(1001, 'Depok', 'IDN', 'Yogyakarta', 106800),
(1002, 'Citeureup', 'IDN', 'West Java', 105100),
(1003, 'Pemalang', 'IDN', 'Central Java', 103500),
(1004, 'Klaten', 'IDN', 'Central Java', 103300),
(1005, 'Salatiga', 'IDN', 'Central Java', 103000),
(1006, 'Cibinong', 'IDN', 'West Java', 101300),
(1007, 'Palangka Raya', 'IDN', 'Kalimantan Tengah', 99693),
(1008, 'Mojokerto', 'IDN', 'East Java', 96626),
(1009, 'Purwakarta', 'IDN', 'West Java', 95900),
(1010, 'Garut', 'IDN', 'West Java', 95800),
(1011, 'Kudus', 'IDN', 'Central Java', 95300),
(1012, 'Kendari', 'IDN', 'Sulawesi Tenggara', 94800),
(1013, 'Jaya Pura', 'IDN', 'West Irian', 94700),
(1014, 'Gorontalo', 'IDN', 'Sulawesi Utara', 94058),
(1015, 'Majalaya', 'IDN', 'West Java', 93200),
(1016, 'Pondok Aren', 'IDN', 'West Java', 92700),
(1017, 'Jombang', 'IDN', 'East Java', 92600),
(1018, 'Sunggal', 'IDN', 'Sumatera Utara', 92300),
(1019, 'Batam', 'IDN', 'Riau', 91871),
(1020, 'Padang Sidempuan', 'IDN', 'Sumatera Utara', 91200),
(1021, 'Sawangan', 'IDN', 'West Java', 91100),
(1022, 'Banyuwangi', 'IDN', 'East Java', 89900),
(1023, 'Tanjung Pinang', 'IDN', 'Riau', 89900),
(1024, 'Mumbai (Bombay)', 'IND', 'Maharashtra', 10500000),
(1025, 'Delhi', 'IND', 'Delhi', 7206704),
(1026, 'Calcutta [Kolkata]', 'IND', 'West Bengali', 4399819),
(1027, 'Chennai (Madras)', 'IND', 'Tamil Nadu', 3841396),
(1028, 'Hyderabad', 'IND', 'Andhra Pradesh', 2964638),
(1029, 'Ahmedabad', 'IND', 'Gujarat', 2876710),
(1030, 'Bangalore', 'IND', 'Karnataka', 2660088),
(1031, 'Kanpur', 'IND', 'Uttar Pradesh', 1874409),
(1032, 'Nagpur', 'IND', 'Maharashtra', 1624752),
(1033, 'Lucknow', 'IND', 'Uttar Pradesh', 1619115),
(1034, 'Pune', 'IND', 'Maharashtra', 1566651),
(1035, 'Surat', 'IND', 'Gujarat', 1498817),
(1036, 'Jaipur', 'IND', 'Rajasthan', 1458483),
(1037, 'Indore', 'IND', 'Madhya Pradesh', 1091674),
(1038, 'Bhopal', 'IND', 'Madhya Pradesh', 1062771),
(1039, 'Ludhiana', 'IND', 'Punjab', 1042740),
(1040, 'Vadodara (Baroda)', 'IND', 'Gujarat', 1031346),
(1041, 'Kalyan', 'IND', 'Maharashtra', 1014557),
(1042, 'Madurai', 'IND', 'Tamil Nadu', 977856),
(1043, 'Haora (Howrah)', 'IND', 'West Bengali', 950435),
(1044, 'Varanasi (Benares)', 'IND', 'Uttar Pradesh', 929270),
(1045, 'Patna', 'IND', 'Bihar', 917243),
(1046, 'Srinagar', 'IND', 'Jammu and Kashmir', 892506),
(1047, 'Agra', 'IND', 'Uttar Pradesh', 891790),
(1048, 'Coimbatore', 'IND', 'Tamil Nadu', 816321),
(1049, 'Thane (Thana)', 'IND', 'Maharashtra', 803389),
(1050, 'Allahabad', 'IND', 'Uttar Pradesh', 792858),
(1051, 'Meerut', 'IND', 'Uttar Pradesh', 753778),
(1052, 'Vishakhapatnam', 'IND', 'Andhra Pradesh', 752037),
(1053, 'Jabalpur', 'IND', 'Madhya Pradesh', 741927),
(1054, 'Amritsar', 'IND', 'Punjab', 708835),
(1055, 'Faridabad', 'IND', 'Haryana', 703592),
(1056, 'Vijayawada', 'IND', 'Andhra Pradesh', 701827),
(1057, 'Gwalior', 'IND', 'Madhya Pradesh', 690765),
(1058, 'Jodhpur', 'IND', 'Rajasthan', 666279),
(1059, 'Nashik (Nasik)', 'IND', 'Maharashtra', 656925),
(1060, 'Hubli-Dharwad', 'IND', 'Karnataka', 648298);
INSERT INTO `city` (`ID`, `Name`, `CountryCode`, `District`, `Population`) VALUES
(1061, 'Solapur (Sholapur)', 'IND', 'Maharashtra', 604215),
(1062, 'Ranchi', 'IND', 'Jharkhand', 599306),
(1063, 'Bareilly', 'IND', 'Uttar Pradesh', 587211),
(1064, 'Guwahati (Gauhati)', 'IND', 'Assam', 584342),
(1065, 'Shambajinagar (Aurangabad)', 'IND', 'Maharashtra', 573272),
(1066, 'Cochin (Kochi)', 'IND', 'Kerala', 564589),
(1067, 'Rajkot', 'IND', 'Gujarat', 559407),
(1068, 'Kota', 'IND', 'Rajasthan', 537371),
(1069, 'Thiruvananthapuram (Trivandrum', 'IND', 'Kerala', 524006),
(1070, 'Pimpri-Chinchwad', 'IND', 'Maharashtra', 517083),
(1071, 'Jalandhar (Jullundur)', 'IND', 'Punjab', 509510),
(1072, 'Gorakhpur', 'IND', 'Uttar Pradesh', 505566),
(1073, 'Chandigarh', 'IND', 'Chandigarh', 504094),
(1074, 'Mysore', 'IND', 'Karnataka', 480692),
(1075, 'Aligarh', 'IND', 'Uttar Pradesh', 480520),
(1076, 'Guntur', 'IND', 'Andhra Pradesh', 471051),
(1077, 'Jamshedpur', 'IND', 'Jharkhand', 460577),
(1078, 'Ghaziabad', 'IND', 'Uttar Pradesh', 454156),
(1079, 'Warangal', 'IND', 'Andhra Pradesh', 447657),
(1080, 'Raipur', 'IND', 'Chhatisgarh', 438639),
(1081, 'Moradabad', 'IND', 'Uttar Pradesh', 429214),
(1082, 'Durgapur', 'IND', 'West Bengali', 425836),
(1083, 'Amravati', 'IND', 'Maharashtra', 421576),
(1084, 'Calicut (Kozhikode)', 'IND', 'Kerala', 419831),
(1085, 'Bikaner', 'IND', 'Rajasthan', 416289),
(1086, 'Bhubaneswar', 'IND', 'Orissa', 411542),
(1087, 'Kolhapur', 'IND', 'Maharashtra', 406370),
(1088, 'Kataka (Cuttack)', 'IND', 'Orissa', 403418),
(1089, 'Ajmer', 'IND', 'Rajasthan', 402700),
(1090, 'Bhavnagar', 'IND', 'Gujarat', 402338),
(1091, 'Tiruchirapalli', 'IND', 'Tamil Nadu', 387223),
(1092, 'Bhilai', 'IND', 'Chhatisgarh', 386159),
(1093, 'Bhiwandi', 'IND', 'Maharashtra', 379070),
(1094, 'Saharanpur', 'IND', 'Uttar Pradesh', 374945),
(1095, 'Ulhasnagar', 'IND', 'Maharashtra', 369077),
(1096, 'Salem', 'IND', 'Tamil Nadu', 366712),
(1097, 'Ujjain', 'IND', 'Madhya Pradesh', 362266),
(1098, 'Malegaon', 'IND', 'Maharashtra', 342595),
(1099, 'Jamnagar', 'IND', 'Gujarat', 341637),
(1100, 'Bokaro Steel City', 'IND', 'Jharkhand', 333683),
(1101, 'Akola', 'IND', 'Maharashtra', 328034),
(1102, 'Belgaum', 'IND', 'Karnataka', 326399),
(1103, 'Rajahmundry', 'IND', 'Andhra Pradesh', 324851),
(1104, 'Nellore', 'IND', 'Andhra Pradesh', 316606),
(1105, 'Udaipur', 'IND', 'Rajasthan', 308571),
(1106, 'New Bombay', 'IND', 'Maharashtra', 307297),
(1107, 'Bhatpara', 'IND', 'West Bengali', 304952),
(1108, 'Gulbarga', 'IND', 'Karnataka', 304099),
(1109, 'New Delhi', 'IND', 'Delhi', 301297),
(1110, 'Jhansi', 'IND', 'Uttar Pradesh', 300850),
(1111, 'Gaya', 'IND', 'Bihar', 291675),
(1112, 'Kakinada', 'IND', 'Andhra Pradesh', 279980),
(1113, 'Dhule (Dhulia)', 'IND', 'Maharashtra', 278317),
(1114, 'Panihati', 'IND', 'West Bengali', 275990),
(1115, 'Nanded (Nander)', 'IND', 'Maharashtra', 275083),
(1116, 'Mangalore', 'IND', 'Karnataka', 273304),
(1117, 'Dehra Dun', 'IND', 'Uttaranchal', 270159),
(1118, 'Kamarhati', 'IND', 'West Bengali', 266889),
(1119, 'Davangere', 'IND', 'Karnataka', 266082),
(1120, 'Asansol', 'IND', 'West Bengali', 262188),
(1121, 'Bhagalpur', 'IND', 'Bihar', 253225),
(1122, 'Bellary', 'IND', 'Karnataka', 245391),
(1123, 'Barddhaman (Burdwan)', 'IND', 'West Bengali', 245079),
(1124, 'Rampur', 'IND', 'Uttar Pradesh', 243742),
(1125, 'Jalgaon', 'IND', 'Maharashtra', 242193),
(1126, 'Muzaffarpur', 'IND', 'Bihar', 241107),
(1127, 'Nizamabad', 'IND', 'Andhra Pradesh', 241034),
(1128, 'Muzaffarnagar', 'IND', 'Uttar Pradesh', 240609),
(1129, 'Patiala', 'IND', 'Punjab', 238368),
(1130, 'Shahjahanpur', 'IND', 'Uttar Pradesh', 237713),
(1131, 'Kurnool', 'IND', 'Andhra Pradesh', 236800),
(1132, 'Tiruppur (Tirupper)', 'IND', 'Tamil Nadu', 235661),
(1133, 'Rohtak', 'IND', 'Haryana', 233400),
(1134, 'South Dum Dum', 'IND', 'West Bengali', 232811),
(1135, 'Mathura', 'IND', 'Uttar Pradesh', 226691),
(1136, 'Chandrapur', 'IND', 'Maharashtra', 226105),
(1137, 'Barahanagar (Baranagar)', 'IND', 'West Bengali', 224821),
(1138, 'Darbhanga', 'IND', 'Bihar', 218391),
(1139, 'Siliguri (Shiliguri)', 'IND', 'West Bengali', 216950),
(1140, 'Raurkela', 'IND', 'Orissa', 215489),
(1141, 'Ambattur', 'IND', 'Tamil Nadu', 215424),
(1142, 'Panipat', 'IND', 'Haryana', 215218),
(1143, 'Firozabad', 'IND', 'Uttar Pradesh', 215128),
(1144, 'Ichalkaranji', 'IND', 'Maharashtra', 214950),
(1145, 'Jammu', 'IND', 'Jammu and Kashmir', 214737),
(1146, 'Ramagundam', 'IND', 'Andhra Pradesh', 214384),
(1147, 'Eluru', 'IND', 'Andhra Pradesh', 212866),
(1148, 'Brahmapur', 'IND', 'Orissa', 210418),
(1149, 'Alwar', 'IND', 'Rajasthan', 205086),
(1150, 'Pondicherry', 'IND', 'Pondicherry', 203065),
(1151, 'Thanjavur', 'IND', 'Tamil Nadu', 202013),
(1152, 'Bihar Sharif', 'IND', 'Bihar', 201323),
(1153, 'Tuticorin', 'IND', 'Tamil Nadu', 199854),
(1154, 'Imphal', 'IND', 'Manipur', 198535),
(1155, 'Latur', 'IND', 'Maharashtra', 197408),
(1156, 'Sagar', 'IND', 'Madhya Pradesh', 195346),
(1157, 'Farrukhabad-cum-Fatehgarh', 'IND', 'Uttar Pradesh', 194567),
(1158, 'Sangli', 'IND', 'Maharashtra', 193197),
(1159, 'Parbhani', 'IND', 'Maharashtra', 190255),
(1160, 'Nagar Coil', 'IND', 'Tamil Nadu', 190084),
(1161, 'Bijapur', 'IND', 'Karnataka', 186939),
(1162, 'Kukatpalle', 'IND', 'Andhra Pradesh', 185378),
(1163, 'Bally', 'IND', 'West Bengali', 184474),
(1164, 'Bhilwara', 'IND', 'Rajasthan', 183965),
(1165, 'Ratlam', 'IND', 'Madhya Pradesh', 183375),
(1166, 'Avadi', 'IND', 'Tamil Nadu', 183215),
(1167, 'Dindigul', 'IND', 'Tamil Nadu', 182477),
(1168, 'Ahmadnagar', 'IND', 'Maharashtra', 181339),
(1169, 'Bilaspur', 'IND', 'Chhatisgarh', 179833),
(1170, 'Shimoga', 'IND', 'Karnataka', 179258),
(1171, 'Kharagpur', 'IND', 'West Bengali', 177989),
(1172, 'Mira Bhayandar', 'IND', 'Maharashtra', 175372),
(1173, 'Vellore', 'IND', 'Tamil Nadu', 175061),
(1174, 'Jalna', 'IND', 'Maharashtra', 174985),
(1175, 'Burnpur', 'IND', 'West Bengali', 174933),
(1176, 'Anantapur', 'IND', 'Andhra Pradesh', 174924),
(1177, 'Allappuzha (Alleppey)', 'IND', 'Kerala', 174666),
(1178, 'Tirupati', 'IND', 'Andhra Pradesh', 174369),
(1179, 'Karnal', 'IND', 'Haryana', 173751),
(1180, 'Burhanpur', 'IND', 'Madhya Pradesh', 172710),
(1181, 'Hisar (Hissar)', 'IND', 'Haryana', 172677),
(1182, 'Tiruvottiyur', 'IND', 'Tamil Nadu', 172562),
(1183, 'Mirzapur-cum-Vindhyachal', 'IND', 'Uttar Pradesh', 169336),
(1184, 'Secunderabad', 'IND', 'Andhra Pradesh', 167461),
(1185, 'Nadiad', 'IND', 'Gujarat', 167051),
(1186, 'Dewas', 'IND', 'Madhya Pradesh', 164364),
(1187, 'Murwara (Katni)', 'IND', 'Madhya Pradesh', 163431),
(1188, 'Ganganagar', 'IND', 'Rajasthan', 161482),
(1189, 'Vizianagaram', 'IND', 'Andhra Pradesh', 160359),
(1190, 'Erode', 'IND', 'Tamil Nadu', 159232),
(1191, 'Machilipatnam (Masulipatam)', 'IND', 'Andhra Pradesh', 159110),
(1192, 'Bhatinda (Bathinda)', 'IND', 'Punjab', 159042),
(1193, 'Raichur', 'IND', 'Karnataka', 157551),
(1194, 'Agartala', 'IND', 'Tripura', 157358),
(1195, 'Arrah (Ara)', 'IND', 'Bihar', 157082),
(1196, 'Satna', 'IND', 'Madhya Pradesh', 156630),
(1197, 'Lalbahadur Nagar', 'IND', 'Andhra Pradesh', 155500),
(1198, 'Aizawl', 'IND', 'Mizoram', 155240),
(1199, 'Uluberia', 'IND', 'West Bengali', 155172),
(1200, 'Katihar', 'IND', 'Bihar', 154367),
(1201, 'Cuddalore', 'IND', 'Tamil Nadu', 153086),
(1202, 'Hugli-Chinsurah', 'IND', 'West Bengali', 151806),
(1203, 'Dhanbad', 'IND', 'Jharkhand', 151789),
(1204, 'Raiganj', 'IND', 'West Bengali', 151045),
(1205, 'Sambhal', 'IND', 'Uttar Pradesh', 150869),
(1206, 'Durg', 'IND', 'Chhatisgarh', 150645),
(1207, 'Munger (Monghyr)', 'IND', 'Bihar', 150112),
(1208, 'Kanchipuram', 'IND', 'Tamil Nadu', 150100),
(1209, 'North Dum Dum', 'IND', 'West Bengali', 149965),
(1210, 'Karimnagar', 'IND', 'Andhra Pradesh', 148583),
(1211, 'Bharatpur', 'IND', 'Rajasthan', 148519),
(1212, 'Sikar', 'IND', 'Rajasthan', 148272),
(1213, 'Hardwar (Haridwar)', 'IND', 'Uttaranchal', 147305),
(1214, 'Dabgram', 'IND', 'West Bengali', 147217),
(1215, 'Morena', 'IND', 'Madhya Pradesh', 147124),
(1216, 'Noida', 'IND', 'Uttar Pradesh', 146514),
(1217, 'Hapur', 'IND', 'Uttar Pradesh', 146262),
(1218, 'Bhusawal', 'IND', 'Maharashtra', 145143),
(1219, 'Khandwa', 'IND', 'Madhya Pradesh', 145133),
(1220, 'Yamuna Nagar', 'IND', 'Haryana', 144346),
(1221, 'Sonipat (Sonepat)', 'IND', 'Haryana', 143922),
(1222, 'Tenali', 'IND', 'Andhra Pradesh', 143726),
(1223, 'Raurkela Civil Township', 'IND', 'Orissa', 140408),
(1224, 'Kollam (Quilon)', 'IND', 'Kerala', 139852),
(1225, 'Kumbakonam', 'IND', 'Tamil Nadu', 139483),
(1226, 'Ingraj Bazar (English Bazar)', 'IND', 'West Bengali', 139204),
(1227, 'Timkur', 'IND', 'Karnataka', 138903),
(1228, 'Amroha', 'IND', 'Uttar Pradesh', 137061),
(1229, 'Serampore', 'IND', 'West Bengali', 137028),
(1230, 'Chapra', 'IND', 'Bihar', 136877),
(1231, 'Pali', 'IND', 'Rajasthan', 136842),
(1232, 'Maunath Bhanjan', 'IND', 'Uttar Pradesh', 136697),
(1233, 'Adoni', 'IND', 'Andhra Pradesh', 136182),
(1234, 'Jaunpur', 'IND', 'Uttar Pradesh', 136062),
(1235, 'Tirunelveli', 'IND', 'Tamil Nadu', 135825),
(1236, 'Bahraich', 'IND', 'Uttar Pradesh', 135400),
(1237, 'Gadag Betigeri', 'IND', 'Karnataka', 134051),
(1238, 'Proddatur', 'IND', 'Andhra Pradesh', 133914),
(1239, 'Chittoor', 'IND', 'Andhra Pradesh', 133462),
(1240, 'Barrackpur', 'IND', 'West Bengali', 133265),
(1241, 'Bharuch (Broach)', 'IND', 'Gujarat', 133102),
(1242, 'Naihati', 'IND', 'West Bengali', 132701),
(1243, 'Shillong', 'IND', 'Meghalaya', 131719),
(1244, 'Sambalpur', 'IND', 'Orissa', 131138),
(1245, 'Junagadh', 'IND', 'Gujarat', 130484),
(1246, 'Rae Bareli', 'IND', 'Uttar Pradesh', 129904),
(1247, 'Rewa', 'IND', 'Madhya Pradesh', 128981),
(1248, 'Gurgaon', 'IND', 'Haryana', 128608),
(1249, 'Khammam', 'IND', 'Andhra Pradesh', 127992),
(1250, 'Bulandshahr', 'IND', 'Uttar Pradesh', 127201),
(1251, 'Navsari', 'IND', 'Gujarat', 126089),
(1252, 'Malkajgiri', 'IND', 'Andhra Pradesh', 126066),
(1253, 'Midnapore (Medinipur)', 'IND', 'West Bengali', 125498),
(1254, 'Miraj', 'IND', 'Maharashtra', 125407),
(1255, 'Raj Nandgaon', 'IND', 'Chhatisgarh', 125371),
(1256, 'Alandur', 'IND', 'Tamil Nadu', 125244),
(1257, 'Puri', 'IND', 'Orissa', 125199),
(1258, 'Navadwip', 'IND', 'West Bengali', 125037),
(1259, 'Sirsa', 'IND', 'Haryana', 125000),
(1260, 'Korba', 'IND', 'Chhatisgarh', 124501),
(1261, 'Faizabad', 'IND', 'Uttar Pradesh', 124437),
(1262, 'Etawah', 'IND', 'Uttar Pradesh', 124072),
(1263, 'Pathankot', 'IND', 'Punjab', 123930),
(1264, 'Gandhinagar', 'IND', 'Gujarat', 123359),
(1265, 'Palghat (Palakkad)', 'IND', 'Kerala', 123289),
(1266, 'Veraval', 'IND', 'Gujarat', 123000),
(1267, 'Hoshiarpur', 'IND', 'Punjab', 122705),
(1268, 'Ambala', 'IND', 'Haryana', 122596),
(1269, 'Sitapur', 'IND', 'Uttar Pradesh', 121842),
(1270, 'Bhiwani', 'IND', 'Haryana', 121629),
(1271, 'Cuddapah', 'IND', 'Andhra Pradesh', 121463),
(1272, 'Bhimavaram', 'IND', 'Andhra Pradesh', 121314),
(1273, 'Krishnanagar', 'IND', 'West Bengali', 121110),
(1274, 'Chandannagar', 'IND', 'West Bengali', 120378),
(1275, 'Mandya', 'IND', 'Karnataka', 120265),
(1276, 'Dibrugarh', 'IND', 'Assam', 120127),
(1277, 'Nandyal', 'IND', 'Andhra Pradesh', 119813),
(1278, 'Balurghat', 'IND', 'West Bengali', 119796),
(1279, 'Neyveli', 'IND', 'Tamil Nadu', 118080),
(1280, 'Fatehpur', 'IND', 'Uttar Pradesh', 117675),
(1281, 'Mahbubnagar', 'IND', 'Andhra Pradesh', 116833),
(1282, 'Budaun', 'IND', 'Uttar Pradesh', 116695),
(1283, 'Porbandar', 'IND', 'Gujarat', 116671),
(1284, 'Silchar', 'IND', 'Assam', 115483),
(1285, 'Berhampore (Baharampur)', 'IND', 'West Bengali', 115144),
(1286, 'Purnea (Purnia)', 'IND', 'Jharkhand', 114912),
(1287, 'Bankura', 'IND', 'West Bengali', 114876),
(1288, 'Rajapalaiyam', 'IND', 'Tamil Nadu', 114202),
(1289, 'Titagarh', 'IND', 'West Bengali', 114085),
(1290, 'Halisahar', 'IND', 'West Bengali', 114028),
(1291, 'Hathras', 'IND', 'Uttar Pradesh', 113285),
(1292, 'Bhir (Bid)', 'IND', 'Maharashtra', 112434),
(1293, 'Pallavaram', 'IND', 'Tamil Nadu', 111866),
(1294, 'Anand', 'IND', 'Gujarat', 110266),
(1295, 'Mango', 'IND', 'Jharkhand', 110024),
(1296, 'Santipur', 'IND', 'West Bengali', 109956),
(1297, 'Bhind', 'IND', 'Madhya Pradesh', 109755),
(1298, 'Gondiya', 'IND', 'Maharashtra', 109470),
(1299, 'Tiruvannamalai', 'IND', 'Tamil Nadu', 109196),
(1300, 'Yeotmal (Yavatmal)', 'IND', 'Maharashtra', 108578),
(1301, 'Kulti-Barakar', 'IND', 'West Bengali', 108518),
(1302, 'Moga', 'IND', 'Punjab', 108304),
(1303, 'Shivapuri', 'IND', 'Madhya Pradesh', 108277),
(1304, 'Bidar', 'IND', 'Karnataka', 108016),
(1305, 'Guntakal', 'IND', 'Andhra Pradesh', 107592),
(1306, 'Unnao', 'IND', 'Uttar Pradesh', 107425),
(1307, 'Barasat', 'IND', 'West Bengali', 107365),
(1308, 'Tambaram', 'IND', 'Tamil Nadu', 107187),
(1309, 'Abohar', 'IND', 'Punjab', 107163),
(1310, 'Pilibhit', 'IND', 'Uttar Pradesh', 106605),
(1311, 'Valparai', 'IND', 'Tamil Nadu', 106523),
(1312, 'Gonda', 'IND', 'Uttar Pradesh', 106078),
(1313, 'Surendranagar', 'IND', 'Gujarat', 105973),
(1314, 'Qutubullapur', 'IND', 'Andhra Pradesh', 105380),
(1315, 'Beawar', 'IND', 'Rajasthan', 105363),
(1316, 'Hindupur', 'IND', 'Andhra Pradesh', 104651),
(1317, 'Gandhidham', 'IND', 'Gujarat', 104585),
(1318, 'Haldwani-cum-Kathgodam', 'IND', 'Uttaranchal', 104195),
(1319, 'Tellicherry (Thalassery)', 'IND', 'Kerala', 103579),
(1320, 'Wardha', 'IND', 'Maharashtra', 102985),
(1321, 'Rishra', 'IND', 'West Bengali', 102649),
(1322, 'Bhuj', 'IND', 'Gujarat', 102176),
(1323, 'Modinagar', 'IND', 'Uttar Pradesh', 101660),
(1324, 'Gudivada', 'IND', 'Andhra Pradesh', 101656),
(1325, 'Basirhat', 'IND', 'West Bengali', 101409),
(1326, 'Uttarpara-Kotrung', 'IND', 'West Bengali', 100867),
(1327, 'Ongole', 'IND', 'Andhra Pradesh', 100836),
(1328, 'North Barrackpur', 'IND', 'West Bengali', 100513),
(1329, 'Guna', 'IND', 'Madhya Pradesh', 100490),
(1330, 'Haldia', 'IND', 'West Bengali', 100347),
(1331, 'Habra', 'IND', 'West Bengali', 100223),
(1332, 'Kanchrapara', 'IND', 'West Bengali', 100194),
(1333, 'Tonk', 'IND', 'Rajasthan', 100079),
(1334, 'Champdani', 'IND', 'West Bengali', 98818),
(1335, 'Orai', 'IND', 'Uttar Pradesh', 98640),
(1336, 'Pudukkottai', 'IND', 'Tamil Nadu', 98619),
(1337, 'Sasaram', 'IND', 'Bihar', 98220),
(1338, 'Hazaribag', 'IND', 'Jharkhand', 97712),
(1339, 'Palayankottai', 'IND', 'Tamil Nadu', 97662),
(1340, 'Banda', 'IND', 'Uttar Pradesh', 97227),
(1341, 'Godhra', 'IND', 'Gujarat', 96813),
(1342, 'Hospet', 'IND', 'Karnataka', 96322),
(1343, 'Ashoknagar-Kalyangarh', 'IND', 'West Bengali', 96315),
(1344, 'Achalpur', 'IND', 'Maharashtra', 96216),
(1345, 'Patan', 'IND', 'Gujarat', 96109),
(1346, 'Mandasor', 'IND', 'Madhya Pradesh', 95758),
(1347, 'Damoh', 'IND', 'Madhya Pradesh', 95661),
(1348, 'Satara', 'IND', 'Maharashtra', 95133),
(1349, 'Meerut Cantonment', 'IND', 'Uttar Pradesh', 94876),
(1350, 'Dehri', 'IND', 'Bihar', 94526),
(1351, 'Delhi Cantonment', 'IND', 'Delhi', 94326),
(1352, 'Chhindwara', 'IND', 'Madhya Pradesh', 93731),
(1353, 'Bansberia', 'IND', 'West Bengali', 93447),
(1354, 'Nagaon', 'IND', 'Assam', 93350),
(1355, 'Kanpur Cantonment', 'IND', 'Uttar Pradesh', 93109),
(1356, 'Vidisha', 'IND', 'Madhya Pradesh', 92917),
(1357, 'Bettiah', 'IND', 'Bihar', 92583),
(1358, 'Purulia', 'IND', 'Jharkhand', 92574),
(1359, 'Hassan', 'IND', 'Karnataka', 90803),
(1360, 'Ambala Sadar', 'IND', 'Haryana', 90712),
(1361, 'Baidyabati', 'IND', 'West Bengali', 90601),
(1362, 'Morvi', 'IND', 'Gujarat', 90357),
(1363, 'Raigarh', 'IND', 'Chhatisgarh', 89166),
(1364, 'Vejalpur', 'IND', 'Gujarat', 89053),
(1365, 'Baghdad', 'IRQ', 'Baghdad', 4336000),
(1366, 'Mosul', 'IRQ', 'Ninawa', 879000),
(1367, 'Irbil', 'IRQ', 'Irbil', 485968),
(1368, 'Kirkuk', 'IRQ', 'al-Tamim', 418624),
(1369, 'Basra', 'IRQ', 'Basra', 406296),
(1370, 'al-Sulaymaniya', 'IRQ', 'al-Sulaymaniya', 364096),
(1371, 'al-Najaf', 'IRQ', 'al-Najaf', 309010),
(1372, 'Karbala', 'IRQ', 'Karbala', 296705),
(1373, 'al-Hilla', 'IRQ', 'Babil', 268834),
(1374, 'al-Nasiriya', 'IRQ', 'DhiQar', 265937),
(1375, 'al-Amara', 'IRQ', 'Maysan', 208797),
(1376, 'al-Diwaniya', 'IRQ', 'al-Qadisiya', 196519),
(1377, 'al-Ramadi', 'IRQ', 'al-Anbar', 192556),
(1378, 'al-Kut', 'IRQ', 'Wasit', 183183),
(1379, 'Baquba', 'IRQ', 'Diyala', 114516),
(1380, 'Teheran', 'IRN', 'Teheran', 6758845),
(1381, 'Mashhad', 'IRN', 'Khorasan', 1887405),
(1382, 'Esfahan', 'IRN', 'Esfahan', 1266072),
(1383, 'Tabriz', 'IRN', 'East Azerbaidzan', 1191043),
(1384, 'Shiraz', 'IRN', 'Fars', 1053025),
(1385, 'Karaj', 'IRN', 'Teheran', 940968),
(1386, 'Ahvaz', 'IRN', 'Khuzestan', 804980),
(1387, 'Qom', 'IRN', 'Qom', 777677),
(1388, 'Kermanshah', 'IRN', 'Kermanshah', 692986),
(1389, 'Urmia', 'IRN', 'West Azerbaidzan', 435200),
(1390, 'Zahedan', 'IRN', 'Sistan va Baluchesta', 419518),
(1391, 'Rasht', 'IRN', 'Gilan', 417748),
(1392, 'Hamadan', 'IRN', 'Hamadan', 401281),
(1393, 'Kerman', 'IRN', 'Kerman', 384991),
(1394, 'Arak', 'IRN', 'Markazi', 380755),
(1395, 'Ardebil', 'IRN', 'Ardebil', 340386),
(1396, 'Yazd', 'IRN', 'Yazd', 326776),
(1397, 'Qazvin', 'IRN', 'Qazvin', 291117),
(1398, 'Zanjan', 'IRN', 'Zanjan', 286295),
(1399, 'Sanandaj', 'IRN', 'Kordestan', 277808),
(1400, 'Bandar-e-Abbas', 'IRN', 'Hormozgan', 273578),
(1401, 'Khorramabad', 'IRN', 'Lorestan', 272815),
(1402, 'Eslamshahr', 'IRN', 'Teheran', 265450),
(1403, 'Borujerd', 'IRN', 'Lorestan', 217804),
(1404, 'Abadan', 'IRN', 'Khuzestan', 206073),
(1405, 'Dezful', 'IRN', 'Khuzestan', 202639),
(1406, 'Kashan', 'IRN', 'Esfahan', 201372),
(1407, 'Sari', 'IRN', 'Mazandaran', 195882),
(1408, 'Gorgan', 'IRN', 'Golestan', 188710),
(1409, 'Najafabad', 'IRN', 'Esfahan', 178498),
(1410, 'Sabzevar', 'IRN', 'Khorasan', 170738),
(1411, 'Khomeynishahr', 'IRN', 'Esfahan', 165888),
(1412, 'Amol', 'IRN', 'Mazandaran', 159092),
(1413, 'Neyshabur', 'IRN', 'Khorasan', 158847),
(1414, 'Babol', 'IRN', 'Mazandaran', 158346),
(1415, 'Khoy', 'IRN', 'West Azerbaidzan', 148944),
(1416, 'Malayer', 'IRN', 'Hamadan', 144373),
(1417, 'Bushehr', 'IRN', 'Bushehr', 143641),
(1418, 'Qaemshahr', 'IRN', 'Mazandaran', 143286),
(1419, 'Qarchak', 'IRN', 'Teheran', 142690),
(1420, 'Qods', 'IRN', 'Teheran', 138278),
(1421, 'Sirjan', 'IRN', 'Kerman', 135024),
(1422, 'Bojnurd', 'IRN', 'Khorasan', 134835),
(1423, 'Maragheh', 'IRN', 'East Azerbaidzan', 132318),
(1424, 'Birjand', 'IRN', 'Khorasan', 127608),
(1425, 'Ilam', 'IRN', 'Ilam', 126346),
(1426, 'Bukan', 'IRN', 'West Azerbaidzan', 120020),
(1427, 'Masjed-e-Soleyman', 'IRN', 'Khuzestan', 116883),
(1428, 'Saqqez', 'IRN', 'Kordestan', 115394),
(1429, 'Gonbad-e Qabus', 'IRN', 'Mazandaran', 111253),
(1430, 'Saveh', 'IRN', 'Qom', 111245),
(1431, 'Mahabad', 'IRN', 'West Azerbaidzan', 107799),
(1432, 'Varamin', 'IRN', 'Teheran', 107233),
(1433, 'Andimeshk', 'IRN', 'Khuzestan', 106923),
(1434, 'Khorramshahr', 'IRN', 'Khuzestan', 105636),
(1435, 'Shahrud', 'IRN', 'Semnan', 104765),
(1436, 'Marv Dasht', 'IRN', 'Fars', 103579),
(1437, 'Zabol', 'IRN', 'Sistan va Baluchesta', 100887),
(1438, 'Shahr-e Kord', 'IRN', 'Chaharmahal va Bakht', 100477),
(1439, 'Bandar-e Anzali', 'IRN', 'Gilan', 98500),
(1440, 'Rafsanjan', 'IRN', 'Kerman', 98300),
(1441, 'Marand', 'IRN', 'East Azerbaidzan', 96400),
(1442, 'Torbat-e Heydariyeh', 'IRN', 'Khorasan', 94600),
(1443, 'Jahrom', 'IRN', 'Fars', 94200),
(1444, 'Semnan', 'IRN', 'Semnan', 91045),
(1445, 'Miandoab', 'IRN', 'West Azerbaidzan', 90100),
(1446, 'Qomsheh', 'IRN', 'Esfahan', 89800),
(1447, 'Dublin', 'IRL', 'Leinster', 481854),
(1448, 'Cork', 'IRL', 'Munster', 127187),
(1449, 'Reykjavík', 'ISL', 'Höfuðborgarsvæði', 109184),
(1450, 'Jerusalem', 'ISR', 'Jerusalem', 633700),
(1451, 'Tel Aviv-Jaffa', 'ISR', 'Tel Aviv', 348100),
(1452, 'Haifa', 'ISR', 'Haifa', 265700),
(1453, 'Rishon Le Ziyyon', 'ISR', 'Ha Merkaz', 188200),
(1454, 'Beerseba', 'ISR', 'Ha Darom', 163700),
(1455, 'Holon', 'ISR', 'Tel Aviv', 163100),
(1456, 'Petah Tiqwa', 'ISR', 'Ha Merkaz', 159400),
(1457, 'Ashdod', 'ISR', 'Ha Darom', 155800),
(1458, 'Netanya', 'ISR', 'Ha Merkaz', 154900),
(1459, 'Bat Yam', 'ISR', 'Tel Aviv', 137000),
(1460, 'Bene Beraq', 'ISR', 'Tel Aviv', 133900),
(1461, 'Ramat Gan', 'ISR', 'Tel Aviv', 126900),
(1462, 'Ashqelon', 'ISR', 'Ha Darom', 92300),
(1463, 'Rehovot', 'ISR', 'Ha Merkaz', 90300),
(1464, 'Roma', 'ITA', 'Latium', 2643581),
(1465, 'Milano', 'ITA', 'Lombardia', 1300977),
(1466, 'Napoli', 'ITA', 'Campania', 1002619),
(1467, 'Torino', 'ITA', 'Piemonte', 903705),
(1468, 'Palermo', 'ITA', 'Sisilia', 683794),
(1469, 'Genova', 'ITA', 'Liguria', 636104),
(1470, 'Bologna', 'ITA', 'Emilia-Romagna', 381161),
(1471, 'Firenze', 'ITA', 'Toscana', 376662),
(1472, 'Catania', 'ITA', 'Sisilia', 337862),
(1473, 'Bari', 'ITA', 'Apulia', 331848),
(1474, 'Venezia', 'ITA', 'Veneto', 277305),
(1475, 'Messina', 'ITA', 'Sisilia', 259156),
(1476, 'Verona', 'ITA', 'Veneto', 255268),
(1477, 'Trieste', 'ITA', 'Friuli-Venezia Giuli', 216459),
(1478, 'Padova', 'ITA', 'Veneto', 211391),
(1479, 'Taranto', 'ITA', 'Apulia', 208214),
(1480, 'Brescia', 'ITA', 'Lombardia', 191317),
(1481, 'Reggio di Calabria', 'ITA', 'Calabria', 179617),
(1482, 'Modena', 'ITA', 'Emilia-Romagna', 176022),
(1483, 'Prato', 'ITA', 'Toscana', 172473),
(1484, 'Parma', 'ITA', 'Emilia-Romagna', 168717),
(1485, 'Cagliari', 'ITA', 'Sardinia', 165926),
(1486, 'Livorno', 'ITA', 'Toscana', 161673),
(1487, 'Perugia', 'ITA', 'Umbria', 156673),
(1488, 'Foggia', 'ITA', 'Apulia', 154891),
(1489, 'Reggio nell´ Emilia', 'ITA', 'Emilia-Romagna', 143664),
(1490, 'Salerno', 'ITA', 'Campania', 142055),
(1491, 'Ravenna', 'ITA', 'Emilia-Romagna', 138418),
(1492, 'Ferrara', 'ITA', 'Emilia-Romagna', 132127),
(1493, 'Rimini', 'ITA', 'Emilia-Romagna', 131062),
(1494, 'Syrakusa', 'ITA', 'Sisilia', 126282),
(1495, 'Sassari', 'ITA', 'Sardinia', 120803),
(1496, 'Monza', 'ITA', 'Lombardia', 119516),
(1497, 'Bergamo', 'ITA', 'Lombardia', 117837),
(1498, 'Pescara', 'ITA', 'Abruzzit', 115698),
(1499, 'Latina', 'ITA', 'Latium', 114099),
(1500, 'Vicenza', 'ITA', 'Veneto', 109738),
(1501, 'Terni', 'ITA', 'Umbria', 107770),
(1502, 'Forlì', 'ITA', 'Emilia-Romagna', 107475),
(1503, 'Trento', 'ITA', 'Trentino-Alto Adige', 104906),
(1504, 'Novara', 'ITA', 'Piemonte', 102037),
(1505, 'Piacenza', 'ITA', 'Emilia-Romagna', 98384),
(1506, 'Ancona', 'ITA', 'Marche', 98329),
(1507, 'Lecce', 'ITA', 'Apulia', 98208),
(1508, 'Bolzano', 'ITA', 'Trentino-Alto Adige', 97232),
(1509, 'Catanzaro', 'ITA', 'Calabria', 96700),
(1510, 'La Spezia', 'ITA', 'Liguria', 95504),
(1511, 'Udine', 'ITA', 'Friuli-Venezia Giuli', 94932),
(1512, 'Torre del Greco', 'ITA', 'Campania', 94505),
(1513, 'Andria', 'ITA', 'Apulia', 94443),
(1514, 'Brindisi', 'ITA', 'Apulia', 93454),
(1515, 'Giugliano in Campania', 'ITA', 'Campania', 93286),
(1516, 'Pisa', 'ITA', 'Toscana', 92379),
(1517, 'Barletta', 'ITA', 'Apulia', 91904),
(1518, 'Arezzo', 'ITA', 'Toscana', 91729),
(1519, 'Alessandria', 'ITA', 'Piemonte', 90289),
(1520, 'Cesena', 'ITA', 'Emilia-Romagna', 89852),
(1521, 'Pesaro', 'ITA', 'Marche', 88987),
(1522, 'Dili', 'TMP', 'Dili', 47900),
(1523, 'Wien', 'AUT', 'Wien', 1608144),
(1524, 'Graz', 'AUT', 'Steiermark', 240967),
(1525, 'Linz', 'AUT', 'North Austria', 188022),
(1526, 'Salzburg', 'AUT', 'Salzburg', 144247),
(1527, 'Innsbruck', 'AUT', 'Tiroli', 111752),
(1528, 'Klagenfurt', 'AUT', 'Kärnten', 91141),
(1529, 'Spanish Town', 'JAM', 'St. Catherine', 110379),
(1530, 'Kingston', 'JAM', 'St. Andrew', 103962),
(1531, 'Portmore', 'JAM', 'St. Andrew', 99799),
(1532, 'Tokyo', 'JPN', 'Tokyo-to', 7980230),
(1533, 'Jokohama [Yokohama]', 'JPN', 'Kanagawa', 3339594),
(1534, 'Osaka', 'JPN', 'Osaka', 2595674),
(1535, 'Nagoya', 'JPN', 'Aichi', 2154376),
(1536, 'Sapporo', 'JPN', 'Hokkaido', 1790886),
(1537, 'Kioto', 'JPN', 'Kyoto', 1461974),
(1538, 'Kobe', 'JPN', 'Hyogo', 1425139),
(1539, 'Fukuoka', 'JPN', 'Fukuoka', 1308379),
(1540, 'Kawasaki', 'JPN', 'Kanagawa', 1217359),
(1541, 'Hiroshima', 'JPN', 'Hiroshima', 1119117),
(1542, 'Kitakyushu', 'JPN', 'Fukuoka', 1016264),
(1543, 'Sendai', 'JPN', 'Miyagi', 989975),
(1544, 'Chiba', 'JPN', 'Chiba', 863930),
(1545, 'Sakai', 'JPN', 'Osaka', 797735),
(1546, 'Kumamoto', 'JPN', 'Kumamoto', 656734),
(1547, 'Okayama', 'JPN', 'Okayama', 624269),
(1548, 'Sagamihara', 'JPN', 'Kanagawa', 586300),
(1549, 'Hamamatsu', 'JPN', 'Shizuoka', 568796),
(1550, 'Kagoshima', 'JPN', 'Kagoshima', 549977),
(1551, 'Funabashi', 'JPN', 'Chiba', 545299),
(1552, 'Higashiosaka', 'JPN', 'Osaka', 517785),
(1553, 'Hachioji', 'JPN', 'Tokyo-to', 513451),
(1554, 'Niigata', 'JPN', 'Niigata', 497464),
(1555, 'Amagasaki', 'JPN', 'Hyogo', 481434),
(1556, 'Himeji', 'JPN', 'Hyogo', 475167),
(1557, 'Shizuoka', 'JPN', 'Shizuoka', 473854),
(1558, 'Urawa', 'JPN', 'Saitama', 469675),
(1559, 'Matsuyama', 'JPN', 'Ehime', 466133),
(1560, 'Matsudo', 'JPN', 'Chiba', 461126),
(1561, 'Kanazawa', 'JPN', 'Ishikawa', 455386),
(1562, 'Kawaguchi', 'JPN', 'Saitama', 452155),
(1563, 'Ichikawa', 'JPN', 'Chiba', 441893),
(1564, 'Omiya', 'JPN', 'Saitama', 441649),
(1565, 'Utsunomiya', 'JPN', 'Tochigi', 440353),
(1566, 'Oita', 'JPN', 'Oita', 433401),
(1567, 'Nagasaki', 'JPN', 'Nagasaki', 432759),
(1568, 'Yokosuka', 'JPN', 'Kanagawa', 430200),
(1569, 'Kurashiki', 'JPN', 'Okayama', 425103),
(1570, 'Gifu', 'JPN', 'Gifu', 408007),
(1571, 'Hirakata', 'JPN', 'Osaka', 403151),
(1572, 'Nishinomiya', 'JPN', 'Hyogo', 397618),
(1573, 'Toyonaka', 'JPN', 'Osaka', 396689),
(1574, 'Wakayama', 'JPN', 'Wakayama', 391233),
(1575, 'Fukuyama', 'JPN', 'Hiroshima', 376921),
(1576, 'Fujisawa', 'JPN', 'Kanagawa', 372840),
(1577, 'Asahikawa', 'JPN', 'Hokkaido', 364813),
(1578, 'Machida', 'JPN', 'Tokyo-to', 364197),
(1579, 'Nara', 'JPN', 'Nara', 362812),
(1580, 'Takatsuki', 'JPN', 'Osaka', 361747),
(1581, 'Iwaki', 'JPN', 'Fukushima', 361737),
(1582, 'Nagano', 'JPN', 'Nagano', 361391),
(1583, 'Toyohashi', 'JPN', 'Aichi', 360066),
(1584, 'Toyota', 'JPN', 'Aichi', 346090),
(1585, 'Suita', 'JPN', 'Osaka', 345750),
(1586, 'Takamatsu', 'JPN', 'Kagawa', 332471),
(1587, 'Koriyama', 'JPN', 'Fukushima', 330335),
(1588, 'Okazaki', 'JPN', 'Aichi', 328711),
(1589, 'Kawagoe', 'JPN', 'Saitama', 327211),
(1590, 'Tokorozawa', 'JPN', 'Saitama', 325809),
(1591, 'Toyama', 'JPN', 'Toyama', 325790),
(1592, 'Kochi', 'JPN', 'Kochi', 324710),
(1593, 'Kashiwa', 'JPN', 'Chiba', 320296),
(1594, 'Akita', 'JPN', 'Akita', 314440),
(1595, 'Miyazaki', 'JPN', 'Miyazaki', 303784),
(1596, 'Koshigaya', 'JPN', 'Saitama', 301446),
(1597, 'Naha', 'JPN', 'Okinawa', 299851),
(1598, 'Aomori', 'JPN', 'Aomori', 295969),
(1599, 'Hakodate', 'JPN', 'Hokkaido', 294788),
(1600, 'Akashi', 'JPN', 'Hyogo', 292253),
(1601, 'Yokkaichi', 'JPN', 'Mie', 288173),
(1602, 'Fukushima', 'JPN', 'Fukushima', 287525),
(1603, 'Morioka', 'JPN', 'Iwate', 287353),
(1604, 'Maebashi', 'JPN', 'Gumma', 284473),
(1605, 'Kasugai', 'JPN', 'Aichi', 282348),
(1606, 'Otsu', 'JPN', 'Shiga', 282070),
(1607, 'Ichihara', 'JPN', 'Chiba', 279280),
(1608, 'Yao', 'JPN', 'Osaka', 276421),
(1609, 'Ichinomiya', 'JPN', 'Aichi', 270828),
(1610, 'Tokushima', 'JPN', 'Tokushima', 269649),
(1611, 'Kakogawa', 'JPN', 'Hyogo', 266281),
(1612, 'Ibaraki', 'JPN', 'Osaka', 261020),
(1613, 'Neyagawa', 'JPN', 'Osaka', 257315),
(1614, 'Shimonoseki', 'JPN', 'Yamaguchi', 257263),
(1615, 'Yamagata', 'JPN', 'Yamagata', 255617),
(1616, 'Fukui', 'JPN', 'Fukui', 254818),
(1617, 'Hiratsuka', 'JPN', 'Kanagawa', 254207),
(1618, 'Mito', 'JPN', 'Ibaragi', 246559),
(1619, 'Sasebo', 'JPN', 'Nagasaki', 244240),
(1620, 'Hachinohe', 'JPN', 'Aomori', 242979),
(1621, 'Takasaki', 'JPN', 'Gumma', 239124),
(1622, 'Shimizu', 'JPN', 'Shizuoka', 239123),
(1623, 'Kurume', 'JPN', 'Fukuoka', 235611),
(1624, 'Fuji', 'JPN', 'Shizuoka', 231527),
(1625, 'Soka', 'JPN', 'Saitama', 222768),
(1626, 'Fuchu', 'JPN', 'Tokyo-to', 220576),
(1627, 'Chigasaki', 'JPN', 'Kanagawa', 216015),
(1628, 'Atsugi', 'JPN', 'Kanagawa', 212407),
(1629, 'Numazu', 'JPN', 'Shizuoka', 211382),
(1630, 'Ageo', 'JPN', 'Saitama', 209442),
(1631, 'Yamato', 'JPN', 'Kanagawa', 208234),
(1632, 'Matsumoto', 'JPN', 'Nagano', 206801),
(1633, 'Kure', 'JPN', 'Hiroshima', 206504),
(1634, 'Takarazuka', 'JPN', 'Hyogo', 205993),
(1635, 'Kasukabe', 'JPN', 'Saitama', 201838),
(1636, 'Chofu', 'JPN', 'Tokyo-to', 201585),
(1637, 'Odawara', 'JPN', 'Kanagawa', 200171),
(1638, 'Kofu', 'JPN', 'Yamanashi', 199753),
(1639, 'Kushiro', 'JPN', 'Hokkaido', 197608),
(1640, 'Kishiwada', 'JPN', 'Osaka', 197276),
(1641, 'Hitachi', 'JPN', 'Ibaragi', 196622),
(1642, 'Nagaoka', 'JPN', 'Niigata', 192407),
(1643, 'Itami', 'JPN', 'Hyogo', 190886),
(1644, 'Uji', 'JPN', 'Kyoto', 188735),
(1645, 'Suzuka', 'JPN', 'Mie', 184061),
(1646, 'Hirosaki', 'JPN', 'Aomori', 177522),
(1647, 'Ube', 'JPN', 'Yamaguchi', 175206),
(1648, 'Kodaira', 'JPN', 'Tokyo-to', 174984),
(1649, 'Takaoka', 'JPN', 'Toyama', 174380),
(1650, 'Obihiro', 'JPN', 'Hokkaido', 173685),
(1651, 'Tomakomai', 'JPN', 'Hokkaido', 171958),
(1652, 'Saga', 'JPN', 'Saga', 170034),
(1653, 'Sakura', 'JPN', 'Chiba', 168072),
(1654, 'Kamakura', 'JPN', 'Kanagawa', 167661),
(1655, 'Mitaka', 'JPN', 'Tokyo-to', 167268),
(1656, 'Izumi', 'JPN', 'Osaka', 166979),
(1657, 'Hino', 'JPN', 'Tokyo-to', 166770),
(1658, 'Hadano', 'JPN', 'Kanagawa', 166512),
(1659, 'Ashikaga', 'JPN', 'Tochigi', 165243),
(1660, 'Tsu', 'JPN', 'Mie', 164543),
(1661, 'Sayama', 'JPN', 'Saitama', 162472),
(1662, 'Yachiyo', 'JPN', 'Chiba', 161222),
(1663, 'Tsukuba', 'JPN', 'Ibaragi', 160768),
(1664, 'Tachikawa', 'JPN', 'Tokyo-to', 159430),
(1665, 'Kumagaya', 'JPN', 'Saitama', 157171),
(1666, 'Moriguchi', 'JPN', 'Osaka', 155941),
(1667, 'Otaru', 'JPN', 'Hokkaido', 155784),
(1668, 'Anjo', 'JPN', 'Aichi', 153823),
(1669, 'Narashino', 'JPN', 'Chiba', 152849),
(1670, 'Oyama', 'JPN', 'Tochigi', 152820),
(1671, 'Ogaki', 'JPN', 'Gifu', 151758),
(1672, 'Matsue', 'JPN', 'Shimane', 149821),
(1673, 'Kawanishi', 'JPN', 'Hyogo', 149794),
(1674, 'Hitachinaka', 'JPN', 'Tokyo-to', 148006),
(1675, 'Niiza', 'JPN', 'Saitama', 147744),
(1676, 'Nagareyama', 'JPN', 'Chiba', 147738),
(1677, 'Tottori', 'JPN', 'Tottori', 147523),
(1678, 'Tama', 'JPN', 'Ibaragi', 146712),
(1679, 'Iruma', 'JPN', 'Saitama', 145922),
(1680, 'Ota', 'JPN', 'Gumma', 145317),
(1681, 'Omuta', 'JPN', 'Fukuoka', 142889),
(1682, 'Komaki', 'JPN', 'Aichi', 139827),
(1683, 'Ome', 'JPN', 'Tokyo-to', 139216),
(1684, 'Kadoma', 'JPN', 'Osaka', 138953),
(1685, 'Yamaguchi', 'JPN', 'Yamaguchi', 138210),
(1686, 'Higashimurayama', 'JPN', 'Tokyo-to', 136970),
(1687, 'Yonago', 'JPN', 'Tottori', 136461),
(1688, 'Matsubara', 'JPN', 'Osaka', 135010),
(1689, 'Musashino', 'JPN', 'Tokyo-to', 134426),
(1690, 'Tsuchiura', 'JPN', 'Ibaragi', 134072),
(1691, 'Joetsu', 'JPN', 'Niigata', 133505),
(1692, 'Miyakonojo', 'JPN', 'Miyazaki', 133183),
(1693, 'Misato', 'JPN', 'Saitama', 132957),
(1694, 'Kakamigahara', 'JPN', 'Gifu', 131831),
(1695, 'Daito', 'JPN', 'Osaka', 130594),
(1696, 'Seto', 'JPN', 'Aichi', 130470),
(1697, 'Kariya', 'JPN', 'Aichi', 127969),
(1698, 'Urayasu', 'JPN', 'Chiba', 127550),
(1699, 'Beppu', 'JPN', 'Oita', 127486),
(1700, 'Niihama', 'JPN', 'Ehime', 127207),
(1701, 'Minoo', 'JPN', 'Osaka', 127026),
(1702, 'Fujieda', 'JPN', 'Shizuoka', 126897),
(1703, 'Abiko', 'JPN', 'Chiba', 126670),
(1704, 'Nobeoka', 'JPN', 'Miyazaki', 125547),
(1705, 'Tondabayashi', 'JPN', 'Osaka', 125094),
(1706, 'Ueda', 'JPN', 'Nagano', 124217),
(1707, 'Kashihara', 'JPN', 'Nara', 124013),
(1708, 'Matsusaka', 'JPN', 'Mie', 123582),
(1709, 'Isesaki', 'JPN', 'Gumma', 123285),
(1710, 'Zama', 'JPN', 'Kanagawa', 122046),
(1711, 'Kisarazu', 'JPN', 'Chiba', 121967),
(1712, 'Noda', 'JPN', 'Chiba', 121030),
(1713, 'Ishinomaki', 'JPN', 'Miyagi', 120963),
(1714, 'Fujinomiya', 'JPN', 'Shizuoka', 119714),
(1715, 'Kawachinagano', 'JPN', 'Osaka', 119666),
(1716, 'Imabari', 'JPN', 'Ehime', 119357),
(1717, 'Aizuwakamatsu', 'JPN', 'Fukushima', 119287),
(1718, 'Higashihiroshima', 'JPN', 'Hiroshima', 119166),
(1719, 'Habikino', 'JPN', 'Osaka', 118968),
(1720, 'Ebetsu', 'JPN', 'Hokkaido', 118805),
(1721, 'Hofu', 'JPN', 'Yamaguchi', 118751),
(1722, 'Kiryu', 'JPN', 'Gumma', 118326),
(1723, 'Okinawa', 'JPN', 'Okinawa', 117748),
(1724, 'Yaizu', 'JPN', 'Shizuoka', 117258),
(1725, 'Toyokawa', 'JPN', 'Aichi', 115781),
(1726, 'Ebina', 'JPN', 'Kanagawa', 115571),
(1727, 'Asaka', 'JPN', 'Saitama', 114815),
(1728, 'Higashikurume', 'JPN', 'Tokyo-to', 111666),
(1729, 'Ikoma', 'JPN', 'Nara', 111645),
(1730, 'Kitami', 'JPN', 'Hokkaido', 111295),
(1731, 'Koganei', 'JPN', 'Tokyo-to', 110969),
(1732, 'Iwatsuki', 'JPN', 'Saitama', 110034),
(1733, 'Mishima', 'JPN', 'Shizuoka', 109699),
(1734, 'Handa', 'JPN', 'Aichi', 108600),
(1735, 'Muroran', 'JPN', 'Hokkaido', 108275),
(1736, 'Komatsu', 'JPN', 'Ishikawa', 107937),
(1737, 'Yatsushiro', 'JPN', 'Kumamoto', 107661),
(1738, 'Iida', 'JPN', 'Nagano', 107583),
(1739, 'Tokuyama', 'JPN', 'Yamaguchi', 107078),
(1740, 'Kokubunji', 'JPN', 'Tokyo-to', 106996),
(1741, 'Akishima', 'JPN', 'Tokyo-to', 106914),
(1742, 'Iwakuni', 'JPN', 'Yamaguchi', 106647),
(1743, 'Kusatsu', 'JPN', 'Shiga', 106232),
(1744, 'Kuwana', 'JPN', 'Mie', 106121),
(1745, 'Sanda', 'JPN', 'Hyogo', 105643),
(1746, 'Hikone', 'JPN', 'Shiga', 105508),
(1747, 'Toda', 'JPN', 'Saitama', 103969),
(1748, 'Tajimi', 'JPN', 'Gifu', 103171),
(1749, 'Ikeda', 'JPN', 'Osaka', 102710),
(1750, 'Fukaya', 'JPN', 'Saitama', 102156),
(1751, 'Ise', 'JPN', 'Mie', 101732),
(1752, 'Sakata', 'JPN', 'Yamagata', 101651),
(1753, 'Kasuga', 'JPN', 'Fukuoka', 101344),
(1754, 'Kamagaya', 'JPN', 'Chiba', 100821),
(1755, 'Tsuruoka', 'JPN', 'Yamagata', 100713),
(1756, 'Hoya', 'JPN', 'Tokyo-to', 100313),
(1757, 'Nishio', 'JPN', 'Chiba', 100032),
(1758, 'Tokai', 'JPN', 'Aichi', 99738),
(1759, 'Inazawa', 'JPN', 'Aichi', 98746),
(1760, 'Sakado', 'JPN', 'Saitama', 98221),
(1761, 'Isehara', 'JPN', 'Kanagawa', 98123),
(1762, 'Takasago', 'JPN', 'Hyogo', 97632),
(1763, 'Fujimi', 'JPN', 'Saitama', 96972),
(1764, 'Urasoe', 'JPN', 'Okinawa', 96002),
(1765, 'Yonezawa', 'JPN', 'Yamagata', 95592),
(1766, 'Konan', 'JPN', 'Aichi', 95521),
(1767, 'Yamatokoriyama', 'JPN', 'Nara', 95165),
(1768, 'Maizuru', 'JPN', 'Kyoto', 94784),
(1769, 'Onomichi', 'JPN', 'Hiroshima', 93756),
(1770, 'Higashimatsuyama', 'JPN', 'Saitama', 93342),
(1771, 'Kimitsu', 'JPN', 'Chiba', 93216),
(1772, 'Isahaya', 'JPN', 'Nagasaki', 93058),
(1773, 'Kanuma', 'JPN', 'Tochigi', 93053),
(1774, 'Izumisano', 'JPN', 'Osaka', 92583),
(1775, 'Kameoka', 'JPN', 'Kyoto', 92398),
(1776, 'Mobara', 'JPN', 'Chiba', 91664),
(1777, 'Narita', 'JPN', 'Chiba', 91470),
(1778, 'Kashiwazaki', 'JPN', 'Niigata', 91229),
(1779, 'Tsuyama', 'JPN', 'Okayama', 91170),
(1780, 'Sanaa', 'YEM', 'Sanaa', 503600),
(1781, 'Aden', 'YEM', 'Aden', 398300),
(1782, 'Taizz', 'YEM', 'Taizz', 317600),
(1783, 'Hodeida', 'YEM', 'Hodeida', 298500),
(1784, 'al-Mukalla', 'YEM', 'Hadramawt', 122400),
(1785, 'Ibb', 'YEM', 'Ibb', 103300),
(1786, 'Amman', 'JOR', 'Amman', 1000000),
(1787, 'al-Zarqa', 'JOR', 'al-Zarqa', 389815),
(1788, 'Irbid', 'JOR', 'Irbid', 231511),
(1789, 'al-Rusayfa', 'JOR', 'al-Zarqa', 137247),
(1790, 'Wadi al-Sir', 'JOR', 'Amman', 89104),
(1791, 'Flying Fish Cove', 'CXR', '–', 700),
(1792, 'Beograd', 'YUG', 'Central Serbia', 1204000),
(1793, 'Novi Sad', 'YUG', 'Vojvodina', 179626),
(1794, 'Niš', 'YUG', 'Central Serbia', 175391),
(1795, 'Priština', 'YUG', 'Kosovo and Metohija', 155496),
(1796, 'Kragujevac', 'YUG', 'Central Serbia', 147305),
(1797, 'Podgorica', 'YUG', 'Montenegro', 135000),
(1798, 'Subotica', 'YUG', 'Vojvodina', 100386),
(1799, 'Prizren', 'YUG', 'Kosovo and Metohija', 92303),
(1800, 'Phnom Penh', 'KHM', 'Phnom Penh', 570155),
(1801, 'Battambang', 'KHM', 'Battambang', 129800),
(1802, 'Siem Reap', 'KHM', 'Siem Reap', 105100),
(1803, 'Douala', 'CMR', 'Littoral', 1448300),
(1804, 'Yaoundé', 'CMR', 'Centre', 1372800),
(1805, 'Garoua', 'CMR', 'Nord', 177000),
(1806, 'Maroua', 'CMR', 'Extrême-Nord', 143000),
(1807, 'Bamenda', 'CMR', 'Nord-Ouest', 138000),
(1808, 'Bafoussam', 'CMR', 'Ouest', 131000),
(1809, 'Nkongsamba', 'CMR', 'Littoral', 112454),
(1810, 'Montréal', 'CAN', 'Québec', 1016376),
(1811, 'Calgary', 'CAN', 'Alberta', 768082),
(1812, 'Toronto', 'CAN', 'Ontario', 688275),
(1813, 'North York', 'CAN', 'Ontario', 622632),
(1814, 'Winnipeg', 'CAN', 'Manitoba', 618477),
(1815, 'Edmonton', 'CAN', 'Alberta', 616306),
(1816, 'Mississauga', 'CAN', 'Ontario', 608072),
(1817, 'Scarborough', 'CAN', 'Ontario', 594501),
(1818, 'Vancouver', 'CAN', 'British Colombia', 514008),
(1819, 'Etobicoke', 'CAN', 'Ontario', 348845),
(1820, 'London', 'CAN', 'Ontario', 339917),
(1821, 'Hamilton', 'CAN', 'Ontario', 335614),
(1822, 'Ottawa', 'CAN', 'Ontario', 335277),
(1823, 'Laval', 'CAN', 'Québec', 330393),
(1824, 'Surrey', 'CAN', 'British Colombia', 304477),
(1825, 'Brampton', 'CAN', 'Ontario', 296711),
(1826, 'Windsor', 'CAN', 'Ontario', 207588),
(1827, 'Saskatoon', 'CAN', 'Saskatchewan', 193647),
(1828, 'Kitchener', 'CAN', 'Ontario', 189959),
(1829, 'Markham', 'CAN', 'Ontario', 189098),
(1830, 'Regina', 'CAN', 'Saskatchewan', 180400),
(1831, 'Burnaby', 'CAN', 'British Colombia', 179209),
(1832, 'Québec', 'CAN', 'Québec', 167264),
(1833, 'York', 'CAN', 'Ontario', 154980),
(1834, 'Richmond', 'CAN', 'British Colombia', 148867),
(1835, 'Vaughan', 'CAN', 'Ontario', 147889),
(1836, 'Burlington', 'CAN', 'Ontario', 145150),
(1837, 'Oshawa', 'CAN', 'Ontario', 140173),
(1838, 'Oakville', 'CAN', 'Ontario', 139192),
(1839, 'Saint Catharines', 'CAN', 'Ontario', 136216),
(1840, 'Longueuil', 'CAN', 'Québec', 127977),
(1841, 'Richmond Hill', 'CAN', 'Ontario', 116428),
(1842, 'Thunder Bay', 'CAN', 'Ontario', 115913),
(1843, 'Nepean', 'CAN', 'Ontario', 115100),
(1844, 'Cape Breton', 'CAN', 'Nova Scotia', 114733),
(1845, 'East York', 'CAN', 'Ontario', 114034),
(1846, 'Halifax', 'CAN', 'Nova Scotia', 113910),
(1847, 'Cambridge', 'CAN', 'Ontario', 109186),
(1848, 'Gloucester', 'CAN', 'Ontario', 107314),
(1849, 'Abbotsford', 'CAN', 'British Colombia', 105403),
(1850, 'Guelph', 'CAN', 'Ontario', 103593),
(1851, 'Saint John´s', 'CAN', 'Newfoundland', 101936),
(1852, 'Coquitlam', 'CAN', 'British Colombia', 101820),
(1853, 'Saanich', 'CAN', 'British Colombia', 101388),
(1854, 'Gatineau', 'CAN', 'Québec', 100702),
(1855, 'Delta', 'CAN', 'British Colombia', 95411),
(1856, 'Sudbury', 'CAN', 'Ontario', 92686),
(1857, 'Kelowna', 'CAN', 'British Colombia', 89442),
(1858, 'Barrie', 'CAN', 'Ontario', 89269),
(1859, 'Praia', 'CPV', 'São Tiago', 94800),
(1860, 'Almaty', 'KAZ', 'Almaty Qalasy', 1129400),
(1861, 'Qaraghandy', 'KAZ', 'Qaraghandy', 436900),
(1862, 'Shymkent', 'KAZ', 'South Kazakstan', 360100),
(1863, 'Taraz', 'KAZ', 'Taraz', 330100),
(1864, 'Astana', 'KAZ', 'Astana', 311200),
(1865, 'Öskemen', 'KAZ', 'East Kazakstan', 311000),
(1866, 'Pavlodar', 'KAZ', 'Pavlodar', 300500),
(1867, 'Semey', 'KAZ', 'East Kazakstan', 269600),
(1868, 'Aqtöbe', 'KAZ', 'Aqtöbe', 253100),
(1869, 'Qostanay', 'KAZ', 'Qostanay', 221400),
(1870, 'Petropavl', 'KAZ', 'North Kazakstan', 203500),
(1871, 'Oral', 'KAZ', 'West Kazakstan', 195500),
(1872, 'Temirtau', 'KAZ', 'Qaraghandy', 170500),
(1873, 'Qyzylorda', 'KAZ', 'Qyzylorda', 157400),
(1874, 'Aqtau', 'KAZ', 'Mangghystau', 143400),
(1875, 'Atyrau', 'KAZ', 'Atyrau', 142500),
(1876, 'Ekibastuz', 'KAZ', 'Pavlodar', 127200),
(1877, 'Kökshetau', 'KAZ', 'North Kazakstan', 123400),
(1878, 'Rudnyy', 'KAZ', 'Qostanay', 109500),
(1879, 'Taldyqorghan', 'KAZ', 'Almaty', 98000),
(1880, 'Zhezqazghan', 'KAZ', 'Qaraghandy', 90000),
(1881, 'Nairobi', 'KEN', 'Nairobi', 2290000),
(1882, 'Mombasa', 'KEN', 'Coast', 461753),
(1883, 'Kisumu', 'KEN', 'Nyanza', 192733),
(1884, 'Nakuru', 'KEN', 'Rift Valley', 163927),
(1885, 'Machakos', 'KEN', 'Eastern', 116293),
(1886, 'Eldoret', 'KEN', 'Rift Valley', 111882),
(1887, 'Meru', 'KEN', 'Eastern', 94947),
(1888, 'Nyeri', 'KEN', 'Central', 91258),
(1889, 'Bangui', 'CAF', 'Bangui', 524000),
(1890, 'Shanghai', 'CHN', 'Shanghai', 9696300),
(1891, 'Peking', 'CHN', 'Peking', 7472000),
(1892, 'Chongqing', 'CHN', 'Chongqing', 6351600),
(1893, 'Tianjin', 'CHN', 'Tianjin', 5286800),
(1894, 'Wuhan', 'CHN', 'Hubei', 4344600),
(1895, 'Harbin', 'CHN', 'Heilongjiang', 4289800),
(1896, 'Shenyang', 'CHN', 'Liaoning', 4265200),
(1897, 'Kanton [Guangzhou]', 'CHN', 'Guangdong', 4256300),
(1898, 'Chengdu', 'CHN', 'Sichuan', 3361500),
(1899, 'Nanking [Nanjing]', 'CHN', 'Jiangsu', 2870300),
(1900, 'Changchun', 'CHN', 'Jilin', 2812000),
(1901, 'Xi´an', 'CHN', 'Shaanxi', 2761400),
(1902, 'Dalian', 'CHN', 'Liaoning', 2697000),
(1903, 'Qingdao', 'CHN', 'Shandong', 2596000),
(1904, 'Jinan', 'CHN', 'Shandong', 2278100),
(1905, 'Hangzhou', 'CHN', 'Zhejiang', 2190500),
(1906, 'Zhengzhou', 'CHN', 'Henan', 2107200),
(1907, 'Shijiazhuang', 'CHN', 'Hebei', 2041500),
(1908, 'Taiyuan', 'CHN', 'Shanxi', 1968400),
(1909, 'Kunming', 'CHN', 'Yunnan', 1829500),
(1910, 'Changsha', 'CHN', 'Hunan', 1809800),
(1911, 'Nanchang', 'CHN', 'Jiangxi', 1691600),
(1912, 'Fuzhou', 'CHN', 'Fujian', 1593800),
(1913, 'Lanzhou', 'CHN', 'Gansu', 1565800),
(1914, 'Guiyang', 'CHN', 'Guizhou', 1465200),
(1915, 'Ningbo', 'CHN', 'Zhejiang', 1371200),
(1916, 'Hefei', 'CHN', 'Anhui', 1369100),
(1917, 'Urumtši [Ürümqi]', 'CHN', 'Xinxiang', 1310100),
(1918, 'Anshan', 'CHN', 'Liaoning', 1200000),
(1919, 'Fushun', 'CHN', 'Liaoning', 1200000),
(1920, 'Nanning', 'CHN', 'Guangxi', 1161800),
(1921, 'Zibo', 'CHN', 'Shandong', 1140000),
(1922, 'Qiqihar', 'CHN', 'Heilongjiang', 1070000),
(1923, 'Jilin', 'CHN', 'Jilin', 1040000),
(1924, 'Tangshan', 'CHN', 'Hebei', 1040000),
(1925, 'Baotou', 'CHN', 'Inner Mongolia', 980000),
(1926, 'Shenzhen', 'CHN', 'Guangdong', 950500),
(1927, 'Hohhot', 'CHN', 'Inner Mongolia', 916700),
(1928, 'Handan', 'CHN', 'Hebei', 840000),
(1929, 'Wuxi', 'CHN', 'Jiangsu', 830000),
(1930, 'Xuzhou', 'CHN', 'Jiangsu', 810000),
(1931, 'Datong', 'CHN', 'Shanxi', 800000),
(1932, 'Yichun', 'CHN', 'Heilongjiang', 800000),
(1933, 'Benxi', 'CHN', 'Liaoning', 770000),
(1934, 'Luoyang', 'CHN', 'Henan', 760000),
(1935, 'Suzhou', 'CHN', 'Jiangsu', 710000),
(1936, 'Xining', 'CHN', 'Qinghai', 700200),
(1937, 'Huainan', 'CHN', 'Anhui', 700000),
(1938, 'Jixi', 'CHN', 'Heilongjiang', 683885),
(1939, 'Daqing', 'CHN', 'Heilongjiang', 660000),
(1940, 'Fuxin', 'CHN', 'Liaoning', 640000),
(1941, 'Amoy [Xiamen]', 'CHN', 'Fujian', 627500),
(1942, 'Liuzhou', 'CHN', 'Guangxi', 610000),
(1943, 'Shantou', 'CHN', 'Guangdong', 580000),
(1944, 'Jinzhou', 'CHN', 'Liaoning', 570000),
(1945, 'Mudanjiang', 'CHN', 'Heilongjiang', 570000),
(1946, 'Yinchuan', 'CHN', 'Ningxia', 544500),
(1947, 'Changzhou', 'CHN', 'Jiangsu', 530000),
(1948, 'Zhangjiakou', 'CHN', 'Hebei', 530000),
(1949, 'Dandong', 'CHN', 'Liaoning', 520000),
(1950, 'Hegang', 'CHN', 'Heilongjiang', 520000),
(1951, 'Kaifeng', 'CHN', 'Henan', 510000),
(1952, 'Jiamusi', 'CHN', 'Heilongjiang', 493409),
(1953, 'Liaoyang', 'CHN', 'Liaoning', 492559),
(1954, 'Hengyang', 'CHN', 'Hunan', 487148),
(1955, 'Baoding', 'CHN', 'Hebei', 483155),
(1956, 'Hunjiang', 'CHN', 'Jilin', 482043),
(1957, 'Xinxiang', 'CHN', 'Henan', 473762),
(1958, 'Huangshi', 'CHN', 'Hubei', 457601),
(1959, 'Haikou', 'CHN', 'Hainan', 454300),
(1960, 'Yantai', 'CHN', 'Shandong', 452127),
(1961, 'Bengbu', 'CHN', 'Anhui', 449245),
(1962, 'Xiangtan', 'CHN', 'Hunan', 441968),
(1963, 'Weifang', 'CHN', 'Shandong', 428522),
(1964, 'Wuhu', 'CHN', 'Anhui', 425740),
(1965, 'Pingxiang', 'CHN', 'Jiangxi', 425579),
(1966, 'Yingkou', 'CHN', 'Liaoning', 421589),
(1967, 'Anyang', 'CHN', 'Henan', 420332),
(1968, 'Panzhihua', 'CHN', 'Sichuan', 415466),
(1969, 'Pingdingshan', 'CHN', 'Henan', 410775),
(1970, 'Xiangfan', 'CHN', 'Hubei', 410407),
(1971, 'Zhuzhou', 'CHN', 'Hunan', 409924),
(1972, 'Jiaozuo', 'CHN', 'Henan', 409100),
(1973, 'Wenzhou', 'CHN', 'Zhejiang', 401871),
(1974, 'Zhangjiang', 'CHN', 'Guangdong', 400997),
(1975, 'Zigong', 'CHN', 'Sichuan', 393184),
(1976, 'Shuangyashan', 'CHN', 'Heilongjiang', 386081),
(1977, 'Zaozhuang', 'CHN', 'Shandong', 380846),
(1978, 'Yakeshi', 'CHN', 'Inner Mongolia', 377869),
(1979, 'Yichang', 'CHN', 'Hubei', 371601),
(1980, 'Zhenjiang', 'CHN', 'Jiangsu', 368316),
(1981, 'Huaibei', 'CHN', 'Anhui', 366549),
(1982, 'Qinhuangdao', 'CHN', 'Hebei', 364972),
(1983, 'Guilin', 'CHN', 'Guangxi', 364130),
(1984, 'Liupanshui', 'CHN', 'Guizhou', 363954),
(1985, 'Panjin', 'CHN', 'Liaoning', 362773),
(1986, 'Yangquan', 'CHN', 'Shanxi', 362268),
(1987, 'Jinxi', 'CHN', 'Liaoning', 357052),
(1988, 'Liaoyuan', 'CHN', 'Jilin', 354141),
(1989, 'Lianyungang', 'CHN', 'Jiangsu', 354139),
(1990, 'Xianyang', 'CHN', 'Shaanxi', 352125),
(1991, 'Tai´an', 'CHN', 'Shandong', 350696),
(1992, 'Chifeng', 'CHN', 'Inner Mongolia', 350077),
(1993, 'Shaoguan', 'CHN', 'Guangdong', 350043),
(1994, 'Nantong', 'CHN', 'Jiangsu', 343341),
(1995, 'Leshan', 'CHN', 'Sichuan', 341128),
(1996, 'Baoji', 'CHN', 'Shaanxi', 337765),
(1997, 'Linyi', 'CHN', 'Shandong', 324720),
(1998, 'Tonghua', 'CHN', 'Jilin', 324600),
(1999, 'Siping', 'CHN', 'Jilin', 317223),
(2000, 'Changzhi', 'CHN', 'Shanxi', 317144),
(2001, 'Tengzhou', 'CHN', 'Shandong', 315083),
(2002, 'Chaozhou', 'CHN', 'Guangdong', 313469),
(2003, 'Yangzhou', 'CHN', 'Jiangsu', 312892),
(2004, 'Dongwan', 'CHN', 'Guangdong', 308669),
(2005, 'Ma´anshan', 'CHN', 'Anhui', 305421),
(2006, 'Foshan', 'CHN', 'Guangdong', 303160),
(2007, 'Yueyang', 'CHN', 'Hunan', 302800),
(2008, 'Xingtai', 'CHN', 'Hebei', 302789),
(2009, 'Changde', 'CHN', 'Hunan', 301276),
(2010, 'Shihezi', 'CHN', 'Xinxiang', 299676),
(2011, 'Yancheng', 'CHN', 'Jiangsu', 296831),
(2012, 'Jiujiang', 'CHN', 'Jiangxi', 291187),
(2013, 'Dongying', 'CHN', 'Shandong', 281728),
(2014, 'Shashi', 'CHN', 'Hubei', 281352),
(2015, 'Xintai', 'CHN', 'Shandong', 281248),
(2016, 'Jingdezhen', 'CHN', 'Jiangxi', 281183),
(2017, 'Tongchuan', 'CHN', 'Shaanxi', 280657),
(2018, 'Zhongshan', 'CHN', 'Guangdong', 278829),
(2019, 'Shiyan', 'CHN', 'Hubei', 273786),
(2020, 'Tieli', 'CHN', 'Heilongjiang', 265683),
(2021, 'Jining', 'CHN', 'Shandong', 265248),
(2022, 'Wuhai', 'CHN', 'Inner Mongolia', 264081),
(2023, 'Mianyang', 'CHN', 'Sichuan', 262947),
(2024, 'Luzhou', 'CHN', 'Sichuan', 262892),
(2025, 'Zunyi', 'CHN', 'Guizhou', 261862),
(2026, 'Shizuishan', 'CHN', 'Ningxia', 257862),
(2027, 'Neijiang', 'CHN', 'Sichuan', 256012),
(2028, 'Tongliao', 'CHN', 'Inner Mongolia', 255129),
(2029, 'Tieling', 'CHN', 'Liaoning', 254842),
(2030, 'Wafangdian', 'CHN', 'Liaoning', 251733),
(2031, 'Anqing', 'CHN', 'Anhui', 250718),
(2032, 'Shaoyang', 'CHN', 'Hunan', 247227),
(2033, 'Laiwu', 'CHN', 'Shandong', 246833),
(2034, 'Chengde', 'CHN', 'Hebei', 246799),
(2035, 'Tianshui', 'CHN', 'Gansu', 244974),
(2036, 'Nanyang', 'CHN', 'Henan', 243303),
(2037, 'Cangzhou', 'CHN', 'Hebei', 242708),
(2038, 'Yibin', 'CHN', 'Sichuan', 241019),
(2039, 'Huaiyin', 'CHN', 'Jiangsu', 239675),
(2040, 'Dunhua', 'CHN', 'Jilin', 235100),
(2041, 'Yanji', 'CHN', 'Jilin', 230892),
(2042, 'Jiangmen', 'CHN', 'Guangdong', 230587),
(2043, 'Tongling', 'CHN', 'Anhui', 228017),
(2044, 'Suihua', 'CHN', 'Heilongjiang', 227881),
(2045, 'Gongziling', 'CHN', 'Jilin', 226569),
(2046, 'Xiantao', 'CHN', 'Hubei', 222884),
(2047, 'Chaoyang', 'CHN', 'Liaoning', 222394),
(2048, 'Ganzhou', 'CHN', 'Jiangxi', 220129),
(2049, 'Huzhou', 'CHN', 'Zhejiang', 218071),
(2050, 'Baicheng', 'CHN', 'Jilin', 217987),
(2051, 'Shangzi', 'CHN', 'Heilongjiang', 215373),
(2052, 'Yangjiang', 'CHN', 'Guangdong', 215196),
(2053, 'Qitaihe', 'CHN', 'Heilongjiang', 214957),
(2054, 'Gejiu', 'CHN', 'Yunnan', 214294),
(2055, 'Jiangyin', 'CHN', 'Jiangsu', 213659),
(2056, 'Hebi', 'CHN', 'Henan', 212976),
(2057, 'Jiaxing', 'CHN', 'Zhejiang', 211526),
(2058, 'Wuzhou', 'CHN', 'Guangxi', 210452),
(2059, 'Meihekou', 'CHN', 'Jilin', 209038),
(2060, 'Xuchang', 'CHN', 'Henan', 208815),
(2061, 'Liaocheng', 'CHN', 'Shandong', 207844),
(2062, 'Haicheng', 'CHN', 'Liaoning', 205560),
(2063, 'Qianjiang', 'CHN', 'Hubei', 205504),
(2064, 'Baiyin', 'CHN', 'Gansu', 204970),
(2065, 'Bei´an', 'CHN', 'Heilongjiang', 204899),
(2066, 'Yixing', 'CHN', 'Jiangsu', 200824),
(2067, 'Laizhou', 'CHN', 'Shandong', 198664),
(2068, 'Qaramay', 'CHN', 'Xinxiang', 197602),
(2069, 'Acheng', 'CHN', 'Heilongjiang', 197595),
(2070, 'Dezhou', 'CHN', 'Shandong', 195485),
(2071, 'Nanping', 'CHN', 'Fujian', 195064),
(2072, 'Zhaoqing', 'CHN', 'Guangdong', 194784),
(2073, 'Beipiao', 'CHN', 'Liaoning', 194301),
(2074, 'Fengcheng', 'CHN', 'Jiangxi', 193784),
(2075, 'Fuyu', 'CHN', 'Jilin', 192981),
(2076, 'Xinyang', 'CHN', 'Henan', 192509),
(2077, 'Dongtai', 'CHN', 'Jiangsu', 192247),
(2078, 'Yuci', 'CHN', 'Shanxi', 191356),
(2079, 'Honghu', 'CHN', 'Hubei', 190772),
(2080, 'Ezhou', 'CHN', 'Hubei', 190123),
(2081, 'Heze', 'CHN', 'Shandong', 189293),
(2082, 'Daxian', 'CHN', 'Sichuan', 188101),
(2083, 'Linfen', 'CHN', 'Shanxi', 187309),
(2084, 'Tianmen', 'CHN', 'Hubei', 186332),
(2085, 'Yiyang', 'CHN', 'Hunan', 185818),
(2086, 'Quanzhou', 'CHN', 'Fujian', 185154),
(2087, 'Rizhao', 'CHN', 'Shandong', 185048),
(2088, 'Deyang', 'CHN', 'Sichuan', 182488),
(2089, 'Guangyuan', 'CHN', 'Sichuan', 182241),
(2090, 'Changshu', 'CHN', 'Jiangsu', 181805),
(2091, 'Zhangzhou', 'CHN', 'Fujian', 181424),
(2092, 'Hailar', 'CHN', 'Inner Mongolia', 180650),
(2093, 'Nanchong', 'CHN', 'Sichuan', 180273),
(2094, 'Jiutai', 'CHN', 'Jilin', 180130),
(2095, 'Zhaodong', 'CHN', 'Heilongjiang', 179976),
(2096, 'Shaoxing', 'CHN', 'Zhejiang', 179818),
(2097, 'Fuyang', 'CHN', 'Anhui', 179572),
(2098, 'Maoming', 'CHN', 'Guangdong', 178683),
(2099, 'Qujing', 'CHN', 'Yunnan', 178669),
(2100, 'Ghulja', 'CHN', 'Xinxiang', 177193),
(2101, 'Jiaohe', 'CHN', 'Jilin', 176367),
(2102, 'Puyang', 'CHN', 'Henan', 175988),
(2103, 'Huadian', 'CHN', 'Jilin', 175873),
(2104, 'Jiangyou', 'CHN', 'Sichuan', 175753),
(2105, 'Qashqar', 'CHN', 'Xinxiang', 174570),
(2106, 'Anshun', 'CHN', 'Guizhou', 174142),
(2107, 'Fuling', 'CHN', 'Sichuan', 173878),
(2108, 'Xinyu', 'CHN', 'Jiangxi', 173524),
(2109, 'Hanzhong', 'CHN', 'Shaanxi', 169930),
(2110, 'Danyang', 'CHN', 'Jiangsu', 169603),
(2111, 'Chenzhou', 'CHN', 'Hunan', 169400),
(2112, 'Xiaogan', 'CHN', 'Hubei', 166280),
(2113, 'Shangqiu', 'CHN', 'Henan', 164880),
(2114, 'Zhuhai', 'CHN', 'Guangdong', 164747),
(2115, 'Qingyuan', 'CHN', 'Guangdong', 164641),
(2116, 'Aqsu', 'CHN', 'Xinxiang', 164092),
(2117, 'Jining', 'CHN', 'Inner Mongolia', 163552),
(2118, 'Xiaoshan', 'CHN', 'Zhejiang', 162930),
(2119, 'Zaoyang', 'CHN', 'Hubei', 162198),
(2120, 'Xinghua', 'CHN', 'Jiangsu', 161910),
(2121, 'Hami', 'CHN', 'Xinxiang', 161315),
(2122, 'Huizhou', 'CHN', 'Guangdong', 161023),
(2123, 'Jinmen', 'CHN', 'Hubei', 160794),
(2124, 'Sanming', 'CHN', 'Fujian', 160691),
(2125, 'Ulanhot', 'CHN', 'Inner Mongolia', 159538),
(2126, 'Korla', 'CHN', 'Xinxiang', 159344),
(2127, 'Wanxian', 'CHN', 'Sichuan', 156823),
(2128, 'Rui´an', 'CHN', 'Zhejiang', 156468),
(2129, 'Zhoushan', 'CHN', 'Zhejiang', 156317),
(2130, 'Liangcheng', 'CHN', 'Shandong', 156307),
(2131, 'Jiaozhou', 'CHN', 'Shandong', 153364),
(2132, 'Taizhou', 'CHN', 'Jiangsu', 152442),
(2133, 'Suzhou', 'CHN', 'Anhui', 151862),
(2134, 'Yichun', 'CHN', 'Jiangxi', 151585),
(2135, 'Taonan', 'CHN', 'Jilin', 150168),
(2136, 'Pingdu', 'CHN', 'Shandong', 150123),
(2137, 'Ji´an', 'CHN', 'Jiangxi', 148583),
(2138, 'Longkou', 'CHN', 'Shandong', 148362),
(2139, 'Langfang', 'CHN', 'Hebei', 148105),
(2140, 'Zhoukou', 'CHN', 'Henan', 146288),
(2141, 'Suining', 'CHN', 'Sichuan', 146086),
(2142, 'Yulin', 'CHN', 'Guangxi', 144467),
(2143, 'Jinhua', 'CHN', 'Zhejiang', 144280),
(2144, 'Liu´an', 'CHN', 'Anhui', 144248),
(2145, 'Shuangcheng', 'CHN', 'Heilongjiang', 142659),
(2146, 'Suizhou', 'CHN', 'Hubei', 142302),
(2147, 'Ankang', 'CHN', 'Shaanxi', 142170),
(2148, 'Weinan', 'CHN', 'Shaanxi', 140169),
(2149, 'Longjing', 'CHN', 'Jilin', 139417),
(2150, 'Da´an', 'CHN', 'Jilin', 138963),
(2151, 'Lengshuijiang', 'CHN', 'Hunan', 137994),
(2152, 'Laiyang', 'CHN', 'Shandong', 137080),
(2153, 'Xianning', 'CHN', 'Hubei', 136811),
(2154, 'Dali', 'CHN', 'Yunnan', 136554),
(2155, 'Anda', 'CHN', 'Heilongjiang', 136446),
(2156, 'Jincheng', 'CHN', 'Shanxi', 136396),
(2157, 'Longyan', 'CHN', 'Fujian', 134481),
(2158, 'Xichang', 'CHN', 'Sichuan', 134419),
(2159, 'Wendeng', 'CHN', 'Shandong', 133910),
(2160, 'Hailun', 'CHN', 'Heilongjiang', 133565),
(2161, 'Binzhou', 'CHN', 'Shandong', 133555),
(2162, 'Linhe', 'CHN', 'Inner Mongolia', 133183),
(2163, 'Wuwei', 'CHN', 'Gansu', 133101),
(2164, 'Duyun', 'CHN', 'Guizhou', 132971);
INSERT INTO `city` (`ID`, `Name`, `CountryCode`, `District`, `Population`) VALUES
(2165, 'Mishan', 'CHN', 'Heilongjiang', 132744),
(2166, 'Shangrao', 'CHN', 'Jiangxi', 132455),
(2167, 'Changji', 'CHN', 'Xinxiang', 132260),
(2168, 'Meixian', 'CHN', 'Guangdong', 132156),
(2169, 'Yushu', 'CHN', 'Jilin', 131861),
(2170, 'Tiefa', 'CHN', 'Liaoning', 131807),
(2171, 'Huai´an', 'CHN', 'Jiangsu', 131149),
(2172, 'Leiyang', 'CHN', 'Hunan', 130115),
(2173, 'Zalantun', 'CHN', 'Inner Mongolia', 130031),
(2174, 'Weihai', 'CHN', 'Shandong', 128888),
(2175, 'Loudi', 'CHN', 'Hunan', 128418),
(2176, 'Qingzhou', 'CHN', 'Shandong', 128258),
(2177, 'Qidong', 'CHN', 'Jiangsu', 126872),
(2178, 'Huaihua', 'CHN', 'Hunan', 126785),
(2179, 'Luohe', 'CHN', 'Henan', 126438),
(2180, 'Chuzhou', 'CHN', 'Anhui', 125341),
(2181, 'Kaiyuan', 'CHN', 'Liaoning', 124219),
(2182, 'Linqing', 'CHN', 'Shandong', 123958),
(2183, 'Chaohu', 'CHN', 'Anhui', 123676),
(2184, 'Laohekou', 'CHN', 'Hubei', 123366),
(2185, 'Dujiangyan', 'CHN', 'Sichuan', 123357),
(2186, 'Zhumadian', 'CHN', 'Henan', 123232),
(2187, 'Linchuan', 'CHN', 'Jiangxi', 121949),
(2188, 'Jiaonan', 'CHN', 'Shandong', 121397),
(2189, 'Sanmenxia', 'CHN', 'Henan', 120523),
(2190, 'Heyuan', 'CHN', 'Guangdong', 120101),
(2191, 'Manzhouli', 'CHN', 'Inner Mongolia', 120023),
(2192, 'Lhasa', 'CHN', 'Tibet', 120000),
(2193, 'Lianyuan', 'CHN', 'Hunan', 118858),
(2194, 'Kuytun', 'CHN', 'Xinxiang', 118553),
(2195, 'Puqi', 'CHN', 'Hubei', 117264),
(2196, 'Hongjiang', 'CHN', 'Hunan', 116188),
(2197, 'Qinzhou', 'CHN', 'Guangxi', 114586),
(2198, 'Renqiu', 'CHN', 'Hebei', 114256),
(2199, 'Yuyao', 'CHN', 'Zhejiang', 114065),
(2200, 'Guigang', 'CHN', 'Guangxi', 114025),
(2201, 'Kaili', 'CHN', 'Guizhou', 113958),
(2202, 'Yan´an', 'CHN', 'Shaanxi', 113277),
(2203, 'Beihai', 'CHN', 'Guangxi', 112673),
(2204, 'Xuangzhou', 'CHN', 'Anhui', 112673),
(2205, 'Quzhou', 'CHN', 'Zhejiang', 112373),
(2206, 'Yong´an', 'CHN', 'Fujian', 111762),
(2207, 'Zixing', 'CHN', 'Hunan', 110048),
(2208, 'Liyang', 'CHN', 'Jiangsu', 109520),
(2209, 'Yizheng', 'CHN', 'Jiangsu', 109268),
(2210, 'Yumen', 'CHN', 'Gansu', 109234),
(2211, 'Liling', 'CHN', 'Hunan', 108504),
(2212, 'Yuncheng', 'CHN', 'Shanxi', 108359),
(2213, 'Shanwei', 'CHN', 'Guangdong', 107847),
(2214, 'Cixi', 'CHN', 'Zhejiang', 107329),
(2215, 'Yuanjiang', 'CHN', 'Hunan', 107004),
(2216, 'Bozhou', 'CHN', 'Anhui', 106346),
(2217, 'Jinchang', 'CHN', 'Gansu', 105287),
(2218, 'Fu´an', 'CHN', 'Fujian', 105265),
(2219, 'Suqian', 'CHN', 'Jiangsu', 105021),
(2220, 'Shishou', 'CHN', 'Hubei', 104571),
(2221, 'Hengshui', 'CHN', 'Hebei', 104269),
(2222, 'Danjiangkou', 'CHN', 'Hubei', 103211),
(2223, 'Fujin', 'CHN', 'Heilongjiang', 103104),
(2224, 'Sanya', 'CHN', 'Hainan', 102820),
(2225, 'Guangshui', 'CHN', 'Hubei', 102770),
(2226, 'Huangshan', 'CHN', 'Anhui', 102628),
(2227, 'Xingcheng', 'CHN', 'Liaoning', 102384),
(2228, 'Zhucheng', 'CHN', 'Shandong', 102134),
(2229, 'Kunshan', 'CHN', 'Jiangsu', 102052),
(2230, 'Haining', 'CHN', 'Zhejiang', 100478),
(2231, 'Pingliang', 'CHN', 'Gansu', 99265),
(2232, 'Fuqing', 'CHN', 'Fujian', 99193),
(2233, 'Xinzhou', 'CHN', 'Shanxi', 98667),
(2234, 'Jieyang', 'CHN', 'Guangdong', 98531),
(2235, 'Zhangjiagang', 'CHN', 'Jiangsu', 97994),
(2236, 'Tong Xian', 'CHN', 'Peking', 97168),
(2237, 'Ya´an', 'CHN', 'Sichuan', 95900),
(2238, 'Jinzhou', 'CHN', 'Liaoning', 95761),
(2239, 'Emeishan', 'CHN', 'Sichuan', 94000),
(2240, 'Enshi', 'CHN', 'Hubei', 93056),
(2241, 'Bose', 'CHN', 'Guangxi', 93009),
(2242, 'Yuzhou', 'CHN', 'Henan', 92889),
(2243, 'Kaiyuan', 'CHN', 'Yunnan', 91999),
(2244, 'Tumen', 'CHN', 'Jilin', 91471),
(2245, 'Putian', 'CHN', 'Fujian', 91030),
(2246, 'Linhai', 'CHN', 'Zhejiang', 90870),
(2247, 'Xilin Hot', 'CHN', 'Inner Mongolia', 90646),
(2248, 'Shaowu', 'CHN', 'Fujian', 90286),
(2249, 'Junan', 'CHN', 'Shandong', 90222),
(2250, 'Huaying', 'CHN', 'Sichuan', 89400),
(2251, 'Pingyi', 'CHN', 'Shandong', 89373),
(2252, 'Huangyan', 'CHN', 'Zhejiang', 89288),
(2253, 'Bishkek', 'KGZ', 'Bishkek shaary', 589400),
(2254, 'Osh', 'KGZ', 'Osh', 222700),
(2255, 'Bikenibeu', 'KIR', 'South Tarawa', 5055),
(2256, 'Bairiki', 'KIR', 'South Tarawa', 2226),
(2257, 'Santafé de Bogotá', 'COL', 'Santafé de Bogotá', 6260862),
(2258, 'Cali', 'COL', 'Valle', 2077386),
(2259, 'Medellín', 'COL', 'Antioquia', 1861265),
(2260, 'Barranquilla', 'COL', 'Atlántico', 1223260),
(2261, 'Cartagena', 'COL', 'Bolívar', 805757),
(2262, 'Cúcuta', 'COL', 'Norte de Santander', 606932),
(2263, 'Bucaramanga', 'COL', 'Santander', 515555),
(2264, 'Ibagué', 'COL', 'Tolima', 393664),
(2265, 'Pereira', 'COL', 'Risaralda', 381725),
(2266, 'Santa Marta', 'COL', 'Magdalena', 359147),
(2267, 'Manizales', 'COL', 'Caldas', 337580),
(2268, 'Bello', 'COL', 'Antioquia', 333470),
(2269, 'Pasto', 'COL', 'Nariño', 332396),
(2270, 'Neiva', 'COL', 'Huila', 300052),
(2271, 'Soledad', 'COL', 'Atlántico', 295058),
(2272, 'Armenia', 'COL', 'Quindío', 288977),
(2273, 'Villavicencio', 'COL', 'Meta', 273140),
(2274, 'Soacha', 'COL', 'Cundinamarca', 272058),
(2275, 'Valledupar', 'COL', 'Cesar', 263247),
(2276, 'Montería', 'COL', 'Córdoba', 248245),
(2277, 'Itagüí', 'COL', 'Antioquia', 228985),
(2278, 'Palmira', 'COL', 'Valle', 226509),
(2279, 'Buenaventura', 'COL', 'Valle', 224336),
(2280, 'Floridablanca', 'COL', 'Santander', 221913),
(2281, 'Sincelejo', 'COL', 'Sucre', 220704),
(2282, 'Popayán', 'COL', 'Cauca', 200719),
(2283, 'Barrancabermeja', 'COL', 'Santander', 178020),
(2284, 'Dos Quebradas', 'COL', 'Risaralda', 159363),
(2285, 'Tuluá', 'COL', 'Valle', 152488),
(2286, 'Envigado', 'COL', 'Antioquia', 135848),
(2287, 'Cartago', 'COL', 'Valle', 125884),
(2288, 'Girardot', 'COL', 'Cundinamarca', 110963),
(2289, 'Buga', 'COL', 'Valle', 110699),
(2290, 'Tunja', 'COL', 'Boyacá', 109740),
(2291, 'Florencia', 'COL', 'Caquetá', 108574),
(2292, 'Maicao', 'COL', 'La Guajira', 108053),
(2293, 'Sogamoso', 'COL', 'Boyacá', 107728),
(2294, 'Giron', 'COL', 'Santander', 90688),
(2295, 'Moroni', 'COM', 'Njazidja', 36000),
(2296, 'Brazzaville', 'COG', 'Brazzaville', 950000),
(2297, 'Pointe-Noire', 'COG', 'Kouilou', 500000),
(2298, 'Kinshasa', 'COD', 'Kinshasa', 5064000),
(2299, 'Lubumbashi', 'COD', 'Shaba', 851381),
(2300, 'Mbuji-Mayi', 'COD', 'East Kasai', 806475),
(2301, 'Kolwezi', 'COD', 'Shaba', 417810),
(2302, 'Kisangani', 'COD', 'Haute-Zaïre', 417517),
(2303, 'Kananga', 'COD', 'West Kasai', 393030),
(2304, 'Likasi', 'COD', 'Shaba', 299118),
(2305, 'Bukavu', 'COD', 'South Kivu', 201569),
(2306, 'Kikwit', 'COD', 'Bandundu', 182142),
(2307, 'Tshikapa', 'COD', 'West Kasai', 180860),
(2308, 'Matadi', 'COD', 'Bas-Zaïre', 172730),
(2309, 'Mbandaka', 'COD', 'Equateur', 169841),
(2310, 'Mwene-Ditu', 'COD', 'East Kasai', 137459),
(2311, 'Boma', 'COD', 'Bas-Zaïre', 135284),
(2312, 'Uvira', 'COD', 'South Kivu', 115590),
(2313, 'Butembo', 'COD', 'North Kivu', 109406),
(2314, 'Goma', 'COD', 'North Kivu', 109094),
(2315, 'Kalemie', 'COD', 'Shaba', 101309),
(2316, 'Bantam', 'CCK', 'Home Island', 503),
(2317, 'West Island', 'CCK', 'West Island', 167),
(2318, 'Pyongyang', 'PRK', 'Pyongyang-si', 2484000),
(2319, 'Hamhung', 'PRK', 'Hamgyong N', 709730),
(2320, 'Chongjin', 'PRK', 'Hamgyong P', 582480),
(2321, 'Nampo', 'PRK', 'Nampo-si', 566200),
(2322, 'Sinuiju', 'PRK', 'Pyongan P', 326011),
(2323, 'Wonsan', 'PRK', 'Kangwon', 300148),
(2324, 'Phyongsong', 'PRK', 'Pyongan N', 272934),
(2325, 'Sariwon', 'PRK', 'Hwanghae P', 254146),
(2326, 'Haeju', 'PRK', 'Hwanghae N', 229172),
(2327, 'Kanggye', 'PRK', 'Chagang', 223410),
(2328, 'Kimchaek', 'PRK', 'Hamgyong P', 179000),
(2329, 'Hyesan', 'PRK', 'Yanggang', 178020),
(2330, 'Kaesong', 'PRK', 'Kaesong-si', 171500),
(2331, 'Seoul', 'KOR', 'Seoul', 9981619),
(2332, 'Pusan', 'KOR', 'Pusan', 3804522),
(2333, 'Inchon', 'KOR', 'Inchon', 2559424),
(2334, 'Taegu', 'KOR', 'Taegu', 2548568),
(2335, 'Taejon', 'KOR', 'Taejon', 1425835),
(2336, 'Kwangju', 'KOR', 'Kwangju', 1368341),
(2337, 'Ulsan', 'KOR', 'Kyongsangnam', 1084891),
(2338, 'Songnam', 'KOR', 'Kyonggi', 869094),
(2339, 'Puchon', 'KOR', 'Kyonggi', 779412),
(2340, 'Suwon', 'KOR', 'Kyonggi', 755550),
(2341, 'Anyang', 'KOR', 'Kyonggi', 591106),
(2342, 'Chonju', 'KOR', 'Chollabuk', 563153),
(2343, 'Chongju', 'KOR', 'Chungchongbuk', 531376),
(2344, 'Koyang', 'KOR', 'Kyonggi', 518282),
(2345, 'Ansan', 'KOR', 'Kyonggi', 510314),
(2346, 'Pohang', 'KOR', 'Kyongsangbuk', 508899),
(2347, 'Chang-won', 'KOR', 'Kyongsangnam', 481694),
(2348, 'Masan', 'KOR', 'Kyongsangnam', 441242),
(2349, 'Kwangmyong', 'KOR', 'Kyonggi', 350914),
(2350, 'Chonan', 'KOR', 'Chungchongnam', 330259),
(2351, 'Chinju', 'KOR', 'Kyongsangnam', 329886),
(2352, 'Iksan', 'KOR', 'Chollabuk', 322685),
(2353, 'Pyongtaek', 'KOR', 'Kyonggi', 312927),
(2354, 'Kumi', 'KOR', 'Kyongsangbuk', 311431),
(2355, 'Uijongbu', 'KOR', 'Kyonggi', 276111),
(2356, 'Kyongju', 'KOR', 'Kyongsangbuk', 272968),
(2357, 'Kunsan', 'KOR', 'Chollabuk', 266569),
(2358, 'Cheju', 'KOR', 'Cheju', 258511),
(2359, 'Kimhae', 'KOR', 'Kyongsangnam', 256370),
(2360, 'Sunchon', 'KOR', 'Chollanam', 249263),
(2361, 'Mokpo', 'KOR', 'Chollanam', 247452),
(2362, 'Yong-in', 'KOR', 'Kyonggi', 242643),
(2363, 'Wonju', 'KOR', 'Kang-won', 237460),
(2364, 'Kunpo', 'KOR', 'Kyonggi', 235233),
(2365, 'Chunchon', 'KOR', 'Kang-won', 234528),
(2366, 'Namyangju', 'KOR', 'Kyonggi', 229060),
(2367, 'Kangnung', 'KOR', 'Kang-won', 220403),
(2368, 'Chungju', 'KOR', 'Chungchongbuk', 205206),
(2369, 'Andong', 'KOR', 'Kyongsangbuk', 188443),
(2370, 'Yosu', 'KOR', 'Chollanam', 183596),
(2371, 'Kyongsan', 'KOR', 'Kyongsangbuk', 173746),
(2372, 'Paju', 'KOR', 'Kyonggi', 163379),
(2373, 'Yangsan', 'KOR', 'Kyongsangnam', 163351),
(2374, 'Ichon', 'KOR', 'Kyonggi', 155332),
(2375, 'Asan', 'KOR', 'Chungchongnam', 154663),
(2376, 'Koje', 'KOR', 'Kyongsangnam', 147562),
(2377, 'Kimchon', 'KOR', 'Kyongsangbuk', 147027),
(2378, 'Nonsan', 'KOR', 'Chungchongnam', 146619),
(2379, 'Kuri', 'KOR', 'Kyonggi', 142173),
(2380, 'Chong-up', 'KOR', 'Chollabuk', 139111),
(2381, 'Chechon', 'KOR', 'Chungchongbuk', 137070),
(2382, 'Sosan', 'KOR', 'Chungchongnam', 134746),
(2383, 'Shihung', 'KOR', 'Kyonggi', 133443),
(2384, 'Tong-yong', 'KOR', 'Kyongsangnam', 131717),
(2385, 'Kongju', 'KOR', 'Chungchongnam', 131229),
(2386, 'Yongju', 'KOR', 'Kyongsangbuk', 131097),
(2387, 'Chinhae', 'KOR', 'Kyongsangnam', 125997),
(2388, 'Sangju', 'KOR', 'Kyongsangbuk', 124116),
(2389, 'Poryong', 'KOR', 'Chungchongnam', 122604),
(2390, 'Kwang-yang', 'KOR', 'Chollanam', 122052),
(2391, 'Miryang', 'KOR', 'Kyongsangnam', 121501),
(2392, 'Hanam', 'KOR', 'Kyonggi', 115812),
(2393, 'Kimje', 'KOR', 'Chollabuk', 115427),
(2394, 'Yongchon', 'KOR', 'Kyongsangbuk', 113511),
(2395, 'Sachon', 'KOR', 'Kyongsangnam', 113494),
(2396, 'Uiwang', 'KOR', 'Kyonggi', 108788),
(2397, 'Naju', 'KOR', 'Chollanam', 107831),
(2398, 'Namwon', 'KOR', 'Chollabuk', 103544),
(2399, 'Tonghae', 'KOR', 'Kang-won', 95472),
(2400, 'Mun-gyong', 'KOR', 'Kyongsangbuk', 92239),
(2401, 'Athenai', 'GRC', 'Attika', 772072),
(2402, 'Thessaloniki', 'GRC', 'Central Macedonia', 383967),
(2403, 'Pireus', 'GRC', 'Attika', 182671),
(2404, 'Patras', 'GRC', 'West Greece', 153344),
(2405, 'Peristerion', 'GRC', 'Attika', 137288),
(2406, 'Herakleion', 'GRC', 'Crete', 116178),
(2407, 'Kallithea', 'GRC', 'Attika', 114233),
(2408, 'Larisa', 'GRC', 'Thessalia', 113090),
(2409, 'Zagreb', 'HRV', 'Grad Zagreb', 706770),
(2410, 'Split', 'HRV', 'Split-Dalmatia', 189388),
(2411, 'Rijeka', 'HRV', 'Primorje-Gorski Kota', 167964),
(2412, 'Osijek', 'HRV', 'Osijek-Baranja', 104761),
(2413, 'La Habana', 'CUB', 'La Habana', 2256000),
(2414, 'Santiago de Cuba', 'CUB', 'Santiago de Cuba', 433180),
(2415, 'Camagüey', 'CUB', 'Camagüey', 298726),
(2416, 'Holguín', 'CUB', 'Holguín', 249492),
(2417, 'Santa Clara', 'CUB', 'Villa Clara', 207350),
(2418, 'Guantánamo', 'CUB', 'Guantánamo', 205078),
(2419, 'Pinar del Río', 'CUB', 'Pinar del Río', 142100),
(2420, 'Bayamo', 'CUB', 'Granma', 141000),
(2421, 'Cienfuegos', 'CUB', 'Cienfuegos', 132770),
(2422, 'Victoria de las Tunas', 'CUB', 'Las Tunas', 132350),
(2423, 'Matanzas', 'CUB', 'Matanzas', 123273),
(2424, 'Manzanillo', 'CUB', 'Granma', 109350),
(2425, 'Sancti-Spíritus', 'CUB', 'Sancti-Spíritus', 100751),
(2426, 'Ciego de Ávila', 'CUB', 'Ciego de Ávila', 98505),
(2427, 'al-Salimiya', 'KWT', 'Hawalli', 130215),
(2428, 'Jalib al-Shuyukh', 'KWT', 'Hawalli', 102178),
(2429, 'Kuwait', 'KWT', 'al-Asima', 28859),
(2430, 'Nicosia', 'CYP', 'Nicosia', 195000),
(2431, 'Limassol', 'CYP', 'Limassol', 154400),
(2432, 'Vientiane', 'LAO', 'Viangchan', 531800),
(2433, 'Savannakhet', 'LAO', 'Savannakhet', 96652),
(2434, 'Riga', 'LVA', 'Riika', 764328),
(2435, 'Daugavpils', 'LVA', 'Daugavpils', 114829),
(2436, 'Liepaja', 'LVA', 'Liepaja', 89439),
(2437, 'Maseru', 'LSO', 'Maseru', 297000),
(2438, 'Beirut', 'LBN', 'Beirut', 1100000),
(2439, 'Tripoli', 'LBN', 'al-Shamal', 240000),
(2440, 'Monrovia', 'LBR', 'Montserrado', 850000),
(2441, 'Tripoli', 'LBY', 'Tripoli', 1682000),
(2442, 'Bengasi', 'LBY', 'Bengasi', 804000),
(2443, 'Misrata', 'LBY', 'Misrata', 121669),
(2444, 'al-Zawiya', 'LBY', 'al-Zawiya', 89338),
(2445, 'Schaan', 'LIE', 'Schaan', 5346),
(2446, 'Vaduz', 'LIE', 'Vaduz', 5043),
(2447, 'Vilnius', 'LTU', 'Vilna', 577969),
(2448, 'Kaunas', 'LTU', 'Kaunas', 412639),
(2449, 'Klaipeda', 'LTU', 'Klaipeda', 202451),
(2450, 'Šiauliai', 'LTU', 'Šiauliai', 146563),
(2451, 'Panevezys', 'LTU', 'Panevezys', 133695),
(2452, 'Luxembourg [Luxemburg/Lëtzebuerg]', 'LUX', 'Luxembourg', 80700),
(2453, 'El-Aaiún', 'ESH', 'El-Aaiún', 169000),
(2454, 'Macao', 'MAC', 'Macau', 437500),
(2455, 'Antananarivo', 'MDG', 'Antananarivo', 675669),
(2456, 'Toamasina', 'MDG', 'Toamasina', 127441),
(2457, 'Antsirabé', 'MDG', 'Antananarivo', 120239),
(2458, 'Mahajanga', 'MDG', 'Mahajanga', 100807),
(2459, 'Fianarantsoa', 'MDG', 'Fianarantsoa', 99005),
(2460, 'Skopje', 'MKD', 'Skopje', 444299),
(2461, 'Blantyre', 'MWI', 'Blantyre', 478155),
(2462, 'Lilongwe', 'MWI', 'Lilongwe', 435964),
(2463, 'Male', 'MDV', 'Maale', 71000),
(2464, 'Kuala Lumpur', 'MYS', 'Wilayah Persekutuan', 1297526),
(2465, 'Ipoh', 'MYS', 'Perak', 382853),
(2466, 'Johor Baharu', 'MYS', 'Johor', 328436),
(2467, 'Petaling Jaya', 'MYS', 'Selangor', 254350),
(2468, 'Kelang', 'MYS', 'Selangor', 243355),
(2469, 'Kuala Terengganu', 'MYS', 'Terengganu', 228119),
(2470, 'Pinang', 'MYS', 'Pulau Pinang', 219603),
(2471, 'Kota Bharu', 'MYS', 'Kelantan', 219582),
(2472, 'Kuantan', 'MYS', 'Pahang', 199484),
(2473, 'Taiping', 'MYS', 'Perak', 183261),
(2474, 'Seremban', 'MYS', 'Negeri Sembilan', 182869),
(2475, 'Kuching', 'MYS', 'Sarawak', 148059),
(2476, 'Sibu', 'MYS', 'Sarawak', 126381),
(2477, 'Sandakan', 'MYS', 'Sabah', 125841),
(2478, 'Alor Setar', 'MYS', 'Kedah', 124412),
(2479, 'Selayang Baru', 'MYS', 'Selangor', 124228),
(2480, 'Sungai Petani', 'MYS', 'Kedah', 114763),
(2481, 'Shah Alam', 'MYS', 'Selangor', 102019),
(2482, 'Bamako', 'MLI', 'Bamako', 809552),
(2483, 'Birkirkara', 'MLT', 'Outer Harbour', 21445),
(2484, 'Valletta', 'MLT', 'Inner Harbour', 7073),
(2485, 'Casablanca', 'MAR', 'Casablanca', 2940623),
(2486, 'Rabat', 'MAR', 'Rabat-Salé-Zammour-Z', 623457),
(2487, 'Marrakech', 'MAR', 'Marrakech-Tensift-Al', 621914),
(2488, 'Fès', 'MAR', 'Fès-Boulemane', 541162),
(2489, 'Tanger', 'MAR', 'Tanger-Tétouan', 521735),
(2490, 'Salé', 'MAR', 'Rabat-Salé-Zammour-Z', 504420),
(2491, 'Meknès', 'MAR', 'Meknès-Tafilalet', 460000),
(2492, 'Oujda', 'MAR', 'Oriental', 365382),
(2493, 'Kénitra', 'MAR', 'Gharb-Chrarda-Béni H', 292600),
(2494, 'Tétouan', 'MAR', 'Tanger-Tétouan', 277516),
(2495, 'Safi', 'MAR', 'Doukkala-Abda', 262300),
(2496, 'Agadir', 'MAR', 'Souss Massa-Draâ', 155244),
(2497, 'Mohammedia', 'MAR', 'Casablanca', 154706),
(2498, 'Khouribga', 'MAR', 'Chaouia-Ouardigha', 152090),
(2499, 'Beni-Mellal', 'MAR', 'Tadla-Azilal', 140212),
(2500, 'Témara', 'MAR', 'Rabat-Salé-Zammour-Z', 126303),
(2501, 'El Jadida', 'MAR', 'Doukkala-Abda', 119083),
(2502, 'Nador', 'MAR', 'Oriental', 112450),
(2503, 'Ksar el Kebir', 'MAR', 'Tanger-Tétouan', 107065),
(2504, 'Settat', 'MAR', 'Chaouia-Ouardigha', 96200),
(2505, 'Taza', 'MAR', 'Taza-Al Hoceima-Taou', 92700),
(2506, 'El Araich', 'MAR', 'Tanger-Tétouan', 90400),
(2507, 'Dalap-Uliga-Darrit', 'MHL', 'Majuro', 28000),
(2508, 'Fort-de-France', 'MTQ', 'Fort-de-France', 94050),
(2509, 'Nouakchott', 'MRT', 'Nouakchott', 667300),
(2510, 'Nouâdhibou', 'MRT', 'Dakhlet Nouâdhibou', 97600),
(2511, 'Port-Louis', 'MUS', 'Port-Louis', 138200),
(2512, 'Beau Bassin-Rose Hill', 'MUS', 'Plaines Wilhelms', 100616),
(2513, 'Vacoas-Phoenix', 'MUS', 'Plaines Wilhelms', 98464),
(2514, 'Mamoutzou', 'MYT', 'Mamoutzou', 12000),
(2515, 'Ciudad de México', 'MEX', 'Distrito Federal', 8591309),
(2516, 'Guadalajara', 'MEX', 'Jalisco', 1647720),
(2517, 'Ecatepec de Morelos', 'MEX', 'México', 1620303),
(2518, 'Puebla', 'MEX', 'Puebla', 1346176),
(2519, 'Nezahualcóyotl', 'MEX', 'México', 1224924),
(2520, 'Juárez', 'MEX', 'Chihuahua', 1217818),
(2521, 'Tijuana', 'MEX', 'Baja California', 1212232),
(2522, 'León', 'MEX', 'Guanajuato', 1133576),
(2523, 'Monterrey', 'MEX', 'Nuevo León', 1108499),
(2524, 'Zapopan', 'MEX', 'Jalisco', 1002239),
(2525, 'Naucalpan de Juárez', 'MEX', 'México', 857511),
(2526, 'Mexicali', 'MEX', 'Baja California', 764902),
(2527, 'Culiacán', 'MEX', 'Sinaloa', 744859),
(2528, 'Acapulco de Juárez', 'MEX', 'Guerrero', 721011),
(2529, 'Tlalnepantla de Baz', 'MEX', 'México', 720755),
(2530, 'Mérida', 'MEX', 'Yucatán', 703324),
(2531, 'Chihuahua', 'MEX', 'Chihuahua', 670208),
(2532, 'San Luis Potosí', 'MEX', 'San Luis Potosí', 669353),
(2533, 'Guadalupe', 'MEX', 'Nuevo León', 668780),
(2534, 'Toluca', 'MEX', 'México', 665617),
(2535, 'Aguascalientes', 'MEX', 'Aguascalientes', 643360),
(2536, 'Querétaro', 'MEX', 'Querétaro de Arteaga', 639839),
(2537, 'Morelia', 'MEX', 'Michoacán de Ocampo', 619958),
(2538, 'Hermosillo', 'MEX', 'Sonora', 608697),
(2539, 'Saltillo', 'MEX', 'Coahuila de Zaragoza', 577352),
(2540, 'Torreón', 'MEX', 'Coahuila de Zaragoza', 529093),
(2541, 'Centro (Villahermosa)', 'MEX', 'Tabasco', 519873),
(2542, 'San Nicolás de los Garza', 'MEX', 'Nuevo León', 495540),
(2543, 'Durango', 'MEX', 'Durango', 490524),
(2544, 'Chimalhuacán', 'MEX', 'México', 490245),
(2545, 'Tlaquepaque', 'MEX', 'Jalisco', 475472),
(2546, 'Atizapán de Zaragoza', 'MEX', 'México', 467262),
(2547, 'Veracruz', 'MEX', 'Veracruz', 457119),
(2548, 'Cuautitlán Izcalli', 'MEX', 'México', 452976),
(2549, 'Irapuato', 'MEX', 'Guanajuato', 440039),
(2550, 'Tuxtla Gutiérrez', 'MEX', 'Chiapas', 433544),
(2551, 'Tultitlán', 'MEX', 'México', 432411),
(2552, 'Reynosa', 'MEX', 'Tamaulipas', 419776),
(2553, 'Benito Juárez', 'MEX', 'Quintana Roo', 419276),
(2554, 'Matamoros', 'MEX', 'Tamaulipas', 416428),
(2555, 'Xalapa', 'MEX', 'Veracruz', 390058),
(2556, 'Celaya', 'MEX', 'Guanajuato', 382140),
(2557, 'Mazatlán', 'MEX', 'Sinaloa', 380265),
(2558, 'Ensenada', 'MEX', 'Baja California', 369573),
(2559, 'Ahome', 'MEX', 'Sinaloa', 358663),
(2560, 'Cajeme', 'MEX', 'Sonora', 355679),
(2561, 'Cuernavaca', 'MEX', 'Morelos', 337966),
(2562, 'Tonalá', 'MEX', 'Jalisco', 336109),
(2563, 'Valle de Chalco Solidaridad', 'MEX', 'México', 323113),
(2564, 'Nuevo Laredo', 'MEX', 'Tamaulipas', 310277),
(2565, 'Tepic', 'MEX', 'Nayarit', 305025),
(2566, 'Tampico', 'MEX', 'Tamaulipas', 294789),
(2567, 'Ixtapaluca', 'MEX', 'México', 293160),
(2568, 'Apodaca', 'MEX', 'Nuevo León', 282941),
(2569, 'Guasave', 'MEX', 'Sinaloa', 277201),
(2570, 'Gómez Palacio', 'MEX', 'Durango', 272806),
(2571, 'Tapachula', 'MEX', 'Chiapas', 271141),
(2572, 'Nicolás Romero', 'MEX', 'México', 269393),
(2573, 'Coatzacoalcos', 'MEX', 'Veracruz', 267037),
(2574, 'Uruapan', 'MEX', 'Michoacán de Ocampo', 265211),
(2575, 'Victoria', 'MEX', 'Tamaulipas', 262686),
(2576, 'Oaxaca de Juárez', 'MEX', 'Oaxaca', 256848),
(2577, 'Coacalco de Berriozábal', 'MEX', 'México', 252270),
(2578, 'Pachuca de Soto', 'MEX', 'Hidalgo', 244688),
(2579, 'General Escobedo', 'MEX', 'Nuevo León', 232961),
(2580, 'Salamanca', 'MEX', 'Guanajuato', 226864),
(2581, 'Santa Catarina', 'MEX', 'Nuevo León', 226573),
(2582, 'Tehuacán', 'MEX', 'Puebla', 225943),
(2583, 'Chalco', 'MEX', 'México', 222201),
(2584, 'Cárdenas', 'MEX', 'Tabasco', 216903),
(2585, 'Campeche', 'MEX', 'Campeche', 216735),
(2586, 'La Paz', 'MEX', 'México', 213045),
(2587, 'Othón P. Blanco (Chetumal)', 'MEX', 'Quintana Roo', 208014),
(2588, 'Texcoco', 'MEX', 'México', 203681),
(2589, 'La Paz', 'MEX', 'Baja California Sur', 196708),
(2590, 'Metepec', 'MEX', 'México', 194265),
(2591, 'Monclova', 'MEX', 'Coahuila de Zaragoza', 193657),
(2592, 'Huixquilucan', 'MEX', 'México', 193156),
(2593, 'Chilpancingo de los Bravo', 'MEX', 'Guerrero', 192509),
(2594, 'Puerto Vallarta', 'MEX', 'Jalisco', 183741),
(2595, 'Fresnillo', 'MEX', 'Zacatecas', 182744),
(2596, 'Ciudad Madero', 'MEX', 'Tamaulipas', 182012),
(2597, 'Soledad de Graciano Sánchez', 'MEX', 'San Luis Potosí', 179956),
(2598, 'San Juan del Río', 'MEX', 'Querétaro', 179300),
(2599, 'San Felipe del Progreso', 'MEX', 'México', 177330),
(2600, 'Córdoba', 'MEX', 'Veracruz', 176952),
(2601, 'Tecámac', 'MEX', 'México', 172410),
(2602, 'Ocosingo', 'MEX', 'Chiapas', 171495),
(2603, 'Carmen', 'MEX', 'Campeche', 171367),
(2604, 'Lázaro Cárdenas', 'MEX', 'Michoacán de Ocampo', 170878),
(2605, 'Jiutepec', 'MEX', 'Morelos', 170428),
(2606, 'Papantla', 'MEX', 'Veracruz', 170123),
(2607, 'Comalcalco', 'MEX', 'Tabasco', 164640),
(2608, 'Zamora', 'MEX', 'Michoacán de Ocampo', 161191),
(2609, 'Nogales', 'MEX', 'Sonora', 159103),
(2610, 'Huimanguillo', 'MEX', 'Tabasco', 158335),
(2611, 'Cuautla', 'MEX', 'Morelos', 153132),
(2612, 'Minatitlán', 'MEX', 'Veracruz', 152983),
(2613, 'Poza Rica de Hidalgo', 'MEX', 'Veracruz', 152678),
(2614, 'Ciudad Valles', 'MEX', 'San Luis Potosí', 146411),
(2615, 'Navolato', 'MEX', 'Sinaloa', 145396),
(2616, 'San Luis Río Colorado', 'MEX', 'Sonora', 145276),
(2617, 'Pénjamo', 'MEX', 'Guanajuato', 143927),
(2618, 'San Andrés Tuxtla', 'MEX', 'Veracruz', 142251),
(2619, 'Guanajuato', 'MEX', 'Guanajuato', 141215),
(2620, 'Navojoa', 'MEX', 'Sonora', 140495),
(2621, 'Zitácuaro', 'MEX', 'Michoacán de Ocampo', 137970),
(2622, 'Boca del Río', 'MEX', 'Veracruz-Llave', 135721),
(2623, 'Allende', 'MEX', 'Guanajuato', 134645),
(2624, 'Silao', 'MEX', 'Guanajuato', 134037),
(2625, 'Macuspana', 'MEX', 'Tabasco', 133795),
(2626, 'San Juan Bautista Tuxtepec', 'MEX', 'Oaxaca', 133675),
(2627, 'San Cristóbal de las Casas', 'MEX', 'Chiapas', 132317),
(2628, 'Valle de Santiago', 'MEX', 'Guanajuato', 130557),
(2629, 'Guaymas', 'MEX', 'Sonora', 130108),
(2630, 'Colima', 'MEX', 'Colima', 129454),
(2631, 'Dolores Hidalgo', 'MEX', 'Guanajuato', 128675),
(2632, 'Lagos de Moreno', 'MEX', 'Jalisco', 127949),
(2633, 'Piedras Negras', 'MEX', 'Coahuila de Zaragoza', 127898),
(2634, 'Altamira', 'MEX', 'Tamaulipas', 127490),
(2635, 'Túxpam', 'MEX', 'Veracruz', 126475),
(2636, 'San Pedro Garza García', 'MEX', 'Nuevo León', 126147),
(2637, 'Cuauhtémoc', 'MEX', 'Chihuahua', 124279),
(2638, 'Manzanillo', 'MEX', 'Colima', 124014),
(2639, 'Iguala de la Independencia', 'MEX', 'Guerrero', 123883),
(2640, 'Zacatecas', 'MEX', 'Zacatecas', 123700),
(2641, 'Tlajomulco de Zúñiga', 'MEX', 'Jalisco', 123220),
(2642, 'Tulancingo de Bravo', 'MEX', 'Hidalgo', 121946),
(2643, 'Zinacantepec', 'MEX', 'México', 121715),
(2644, 'San Martín Texmelucan', 'MEX', 'Puebla', 121093),
(2645, 'Tepatitlán de Morelos', 'MEX', 'Jalisco', 118948),
(2646, 'Martínez de la Torre', 'MEX', 'Veracruz', 118815),
(2647, 'Orizaba', 'MEX', 'Veracruz', 118488),
(2648, 'Apatzingán', 'MEX', 'Michoacán de Ocampo', 117849),
(2649, 'Atlixco', 'MEX', 'Puebla', 117019),
(2650, 'Delicias', 'MEX', 'Chihuahua', 116132),
(2651, 'Ixtlahuaca', 'MEX', 'México', 115548),
(2652, 'El Mante', 'MEX', 'Tamaulipas', 112453),
(2653, 'Lerdo', 'MEX', 'Durango', 112272),
(2654, 'Almoloya de Juárez', 'MEX', 'México', 110550),
(2655, 'Acámbaro', 'MEX', 'Guanajuato', 110487),
(2656, 'Acuña', 'MEX', 'Coahuila de Zaragoza', 110388),
(2657, 'Guadalupe', 'MEX', 'Zacatecas', 108881),
(2658, 'Huejutla de Reyes', 'MEX', 'Hidalgo', 108017),
(2659, 'Hidalgo', 'MEX', 'Michoacán de Ocampo', 106198),
(2660, 'Los Cabos', 'MEX', 'Baja California Sur', 105199),
(2661, 'Comitán de Domínguez', 'MEX', 'Chiapas', 104986),
(2662, 'Cunduacán', 'MEX', 'Tabasco', 104164),
(2663, 'Río Bravo', 'MEX', 'Tamaulipas', 103901),
(2664, 'Temapache', 'MEX', 'Veracruz', 102824),
(2665, 'Chilapa de Alvarez', 'MEX', 'Guerrero', 102716),
(2666, 'Hidalgo del Parral', 'MEX', 'Chihuahua', 100881),
(2667, 'San Francisco del Rincón', 'MEX', 'Guanajuato', 100149),
(2668, 'Taxco de Alarcón', 'MEX', 'Guerrero', 99907),
(2669, 'Zumpango', 'MEX', 'México', 99781),
(2670, 'San Pedro Cholula', 'MEX', 'Puebla', 99734),
(2671, 'Lerma', 'MEX', 'México', 99714),
(2672, 'Tecomán', 'MEX', 'Colima', 99296),
(2673, 'Las Margaritas', 'MEX', 'Chiapas', 97389),
(2674, 'Cosoleacaque', 'MEX', 'Veracruz', 97199),
(2675, 'San Luis de la Paz', 'MEX', 'Guanajuato', 96763),
(2676, 'José Azueta', 'MEX', 'Guerrero', 95448),
(2677, 'Santiago Ixcuintla', 'MEX', 'Nayarit', 95311),
(2678, 'San Felipe', 'MEX', 'Guanajuato', 95305),
(2679, 'Tejupilco', 'MEX', 'México', 94934),
(2680, 'Tantoyuca', 'MEX', 'Veracruz', 94709),
(2681, 'Salvatierra', 'MEX', 'Guanajuato', 94322),
(2682, 'Tultepec', 'MEX', 'México', 93364),
(2683, 'Temixco', 'MEX', 'Morelos', 92686),
(2684, 'Matamoros', 'MEX', 'Coahuila de Zaragoza', 91858),
(2685, 'Pánuco', 'MEX', 'Veracruz', 90551),
(2686, 'El Fuerte', 'MEX', 'Sinaloa', 89556),
(2687, 'Tierra Blanca', 'MEX', 'Veracruz', 89143),
(2688, 'Weno', 'FSM', 'Chuuk', 22000),
(2689, 'Palikir', 'FSM', 'Pohnpei', 8600),
(2690, 'Chisinau', 'MDA', 'Chisinau', 719900),
(2691, 'Tiraspol', 'MDA', 'Dnjestria', 194300),
(2692, 'Balti', 'MDA', 'Balti', 153400),
(2693, 'Bender (Tîghina)', 'MDA', 'Bender (Tîghina)', 125700),
(2694, 'Monte-Carlo', 'MCO', '–', 13154),
(2695, 'Monaco-Ville', 'MCO', '–', 1234),
(2696, 'Ulan Bator', 'MNG', 'Ulaanbaatar', 773700),
(2697, 'Plymouth', 'MSR', 'Plymouth', 2000),
(2698, 'Maputo', 'MOZ', 'Maputo', 1018938),
(2699, 'Matola', 'MOZ', 'Maputo', 424662),
(2700, 'Beira', 'MOZ', 'Sofala', 397368),
(2701, 'Nampula', 'MOZ', 'Nampula', 303346),
(2702, 'Chimoio', 'MOZ', 'Manica', 171056),
(2703, 'Naçala-Porto', 'MOZ', 'Nampula', 158248),
(2704, 'Quelimane', 'MOZ', 'Zambézia', 150116),
(2705, 'Mocuba', 'MOZ', 'Zambézia', 124700),
(2706, 'Tete', 'MOZ', 'Tete', 101984),
(2707, 'Xai-Xai', 'MOZ', 'Gaza', 99442),
(2708, 'Gurue', 'MOZ', 'Zambézia', 99300),
(2709, 'Maxixe', 'MOZ', 'Inhambane', 93985),
(2710, 'Rangoon (Yangon)', 'MMR', 'Rangoon [Yangon]', 3361700),
(2711, 'Mandalay', 'MMR', 'Mandalay', 885300),
(2712, 'Moulmein (Mawlamyine)', 'MMR', 'Mon', 307900),
(2713, 'Pegu (Bago)', 'MMR', 'Pegu [Bago]', 190900),
(2714, 'Bassein (Pathein)', 'MMR', 'Irrawaddy [Ayeyarwad', 183900),
(2715, 'Monywa', 'MMR', 'Sagaing', 138600),
(2716, 'Sittwe (Akyab)', 'MMR', 'Rakhine', 137600),
(2717, 'Taunggyi (Taunggye)', 'MMR', 'Shan', 131500),
(2718, 'Meikhtila', 'MMR', 'Mandalay', 129700),
(2719, 'Mergui (Myeik)', 'MMR', 'Tenasserim [Tanintha', 122700),
(2720, 'Lashio (Lasho)', 'MMR', 'Shan', 107600),
(2721, 'Prome (Pyay)', 'MMR', 'Pegu [Bago]', 105700),
(2722, 'Henzada (Hinthada)', 'MMR', 'Irrawaddy [Ayeyarwad', 104700),
(2723, 'Myingyan', 'MMR', 'Mandalay', 103600),
(2724, 'Tavoy (Dawei)', 'MMR', 'Tenasserim [Tanintha', 96800),
(2725, 'Pagakku (Pakokku)', 'MMR', 'Magwe [Magway]', 94800),
(2726, 'Windhoek', 'NAM', 'Khomas', 169000),
(2727, 'Yangor', 'NRU', '–', 4050),
(2728, 'Yaren', 'NRU', '–', 559),
(2729, 'Kathmandu', 'NPL', 'Central', 591835),
(2730, 'Biratnagar', 'NPL', 'Eastern', 157764),
(2731, 'Pokhara', 'NPL', 'Western', 146318),
(2732, 'Lalitapur', 'NPL', 'Central', 145847),
(2733, 'Birgunj', 'NPL', 'Central', 90639),
(2734, 'Managua', 'NIC', 'Managua', 959000),
(2735, 'León', 'NIC', 'León', 123865),
(2736, 'Chinandega', 'NIC', 'Chinandega', 97387),
(2737, 'Masaya', 'NIC', 'Masaya', 88971),
(2738, 'Niamey', 'NER', 'Niamey', 420000),
(2739, 'Zinder', 'NER', 'Zinder', 120892),
(2740, 'Maradi', 'NER', 'Maradi', 112965),
(2741, 'Lagos', 'NGA', 'Lagos', 1518000),
(2742, 'Ibadan', 'NGA', 'Oyo & Osun', 1432000),
(2743, 'Ogbomosho', 'NGA', 'Oyo & Osun', 730000),
(2744, 'Kano', 'NGA', 'Kano & Jigawa', 674100),
(2745, 'Oshogbo', 'NGA', 'Oyo & Osun', 476800),
(2746, 'Ilorin', 'NGA', 'Kwara & Kogi', 475800),
(2747, 'Abeokuta', 'NGA', 'Ogun', 427400),
(2748, 'Port Harcourt', 'NGA', 'Rivers & Bayelsa', 410000),
(2749, 'Zaria', 'NGA', 'Kaduna', 379200),
(2750, 'Ilesha', 'NGA', 'Oyo & Osun', 378400),
(2751, 'Onitsha', 'NGA', 'Anambra & Enugu & Eb', 371900),
(2752, 'Iwo', 'NGA', 'Oyo & Osun', 362000),
(2753, 'Ado-Ekiti', 'NGA', 'Ondo & Ekiti', 359400),
(2754, 'Abuja', 'NGA', 'Federal Capital Dist', 350100),
(2755, 'Kaduna', 'NGA', 'Kaduna', 342200),
(2756, 'Mushin', 'NGA', 'Lagos', 333200),
(2757, 'Maiduguri', 'NGA', 'Borno & Yobe', 320000),
(2758, 'Enugu', 'NGA', 'Anambra & Enugu & Eb', 316100),
(2759, 'Ede', 'NGA', 'Oyo & Osun', 307100),
(2760, 'Aba', 'NGA', 'Imo & Abia', 298900),
(2761, 'Ife', 'NGA', 'Oyo & Osun', 296800),
(2762, 'Ila', 'NGA', 'Oyo & Osun', 264000),
(2763, 'Oyo', 'NGA', 'Oyo & Osun', 256400),
(2764, 'Ikerre', 'NGA', 'Ondo & Ekiti', 244600),
(2765, 'Benin City', 'NGA', 'Edo & Delta', 229400),
(2766, 'Iseyin', 'NGA', 'Oyo & Osun', 217300),
(2767, 'Katsina', 'NGA', 'Katsina', 206500),
(2768, 'Jos', 'NGA', 'Plateau & Nassarawa', 206300),
(2769, 'Sokoto', 'NGA', 'Sokoto & Kebbi & Zam', 204900),
(2770, 'Ilobu', 'NGA', 'Oyo & Osun', 199000),
(2771, 'Offa', 'NGA', 'Kwara & Kogi', 197200),
(2772, 'Ikorodu', 'NGA', 'Lagos', 184900),
(2773, 'Ilawe-Ekiti', 'NGA', 'Ondo & Ekiti', 184500),
(2774, 'Owo', 'NGA', 'Ondo & Ekiti', 183500),
(2775, 'Ikirun', 'NGA', 'Oyo & Osun', 181400),
(2776, 'Shaki', 'NGA', 'Oyo & Osun', 174500),
(2777, 'Calabar', 'NGA', 'Cross River', 174400),
(2778, 'Ondo', 'NGA', 'Ondo & Ekiti', 173600),
(2779, 'Akure', 'NGA', 'Ondo & Ekiti', 162300),
(2780, 'Gusau', 'NGA', 'Sokoto & Kebbi & Zam', 158000),
(2781, 'Ijebu-Ode', 'NGA', 'Ogun', 156400),
(2782, 'Effon-Alaiye', 'NGA', 'Oyo & Osun', 153100),
(2783, 'Kumo', 'NGA', 'Bauchi & Gombe', 148000),
(2784, 'Shomolu', 'NGA', 'Lagos', 147700),
(2785, 'Oka-Akoko', 'NGA', 'Ondo & Ekiti', 142900),
(2786, 'Ikare', 'NGA', 'Ondo & Ekiti', 140800),
(2787, 'Sapele', 'NGA', 'Edo & Delta', 139200),
(2788, 'Deba Habe', 'NGA', 'Bauchi & Gombe', 138600),
(2789, 'Minna', 'NGA', 'Niger', 136900),
(2790, 'Warri', 'NGA', 'Edo & Delta', 126100),
(2791, 'Bida', 'NGA', 'Niger', 125500),
(2792, 'Ikire', 'NGA', 'Oyo & Osun', 123300),
(2793, 'Makurdi', 'NGA', 'Benue', 123100),
(2794, 'Lafia', 'NGA', 'Plateau & Nassarawa', 122500),
(2795, 'Inisa', 'NGA', 'Oyo & Osun', 119800),
(2796, 'Shagamu', 'NGA', 'Ogun', 117200),
(2797, 'Awka', 'NGA', 'Anambra & Enugu & Eb', 111200),
(2798, 'Gombe', 'NGA', 'Bauchi & Gombe', 107800),
(2799, 'Igboho', 'NGA', 'Oyo & Osun', 106800),
(2800, 'Ejigbo', 'NGA', 'Oyo & Osun', 105900),
(2801, 'Agege', 'NGA', 'Lagos', 105000),
(2802, 'Ise-Ekiti', 'NGA', 'Ondo & Ekiti', 103400),
(2803, 'Ugep', 'NGA', 'Cross River', 102600),
(2804, 'Epe', 'NGA', 'Lagos', 101000),
(2805, 'Alofi', 'NIU', '–', 682),
(2806, 'Kingston', 'NFK', '–', 800),
(2807, 'Oslo', 'NOR', 'Oslo', 508726),
(2808, 'Bergen', 'NOR', 'Hordaland', 230948),
(2809, 'Trondheim', 'NOR', 'Sør-Trøndelag', 150166),
(2810, 'Stavanger', 'NOR', 'Rogaland', 108848),
(2811, 'Bærum', 'NOR', 'Akershus', 101340),
(2812, 'Abidjan', 'CIV', 'Abidjan', 2500000),
(2813, 'Bouaké', 'CIV', 'Bouaké', 329850),
(2814, 'Yamoussoukro', 'CIV', 'Yamoussoukro', 130000),
(2815, 'Daloa', 'CIV', 'Daloa', 121842),
(2816, 'Korhogo', 'CIV', 'Korhogo', 109445),
(2817, 'al-Sib', 'OMN', 'Masqat', 155000),
(2818, 'Salala', 'OMN', 'Zufar', 131813),
(2819, 'Bawshar', 'OMN', 'Masqat', 107500),
(2820, 'Suhar', 'OMN', 'al-Batina', 90814),
(2821, 'Masqat', 'OMN', 'Masqat', 51969),
(2822, 'Karachi', 'PAK', 'Sindh', 9269265),
(2823, 'Lahore', 'PAK', 'Punjab', 5063499),
(2824, 'Faisalabad', 'PAK', 'Punjab', 1977246),
(2825, 'Rawalpindi', 'PAK', 'Punjab', 1406214),
(2826, 'Multan', 'PAK', 'Punjab', 1182441),
(2827, 'Hyderabad', 'PAK', 'Sindh', 1151274),
(2828, 'Gujranwala', 'PAK', 'Punjab', 1124749),
(2829, 'Peshawar', 'PAK', 'Nothwest Border Prov', 988005),
(2830, 'Quetta', 'PAK', 'Baluchistan', 560307),
(2831, 'Islamabad', 'PAK', 'Islamabad', 524500),
(2832, 'Sargodha', 'PAK', 'Punjab', 455360),
(2833, 'Sialkot', 'PAK', 'Punjab', 417597),
(2834, 'Bahawalpur', 'PAK', 'Punjab', 403408),
(2835, 'Sukkur', 'PAK', 'Sindh', 329176),
(2836, 'Jhang', 'PAK', 'Punjab', 292214),
(2837, 'Sheikhupura', 'PAK', 'Punjab', 271875),
(2838, 'Larkana', 'PAK', 'Sindh', 270366),
(2839, 'Gujrat', 'PAK', 'Punjab', 250121),
(2840, 'Mardan', 'PAK', 'Nothwest Border Prov', 244511),
(2841, 'Kasur', 'PAK', 'Punjab', 241649),
(2842, 'Rahim Yar Khan', 'PAK', 'Punjab', 228479),
(2843, 'Sahiwal', 'PAK', 'Punjab', 207388),
(2844, 'Okara', 'PAK', 'Punjab', 200901),
(2845, 'Wah', 'PAK', 'Punjab', 198400),
(2846, 'Dera Ghazi Khan', 'PAK', 'Punjab', 188100),
(2847, 'Mirpur Khas', 'PAK', 'Sind', 184500),
(2848, 'Nawabshah', 'PAK', 'Sind', 183100),
(2849, 'Mingora', 'PAK', 'Nothwest Border Prov', 174500),
(2850, 'Chiniot', 'PAK', 'Punjab', 169300),
(2851, 'Kamoke', 'PAK', 'Punjab', 151000),
(2852, 'Mandi Burewala', 'PAK', 'Punjab', 149900),
(2853, 'Jhelum', 'PAK', 'Punjab', 145800),
(2854, 'Sadiqabad', 'PAK', 'Punjab', 141500),
(2855, 'Jacobabad', 'PAK', 'Sind', 137700),
(2856, 'Shikarpur', 'PAK', 'Sind', 133300),
(2857, 'Khanewal', 'PAK', 'Punjab', 133000),
(2858, 'Hafizabad', 'PAK', 'Punjab', 130200),
(2859, 'Kohat', 'PAK', 'Nothwest Border Prov', 125300),
(2860, 'Muzaffargarh', 'PAK', 'Punjab', 121600),
(2861, 'Khanpur', 'PAK', 'Punjab', 117800),
(2862, 'Gojra', 'PAK', 'Punjab', 115000),
(2863, 'Bahawalnagar', 'PAK', 'Punjab', 109600),
(2864, 'Muridke', 'PAK', 'Punjab', 108600),
(2865, 'Pak Pattan', 'PAK', 'Punjab', 107800),
(2866, 'Abottabad', 'PAK', 'Nothwest Border Prov', 106000),
(2867, 'Tando Adam', 'PAK', 'Sind', 103400),
(2868, 'Jaranwala', 'PAK', 'Punjab', 103300),
(2869, 'Khairpur', 'PAK', 'Sind', 102200),
(2870, 'Chishtian Mandi', 'PAK', 'Punjab', 101700),
(2871, 'Daska', 'PAK', 'Punjab', 101500),
(2872, 'Dadu', 'PAK', 'Sind', 98600),
(2873, 'Mandi Bahauddin', 'PAK', 'Punjab', 97300),
(2874, 'Ahmadpur East', 'PAK', 'Punjab', 96000),
(2875, 'Kamalia', 'PAK', 'Punjab', 95300),
(2876, 'Khuzdar', 'PAK', 'Baluchistan', 93100),
(2877, 'Vihari', 'PAK', 'Punjab', 92300),
(2878, 'Dera Ismail Khan', 'PAK', 'Nothwest Border Prov', 90400),
(2879, 'Wazirabad', 'PAK', 'Punjab', 89700),
(2880, 'Nowshera', 'PAK', 'Nothwest Border Prov', 89400),
(2881, 'Koror', 'PLW', 'Koror', 12000),
(2882, 'Ciudad de Panamá', 'PAN', 'Panamá', 471373),
(2883, 'San Miguelito', 'PAN', 'San Miguelito', 315382),
(2884, 'Port Moresby', 'PNG', 'National Capital Dis', 247000),
(2885, 'Asunción', 'PRY', 'Asunción', 557776),
(2886, 'Ciudad del Este', 'PRY', 'Alto Paraná', 133881),
(2887, 'San Lorenzo', 'PRY', 'Central', 133395),
(2888, 'Lambaré', 'PRY', 'Central', 99681),
(2889, 'Fernando de la Mora', 'PRY', 'Central', 95287),
(2890, 'Lima', 'PER', 'Lima', 6464693),
(2891, 'Arequipa', 'PER', 'Arequipa', 762000),
(2892, 'Trujillo', 'PER', 'La Libertad', 652000),
(2893, 'Chiclayo', 'PER', 'Lambayeque', 517000),
(2894, 'Callao', 'PER', 'Callao', 424294),
(2895, 'Iquitos', 'PER', 'Loreto', 367000),
(2896, 'Chimbote', 'PER', 'Ancash', 336000),
(2897, 'Huancayo', 'PER', 'Junín', 327000),
(2898, 'Piura', 'PER', 'Piura', 325000),
(2899, 'Cusco', 'PER', 'Cusco', 291000),
(2900, 'Pucallpa', 'PER', 'Ucayali', 220866),
(2901, 'Tacna', 'PER', 'Tacna', 215683),
(2902, 'Ica', 'PER', 'Ica', 194820),
(2903, 'Sullana', 'PER', 'Piura', 147361),
(2904, 'Juliaca', 'PER', 'Puno', 142576),
(2905, 'Huánuco', 'PER', 'Huanuco', 129688),
(2906, 'Ayacucho', 'PER', 'Ayacucho', 118960),
(2907, 'Chincha Alta', 'PER', 'Ica', 110016),
(2908, 'Cajamarca', 'PER', 'Cajamarca', 108009),
(2909, 'Puno', 'PER', 'Puno', 101578),
(2910, 'Ventanilla', 'PER', 'Callao', 101056),
(2911, 'Castilla', 'PER', 'Piura', 90642),
(2912, 'Adamstown', 'PCN', '–', 42),
(2913, 'Garapan', 'MNP', 'Saipan', 9200),
(2914, 'Lisboa', 'PRT', 'Lisboa', 563210),
(2915, 'Porto', 'PRT', 'Porto', 273060),
(2916, 'Amadora', 'PRT', 'Lisboa', 122106),
(2917, 'Coímbra', 'PRT', 'Coímbra', 96100),
(2918, 'Braga', 'PRT', 'Braga', 90535),
(2919, 'San Juan', 'PRI', 'San Juan', 434374),
(2920, 'Bayamón', 'PRI', 'Bayamón', 224044),
(2921, 'Ponce', 'PRI', 'Ponce', 186475),
(2922, 'Carolina', 'PRI', 'Carolina', 186076),
(2923, 'Caguas', 'PRI', 'Caguas', 140502),
(2924, 'Arecibo', 'PRI', 'Arecibo', 100131),
(2925, 'Guaynabo', 'PRI', 'Guaynabo', 100053),
(2926, 'Mayagüez', 'PRI', 'Mayagüez', 98434),
(2927, 'Toa Baja', 'PRI', 'Toa Baja', 94085),
(2928, 'Warszawa', 'POL', 'Mazowieckie', 1615369),
(2929, 'Lódz', 'POL', 'Lodzkie', 800110),
(2930, 'Kraków', 'POL', 'Malopolskie', 738150),
(2931, 'Wroclaw', 'POL', 'Dolnoslaskie', 636765),
(2932, 'Poznan', 'POL', 'Wielkopolskie', 576899),
(2933, 'Gdansk', 'POL', 'Pomorskie', 458988),
(2934, 'Szczecin', 'POL', 'Zachodnio-Pomorskie', 416988),
(2935, 'Bydgoszcz', 'POL', 'Kujawsko-Pomorskie', 386855),
(2936, 'Lublin', 'POL', 'Lubelskie', 356251),
(2937, 'Katowice', 'POL', 'Slaskie', 345934),
(2938, 'Bialystok', 'POL', 'Podlaskie', 283937),
(2939, 'Czestochowa', 'POL', 'Slaskie', 257812),
(2940, 'Gdynia', 'POL', 'Pomorskie', 253521),
(2941, 'Sosnowiec', 'POL', 'Slaskie', 244102),
(2942, 'Radom', 'POL', 'Mazowieckie', 232262),
(2943, 'Kielce', 'POL', 'Swietokrzyskie', 212383),
(2944, 'Gliwice', 'POL', 'Slaskie', 212164),
(2945, 'Torun', 'POL', 'Kujawsko-Pomorskie', 206158),
(2946, 'Bytom', 'POL', 'Slaskie', 205560),
(2947, 'Zabrze', 'POL', 'Slaskie', 200177),
(2948, 'Bielsko-Biala', 'POL', 'Slaskie', 180307),
(2949, 'Olsztyn', 'POL', 'Warminsko-Mazurskie', 170904),
(2950, 'Rzeszów', 'POL', 'Podkarpackie', 162049),
(2951, 'Ruda Slaska', 'POL', 'Slaskie', 159665),
(2952, 'Rybnik', 'POL', 'Slaskie', 144582),
(2953, 'Walbrzych', 'POL', 'Dolnoslaskie', 136923),
(2954, 'Tychy', 'POL', 'Slaskie', 133178),
(2955, 'Dabrowa Górnicza', 'POL', 'Slaskie', 131037),
(2956, 'Plock', 'POL', 'Mazowieckie', 131011),
(2957, 'Elblag', 'POL', 'Warminsko-Mazurskie', 129782),
(2958, 'Opole', 'POL', 'Opolskie', 129553),
(2959, 'Gorzów Wielkopolski', 'POL', 'Lubuskie', 126019),
(2960, 'Wloclawek', 'POL', 'Kujawsko-Pomorskie', 123373),
(2961, 'Chorzów', 'POL', 'Slaskie', 121708),
(2962, 'Tarnów', 'POL', 'Malopolskie', 121494),
(2963, 'Zielona Góra', 'POL', 'Lubuskie', 118182),
(2964, 'Koszalin', 'POL', 'Zachodnio-Pomorskie', 112375),
(2965, 'Legnica', 'POL', 'Dolnoslaskie', 109335),
(2966, 'Kalisz', 'POL', 'Wielkopolskie', 106641),
(2967, 'Grudziadz', 'POL', 'Kujawsko-Pomorskie', 102434),
(2968, 'Slupsk', 'POL', 'Pomorskie', 102370),
(2969, 'Jastrzebie-Zdrój', 'POL', 'Slaskie', 102294),
(2970, 'Jaworzno', 'POL', 'Slaskie', 97929),
(2971, 'Jelenia Góra', 'POL', 'Dolnoslaskie', 93901),
(2972, 'Malabo', 'GNQ', 'Bioko', 40000),
(2973, 'Doha', 'QAT', 'Doha', 355000),
(2974, 'Paris', 'FRA', 'Île-de-France', 2125246),
(2975, 'Marseille', 'FRA', 'Provence-Alpes-Côte', 798430),
(2976, 'Lyon', 'FRA', 'Rhône-Alpes', 445452),
(2977, 'Toulouse', 'FRA', 'Midi-Pyrénées', 390350),
(2978, 'Nice', 'FRA', 'Provence-Alpes-Côte', 342738),
(2979, 'Nantes', 'FRA', 'Pays de la Loire', 270251),
(2980, 'Strasbourg', 'FRA', 'Alsace', 264115),
(2981, 'Montpellier', 'FRA', 'Languedoc-Roussillon', 225392),
(2982, 'Bordeaux', 'FRA', 'Aquitaine', 215363),
(2983, 'Rennes', 'FRA', 'Haute-Normandie', 206229),
(2984, 'Le Havre', 'FRA', 'Champagne-Ardenne', 190905),
(2985, 'Reims', 'FRA', 'Nord-Pas-de-Calais', 187206),
(2986, 'Lille', 'FRA', 'Rhône-Alpes', 184657),
(2987, 'St-Étienne', 'FRA', 'Bretagne', 180210),
(2988, 'Toulon', 'FRA', 'Provence-Alpes-Côte', 160639),
(2989, 'Grenoble', 'FRA', 'Rhône-Alpes', 153317),
(2990, 'Angers', 'FRA', 'Pays de la Loire', 151279),
(2991, 'Dijon', 'FRA', 'Bourgogne', 149867),
(2992, 'Brest', 'FRA', 'Bretagne', 149634),
(2993, 'Le Mans', 'FRA', 'Pays de la Loire', 146105),
(2994, 'Clermont-Ferrand', 'FRA', 'Auvergne', 137140),
(2995, 'Amiens', 'FRA', 'Picardie', 135501),
(2996, 'Aix-en-Provence', 'FRA', 'Provence-Alpes-Côte', 134222),
(2997, 'Limoges', 'FRA', 'Limousin', 133968),
(2998, 'Nîmes', 'FRA', 'Languedoc-Roussillon', 133424),
(2999, 'Tours', 'FRA', 'Centre', 132820),
(3000, 'Villeurbanne', 'FRA', 'Rhône-Alpes', 124215),
(3001, 'Metz', 'FRA', 'Lorraine', 123776),
(3002, 'Besançon', 'FRA', 'Franche-Comté', 117733),
(3003, 'Caen', 'FRA', 'Basse-Normandie', 113987),
(3004, 'Orléans', 'FRA', 'Centre', 113126),
(3005, 'Mulhouse', 'FRA', 'Alsace', 110359),
(3006, 'Rouen', 'FRA', 'Haute-Normandie', 106592),
(3007, 'Boulogne-Billancourt', 'FRA', 'Île-de-France', 106367),
(3008, 'Perpignan', 'FRA', 'Languedoc-Roussillon', 105115),
(3009, 'Nancy', 'FRA', 'Lorraine', 103605),
(3010, 'Roubaix', 'FRA', 'Nord-Pas-de-Calais', 96984),
(3011, 'Argenteuil', 'FRA', 'Île-de-France', 93961),
(3012, 'Tourcoing', 'FRA', 'Nord-Pas-de-Calais', 93540),
(3013, 'Montreuil', 'FRA', 'Île-de-France', 90674),
(3014, 'Cayenne', 'GUF', 'Cayenne', 50699),
(3015, 'Faaa', 'PYF', 'Tahiti', 25888),
(3016, 'Papeete', 'PYF', 'Tahiti', 25553),
(3017, 'Saint-Denis', 'REU', 'Saint-Denis', 131480),
(3018, 'Bucuresti', 'ROM', 'Bukarest', 2016131),
(3019, 'Iasi', 'ROM', 'Iasi', 348070),
(3020, 'Constanta', 'ROM', 'Constanta', 342264),
(3021, 'Cluj-Napoca', 'ROM', 'Cluj', 332498),
(3022, 'Galati', 'ROM', 'Galati', 330276),
(3023, 'Timisoara', 'ROM', 'Timis', 324304),
(3024, 'Brasov', 'ROM', 'Brasov', 314225),
(3025, 'Craiova', 'ROM', 'Dolj', 313530),
(3026, 'Ploiesti', 'ROM', 'Prahova', 251348),
(3027, 'Braila', 'ROM', 'Braila', 233756),
(3028, 'Oradea', 'ROM', 'Bihor', 222239),
(3029, 'Bacau', 'ROM', 'Bacau', 209235),
(3030, 'Pitesti', 'ROM', 'Arges', 187170),
(3031, 'Arad', 'ROM', 'Arad', 184408),
(3032, 'Sibiu', 'ROM', 'Sibiu', 169611),
(3033, 'Târgu Mures', 'ROM', 'Mures', 165153),
(3034, 'Baia Mare', 'ROM', 'Maramures', 149665),
(3035, 'Buzau', 'ROM', 'Buzau', 148372),
(3036, 'Satu Mare', 'ROM', 'Satu Mare', 130059),
(3037, 'Botosani', 'ROM', 'Botosani', 128730),
(3038, 'Piatra Neamt', 'ROM', 'Neamt', 125070),
(3039, 'Râmnicu Vâlcea', 'ROM', 'Vâlcea', 119741),
(3040, 'Suceava', 'ROM', 'Suceava', 118549),
(3041, 'Drobeta-Turnu Severin', 'ROM', 'Mehedinti', 117865),
(3042, 'Târgoviste', 'ROM', 'Dâmbovita', 98980),
(3043, 'Focsani', 'ROM', 'Vrancea', 98979),
(3044, 'Târgu Jiu', 'ROM', 'Gorj', 98524),
(3045, 'Tulcea', 'ROM', 'Tulcea', 96278),
(3046, 'Resita', 'ROM', 'Caras-Severin', 93976),
(3047, 'Kigali', 'RWA', 'Kigali', 286000),
(3048, 'Stockholm', 'SWE', 'Lisboa', 750348),
(3049, 'Gothenburg [Göteborg]', 'SWE', 'West Götanmaan län', 466990),
(3050, 'Malmö', 'SWE', 'Skåne län', 259579),
(3051, 'Uppsala', 'SWE', 'Uppsala län', 189569),
(3052, 'Linköping', 'SWE', 'East Götanmaan län', 133168),
(3053, 'Västerås', 'SWE', 'Västmanlands län', 126328),
(3054, 'Örebro', 'SWE', 'Örebros län', 124207),
(3055, 'Norrköping', 'SWE', 'East Götanmaan län', 122199),
(3056, 'Helsingborg', 'SWE', 'Skåne län', 117737),
(3057, 'Jönköping', 'SWE', 'Jönköpings län', 117095),
(3058, 'Umeå', 'SWE', 'Västerbottens län', 104512),
(3059, 'Lund', 'SWE', 'Skåne län', 98948),
(3060, 'Borås', 'SWE', 'West Götanmaan län', 96883),
(3061, 'Sundsvall', 'SWE', 'Västernorrlands län', 93126),
(3062, 'Gävle', 'SWE', 'Gävleborgs län', 90742),
(3063, 'Jamestown', 'SHN', 'Saint Helena', 1500),
(3064, 'Basseterre', 'KNA', 'St George Basseterre', 11600),
(3065, 'Castries', 'LCA', 'Castries', 2301),
(3066, 'Kingstown', 'VCT', 'St George', 17100),
(3067, 'Saint-Pierre', 'SPM', 'Saint-Pierre', 5808),
(3068, 'Berlin', 'DEU', 'Berliini', 3386667),
(3069, 'Hamburg', 'DEU', 'Hamburg', 1704735),
(3070, 'Munich [München]', 'DEU', 'Baijeri', 1194560),
(3071, 'Köln', 'DEU', 'Nordrhein-Westfalen', 962507),
(3072, 'Frankfurt am Main', 'DEU', 'Hessen', 643821),
(3073, 'Essen', 'DEU', 'Nordrhein-Westfalen', 599515),
(3074, 'Dortmund', 'DEU', 'Nordrhein-Westfalen', 590213),
(3075, 'Stuttgart', 'DEU', 'Baden-Württemberg', 582443),
(3076, 'Düsseldorf', 'DEU', 'Nordrhein-Westfalen', 568855),
(3077, 'Bremen', 'DEU', 'Bremen', 540330),
(3078, 'Duisburg', 'DEU', 'Nordrhein-Westfalen', 519793),
(3079, 'Hannover', 'DEU', 'Niedersachsen', 514718),
(3080, 'Leipzig', 'DEU', 'Saksi', 489532),
(3081, 'Nürnberg', 'DEU', 'Baijeri', 486628),
(3082, 'Dresden', 'DEU', 'Saksi', 476668),
(3083, 'Bochum', 'DEU', 'Nordrhein-Westfalen', 392830),
(3084, 'Wuppertal', 'DEU', 'Nordrhein-Westfalen', 368993),
(3085, 'Bielefeld', 'DEU', 'Nordrhein-Westfalen', 321125),
(3086, 'Mannheim', 'DEU', 'Baden-Württemberg', 307730),
(3087, 'Bonn', 'DEU', 'Nordrhein-Westfalen', 301048),
(3088, 'Gelsenkirchen', 'DEU', 'Nordrhein-Westfalen', 281979),
(3089, 'Karlsruhe', 'DEU', 'Baden-Württemberg', 277204),
(3090, 'Wiesbaden', 'DEU', 'Hessen', 268716),
(3091, 'Münster', 'DEU', 'Nordrhein-Westfalen', 264670),
(3092, 'Mönchengladbach', 'DEU', 'Nordrhein-Westfalen', 263697),
(3093, 'Chemnitz', 'DEU', 'Saksi', 263222),
(3094, 'Augsburg', 'DEU', 'Baijeri', 254867),
(3095, 'Halle/Saale', 'DEU', 'Anhalt Sachsen', 254360),
(3096, 'Braunschweig', 'DEU', 'Niedersachsen', 246322),
(3097, 'Aachen', 'DEU', 'Nordrhein-Westfalen', 243825),
(3098, 'Krefeld', 'DEU', 'Nordrhein-Westfalen', 241769),
(3099, 'Magdeburg', 'DEU', 'Anhalt Sachsen', 235073),
(3100, 'Kiel', 'DEU', 'Schleswig-Holstein', 233795),
(3101, 'Oberhausen', 'DEU', 'Nordrhein-Westfalen', 222349),
(3102, 'Lübeck', 'DEU', 'Schleswig-Holstein', 213326),
(3103, 'Hagen', 'DEU', 'Nordrhein-Westfalen', 205201),
(3104, 'Rostock', 'DEU', 'Mecklenburg-Vorpomme', 203279),
(3105, 'Freiburg im Breisgau', 'DEU', 'Baden-Württemberg', 202455),
(3106, 'Erfurt', 'DEU', 'Thüringen', 201267),
(3107, 'Kassel', 'DEU', 'Hessen', 196211),
(3108, 'Saarbrücken', 'DEU', 'Saarland', 183836),
(3109, 'Mainz', 'DEU', 'Rheinland-Pfalz', 183134),
(3110, 'Hamm', 'DEU', 'Nordrhein-Westfalen', 181804),
(3111, 'Herne', 'DEU', 'Nordrhein-Westfalen', 175661),
(3112, 'Mülheim an der Ruhr', 'DEU', 'Nordrhein-Westfalen', 173895),
(3113, 'Solingen', 'DEU', 'Nordrhein-Westfalen', 165583),
(3114, 'Osnabrück', 'DEU', 'Niedersachsen', 164539),
(3115, 'Ludwigshafen am Rhein', 'DEU', 'Rheinland-Pfalz', 163771),
(3116, 'Leverkusen', 'DEU', 'Nordrhein-Westfalen', 160841),
(3117, 'Oldenburg', 'DEU', 'Niedersachsen', 154125),
(3118, 'Neuss', 'DEU', 'Nordrhein-Westfalen', 149702),
(3119, 'Heidelberg', 'DEU', 'Baden-Württemberg', 139672),
(3120, 'Darmstadt', 'DEU', 'Hessen', 137776),
(3121, 'Paderborn', 'DEU', 'Nordrhein-Westfalen', 137647),
(3122, 'Potsdam', 'DEU', 'Brandenburg', 128983),
(3123, 'Würzburg', 'DEU', 'Baijeri', 127350),
(3124, 'Regensburg', 'DEU', 'Baijeri', 125236),
(3125, 'Recklinghausen', 'DEU', 'Nordrhein-Westfalen', 125022),
(3126, 'Göttingen', 'DEU', 'Niedersachsen', 124775),
(3127, 'Bremerhaven', 'DEU', 'Bremen', 122735),
(3128, 'Wolfsburg', 'DEU', 'Niedersachsen', 121954),
(3129, 'Bottrop', 'DEU', 'Nordrhein-Westfalen', 121097),
(3130, 'Remscheid', 'DEU', 'Nordrhein-Westfalen', 120125),
(3131, 'Heilbronn', 'DEU', 'Baden-Württemberg', 119526),
(3132, 'Pforzheim', 'DEU', 'Baden-Württemberg', 117227),
(3133, 'Offenbach am Main', 'DEU', 'Hessen', 116627),
(3134, 'Ulm', 'DEU', 'Baden-Württemberg', 116103),
(3135, 'Ingolstadt', 'DEU', 'Baijeri', 114826),
(3136, 'Gera', 'DEU', 'Thüringen', 114718),
(3137, 'Salzgitter', 'DEU', 'Niedersachsen', 112934),
(3138, 'Cottbus', 'DEU', 'Brandenburg', 110894),
(3139, 'Reutlingen', 'DEU', 'Baden-Württemberg', 110343),
(3140, 'Fürth', 'DEU', 'Baijeri', 109771),
(3141, 'Siegen', 'DEU', 'Nordrhein-Westfalen', 109225),
(3142, 'Koblenz', 'DEU', 'Rheinland-Pfalz', 108003),
(3143, 'Moers', 'DEU', 'Nordrhein-Westfalen', 106837),
(3144, 'Bergisch Gladbach', 'DEU', 'Nordrhein-Westfalen', 106150),
(3145, 'Zwickau', 'DEU', 'Saksi', 104146),
(3146, 'Hildesheim', 'DEU', 'Niedersachsen', 104013),
(3147, 'Witten', 'DEU', 'Nordrhein-Westfalen', 103384),
(3148, 'Schwerin', 'DEU', 'Mecklenburg-Vorpomme', 102878),
(3149, 'Erlangen', 'DEU', 'Baijeri', 100750),
(3150, 'Kaiserslautern', 'DEU', 'Rheinland-Pfalz', 100025),
(3151, 'Trier', 'DEU', 'Rheinland-Pfalz', 99891),
(3152, 'Jena', 'DEU', 'Thüringen', 99779),
(3153, 'Iserlohn', 'DEU', 'Nordrhein-Westfalen', 99474),
(3154, 'Gütersloh', 'DEU', 'Nordrhein-Westfalen', 95028),
(3155, 'Marl', 'DEU', 'Nordrhein-Westfalen', 93735),
(3156, 'Lünen', 'DEU', 'Nordrhein-Westfalen', 92044),
(3157, 'Düren', 'DEU', 'Nordrhein-Westfalen', 91092),
(3158, 'Ratingen', 'DEU', 'Nordrhein-Westfalen', 90951),
(3159, 'Velbert', 'DEU', 'Nordrhein-Westfalen', 89881),
(3160, 'Esslingen am Neckar', 'DEU', 'Baden-Württemberg', 89667),
(3161, 'Honiara', 'SLB', 'Honiara', 50100),
(3162, 'Lusaka', 'ZMB', 'Lusaka', 1317000),
(3163, 'Ndola', 'ZMB', 'Copperbelt', 329200),
(3164, 'Kitwe', 'ZMB', 'Copperbelt', 288600),
(3165, 'Kabwe', 'ZMB', 'Central', 154300),
(3166, 'Chingola', 'ZMB', 'Copperbelt', 142400),
(3167, 'Mufulira', 'ZMB', 'Copperbelt', 123900),
(3168, 'Luanshya', 'ZMB', 'Copperbelt', 118100),
(3169, 'Apia', 'WSM', 'Upolu', 35900),
(3170, 'Serravalle', 'SMR', 'Serravalle/Dogano', 4802),
(3171, 'San Marino', 'SMR', 'San Marino', 2294),
(3172, 'São Tomé', 'STP', 'Aqua Grande', 49541),
(3173, 'Riyadh', 'SAU', 'Riyadh', 3324000),
(3174, 'Jedda', 'SAU', 'Mekka', 2046300),
(3175, 'Mekka', 'SAU', 'Mekka', 965700),
(3176, 'Medina', 'SAU', 'Medina', 608300),
(3177, 'al-Dammam', 'SAU', 'al-Sharqiya', 482300),
(3178, 'al-Taif', 'SAU', 'Mekka', 416100),
(3179, 'Tabuk', 'SAU', 'Tabuk', 292600),
(3180, 'Burayda', 'SAU', 'al-Qasim', 248600),
(3181, 'al-Hufuf', 'SAU', 'al-Sharqiya', 225800),
(3182, 'al-Mubarraz', 'SAU', 'al-Sharqiya', 219100),
(3183, 'Khamis Mushayt', 'SAU', 'Asir', 217900),
(3184, 'Hail', 'SAU', 'Hail', 176800),
(3185, 'al-Kharj', 'SAU', 'Riad', 152100),
(3186, 'al-Khubar', 'SAU', 'al-Sharqiya', 141700),
(3187, 'Jubayl', 'SAU', 'al-Sharqiya', 140800),
(3188, 'Hafar al-Batin', 'SAU', 'al-Sharqiya', 137800),
(3189, 'al-Tuqba', 'SAU', 'al-Sharqiya', 125700),
(3190, 'Yanbu', 'SAU', 'Medina', 119800),
(3191, 'Abha', 'SAU', 'Asir', 112300),
(3192, 'Ara´ar', 'SAU', 'al-Khudud al-Samaliy', 108100),
(3193, 'al-Qatif', 'SAU', 'al-Sharqiya', 98900),
(3194, 'al-Hawiya', 'SAU', 'Mekka', 93900),
(3195, 'Unayza', 'SAU', 'Qasim', 91100),
(3196, 'Najran', 'SAU', 'Najran', 91000),
(3197, 'Pikine', 'SEN', 'Cap-Vert', 855287),
(3198, 'Dakar', 'SEN', 'Cap-Vert', 785071),
(3199, 'Thiès', 'SEN', 'Thiès', 248000),
(3200, 'Kaolack', 'SEN', 'Kaolack', 199000),
(3201, 'Ziguinchor', 'SEN', 'Ziguinchor', 192000),
(3202, 'Rufisque', 'SEN', 'Cap-Vert', 150000),
(3203, 'Saint-Louis', 'SEN', 'Saint-Louis', 132400),
(3204, 'Mbour', 'SEN', 'Thiès', 109300),
(3205, 'Diourbel', 'SEN', 'Diourbel', 99400),
(3206, 'Victoria', 'SYC', 'Mahé', 41000),
(3207, 'Freetown', 'SLE', 'Western', 850000),
(3208, 'Singapore', 'SGP', '–', 4017733),
(3209, 'Bratislava', 'SVK', 'Bratislava', 448292),
(3210, 'Košice', 'SVK', 'Východné Slovensko', 241874),
(3211, 'Prešov', 'SVK', 'Východné Slovensko', 93977),
(3212, 'Ljubljana', 'SVN', 'Osrednjeslovenska', 270986),
(3213, 'Maribor', 'SVN', 'Podravska', 115532),
(3214, 'Mogadishu', 'SOM', 'Banaadir', 997000),
(3215, 'Hargeysa', 'SOM', 'Woqooyi Galbeed', 90000),
(3216, 'Kismaayo', 'SOM', 'Jubbada Hoose', 90000),
(3217, 'Colombo', 'LKA', 'Western', 645000),
(3218, 'Dehiwala', 'LKA', 'Western', 203000),
(3219, 'Moratuwa', 'LKA', 'Western', 190000),
(3220, 'Jaffna', 'LKA', 'Northern', 149000),
(3221, 'Kandy', 'LKA', 'Central', 140000),
(3222, 'Sri Jayawardenepura Kotte', 'LKA', 'Western', 118000),
(3223, 'Negombo', 'LKA', 'Western', 100000),
(3224, 'Omdurman', 'SDN', 'Khartum', 1271403),
(3225, 'Khartum', 'SDN', 'Khartum', 947483),
(3226, 'Sharq al-Nil', 'SDN', 'Khartum', 700887),
(3227, 'Port Sudan', 'SDN', 'al-Bahr al-Ahmar', 308195),
(3228, 'Kassala', 'SDN', 'Kassala', 234622),
(3229, 'Obeid', 'SDN', 'Kurdufan al-Shamaliy', 229425),
(3230, 'Nyala', 'SDN', 'Darfur al-Janubiya', 227183);
INSERT INTO `city` (`ID`, `Name`, `CountryCode`, `District`, `Population`) VALUES
(3231, 'Wad Madani', 'SDN', 'al-Jazira', 211362),
(3232, 'al-Qadarif', 'SDN', 'al-Qadarif', 191164),
(3233, 'Kusti', 'SDN', 'al-Bahr al-Abyad', 173599),
(3234, 'al-Fashir', 'SDN', 'Darfur al-Shamaliya', 141884),
(3235, 'Juba', 'SDN', 'Bahr al-Jabal', 114980),
(3236, 'Helsinki [Helsingfors]', 'FIN', 'Newmaa', 555474),
(3237, 'Espoo', 'FIN', 'Newmaa', 213271),
(3238, 'Tampere', 'FIN', 'Pirkanmaa', 195468),
(3239, 'Vantaa', 'FIN', 'Newmaa', 178471),
(3240, 'Turku [Åbo]', 'FIN', 'Varsinais-Suomi', 172561),
(3241, 'Oulu', 'FIN', 'Pohjois-Pohjanmaa', 120753),
(3242, 'Lahti', 'FIN', 'Päijät-Häme', 96921),
(3243, 'Paramaribo', 'SUR', 'Paramaribo', 112000),
(3244, 'Mbabane', 'SWZ', 'Hhohho', 61000),
(3245, 'Zürich', 'CHE', 'Zürich', 336800),
(3246, 'Geneve', 'CHE', 'Geneve', 173500),
(3247, 'Basel', 'CHE', 'Basel-Stadt', 166700),
(3248, 'Bern', 'CHE', 'Bern', 122700),
(3249, 'Lausanne', 'CHE', 'Vaud', 114500),
(3250, 'Damascus', 'SYR', 'Damascus', 1347000),
(3251, 'Aleppo', 'SYR', 'Aleppo', 1261983),
(3252, 'Hims', 'SYR', 'Hims', 507404),
(3253, 'Hama', 'SYR', 'Hama', 343361),
(3254, 'Latakia', 'SYR', 'Latakia', 264563),
(3255, 'al-Qamishliya', 'SYR', 'al-Hasaka', 144286),
(3256, 'Dayr al-Zawr', 'SYR', 'Dayr al-Zawr', 140459),
(3257, 'Jaramana', 'SYR', 'Damaskos', 138469),
(3258, 'Duma', 'SYR', 'Damaskos', 131158),
(3259, 'al-Raqqa', 'SYR', 'al-Raqqa', 108020),
(3260, 'Idlib', 'SYR', 'Idlib', 91081),
(3261, 'Dushanbe', 'TJK', 'Karotegin', 524000),
(3262, 'Khujand', 'TJK', 'Khujand', 161500),
(3263, 'Taipei', 'TWN', 'Taipei', 2641312),
(3264, 'Kaohsiung', 'TWN', 'Kaohsiung', 1475505),
(3265, 'Taichung', 'TWN', 'Taichung', 940589),
(3266, 'Tainan', 'TWN', 'Tainan', 728060),
(3267, 'Panchiao', 'TWN', 'Taipei', 523850),
(3268, 'Chungho', 'TWN', 'Taipei', 392176),
(3269, 'Keelung (Chilung)', 'TWN', 'Keelung', 385201),
(3270, 'Sanchung', 'TWN', 'Taipei', 380084),
(3271, 'Hsinchuang', 'TWN', 'Taipei', 365048),
(3272, 'Hsinchu', 'TWN', 'Hsinchu', 361958),
(3273, 'Chungli', 'TWN', 'Taoyuan', 318649),
(3274, 'Fengshan', 'TWN', 'Kaohsiung', 318562),
(3275, 'Taoyuan', 'TWN', 'Taoyuan', 316438),
(3276, 'Chiayi', 'TWN', 'Chiayi', 265109),
(3277, 'Hsintien', 'TWN', 'Taipei', 263603),
(3278, 'Changhwa', 'TWN', 'Changhwa', 227715),
(3279, 'Yungho', 'TWN', 'Taipei', 227700),
(3280, 'Tucheng', 'TWN', 'Taipei', 224897),
(3281, 'Pingtung', 'TWN', 'Pingtung', 214727),
(3282, 'Yungkang', 'TWN', 'Tainan', 193005),
(3283, 'Pingchen', 'TWN', 'Taoyuan', 188344),
(3284, 'Tali', 'TWN', 'Taichung', 171940),
(3285, 'Taiping', 'TWN', '', 165524),
(3286, 'Pate', 'TWN', 'Taoyuan', 161700),
(3287, 'Fengyuan', 'TWN', 'Taichung', 161032),
(3288, 'Luchou', 'TWN', 'Taipei', 160516),
(3289, 'Hsichuh', 'TWN', 'Taipei', 154976),
(3290, 'Shulin', 'TWN', 'Taipei', 151260),
(3291, 'Yuanlin', 'TWN', 'Changhwa', 126402),
(3292, 'Yangmei', 'TWN', 'Taoyuan', 126323),
(3293, 'Taliao', 'TWN', '', 115897),
(3294, 'Kueishan', 'TWN', '', 112195),
(3295, 'Tanshui', 'TWN', 'Taipei', 111882),
(3296, 'Taitung', 'TWN', 'Taitung', 111039),
(3297, 'Hualien', 'TWN', 'Hualien', 108407),
(3298, 'Nantou', 'TWN', 'Nantou', 104723),
(3299, 'Lungtan', 'TWN', 'Taipei', 103088),
(3300, 'Touliu', 'TWN', 'Yünlin', 98900),
(3301, 'Tsaotun', 'TWN', 'Nantou', 96800),
(3302, 'Kangshan', 'TWN', 'Kaohsiung', 92200),
(3303, 'Ilan', 'TWN', 'Ilan', 92000),
(3304, 'Miaoli', 'TWN', 'Miaoli', 90000),
(3305, 'Dar es Salaam', 'TZA', 'Dar es Salaam', 1747000),
(3306, 'Dodoma', 'TZA', 'Dodoma', 189000),
(3307, 'Mwanza', 'TZA', 'Mwanza', 172300),
(3308, 'Zanzibar', 'TZA', 'Zanzibar West', 157634),
(3309, 'Tanga', 'TZA', 'Tanga', 137400),
(3310, 'Mbeya', 'TZA', 'Mbeya', 130800),
(3311, 'Morogoro', 'TZA', 'Morogoro', 117800),
(3312, 'Arusha', 'TZA', 'Arusha', 102500),
(3313, 'Moshi', 'TZA', 'Kilimanjaro', 96800),
(3314, 'Tabora', 'TZA', 'Tabora', 92800),
(3315, 'København', 'DNK', 'København', 495699),
(3316, 'Århus', 'DNK', 'Århus', 284846),
(3317, 'Odense', 'DNK', 'Fyn', 183912),
(3318, 'Aalborg', 'DNK', 'Nordjylland', 161161),
(3319, 'Frederiksberg', 'DNK', 'Frederiksberg', 90327),
(3320, 'Bangkok', 'THA', 'Bangkok', 6320174),
(3321, 'Nonthaburi', 'THA', 'Nonthaburi', 292100),
(3322, 'Nakhon Ratchasima', 'THA', 'Nakhon Ratchasima', 181400),
(3323, 'Chiang Mai', 'THA', 'Chiang Mai', 171100),
(3324, 'Udon Thani', 'THA', 'Udon Thani', 158100),
(3325, 'Hat Yai', 'THA', 'Songkhla', 148632),
(3326, 'Khon Kaen', 'THA', 'Khon Kaen', 126500),
(3327, 'Pak Kret', 'THA', 'Nonthaburi', 126055),
(3328, 'Nakhon Sawan', 'THA', 'Nakhon Sawan', 123800),
(3329, 'Ubon Ratchathani', 'THA', 'Ubon Ratchathani', 116300),
(3330, 'Songkhla', 'THA', 'Songkhla', 94900),
(3331, 'Nakhon Pathom', 'THA', 'Nakhon Pathom', 94100),
(3332, 'Lomé', 'TGO', 'Maritime', 375000),
(3333, 'Fakaofo', 'TKL', 'Fakaofo', 300),
(3334, 'Nuku´alofa', 'TON', 'Tongatapu', 22400),
(3335, 'Chaguanas', 'TTO', 'Caroni', 56601),
(3336, 'Port-of-Spain', 'TTO', 'Port-of-Spain', 43396),
(3337, 'N´Djaména', 'TCD', 'Chari-Baguirmi', 530965),
(3338, 'Moundou', 'TCD', 'Logone Occidental', 99500),
(3339, 'Praha', 'CZE', 'Hlavní mesto Praha', 1181126),
(3340, 'Brno', 'CZE', 'Jizní Morava', 381862),
(3341, 'Ostrava', 'CZE', 'Severní Morava', 320041),
(3342, 'Plzen', 'CZE', 'Zapadní Cechy', 166759),
(3343, 'Olomouc', 'CZE', 'Severní Morava', 102702),
(3344, 'Liberec', 'CZE', 'Severní Cechy', 99155),
(3345, 'Ceské Budejovice', 'CZE', 'Jizní Cechy', 98186),
(3346, 'Hradec Králové', 'CZE', 'Východní Cechy', 98080),
(3347, 'Ústí nad Labem', 'CZE', 'Severní Cechy', 95491),
(3348, 'Pardubice', 'CZE', 'Východní Cechy', 91309),
(3349, 'Tunis', 'TUN', 'Tunis', 690600),
(3350, 'Sfax', 'TUN', 'Sfax', 257800),
(3351, 'Ariana', 'TUN', 'Ariana', 197000),
(3352, 'Ettadhamen', 'TUN', 'Ariana', 178600),
(3353, 'Sousse', 'TUN', 'Sousse', 145900),
(3354, 'Kairouan', 'TUN', 'Kairouan', 113100),
(3355, 'Biserta', 'TUN', 'Biserta', 108900),
(3356, 'Gabès', 'TUN', 'Gabès', 106600),
(3357, 'Istanbul', 'TUR', 'Istanbul', 8787958),
(3358, 'Ankara', 'TUR', 'Ankara', 3038159),
(3359, 'Izmir', 'TUR', 'Izmir', 2130359),
(3360, 'Adana', 'TUR', 'Adana', 1131198),
(3361, 'Bursa', 'TUR', 'Bursa', 1095842),
(3362, 'Gaziantep', 'TUR', 'Gaziantep', 789056),
(3363, 'Konya', 'TUR', 'Konya', 628364),
(3364, 'Mersin (Içel)', 'TUR', 'Içel', 587212),
(3365, 'Antalya', 'TUR', 'Antalya', 564914),
(3366, 'Diyarbakir', 'TUR', 'Diyarbakir', 479884),
(3367, 'Kayseri', 'TUR', 'Kayseri', 475657),
(3368, 'Eskisehir', 'TUR', 'Eskisehir', 470781),
(3369, 'Sanliurfa', 'TUR', 'Sanliurfa', 405905),
(3370, 'Samsun', 'TUR', 'Samsun', 339871),
(3371, 'Malatya', 'TUR', 'Malatya', 330312),
(3372, 'Gebze', 'TUR', 'Kocaeli', 264170),
(3373, 'Denizli', 'TUR', 'Denizli', 253848),
(3374, 'Sivas', 'TUR', 'Sivas', 246642),
(3375, 'Erzurum', 'TUR', 'Erzurum', 246535),
(3376, 'Tarsus', 'TUR', 'Adana', 246206),
(3377, 'Kahramanmaras', 'TUR', 'Kahramanmaras', 245772),
(3378, 'Elâzig', 'TUR', 'Elâzig', 228815),
(3379, 'Van', 'TUR', 'Van', 219319),
(3380, 'Sultanbeyli', 'TUR', 'Istanbul', 211068),
(3381, 'Izmit (Kocaeli)', 'TUR', 'Kocaeli', 210068),
(3382, 'Manisa', 'TUR', 'Manisa', 207148),
(3383, 'Batman', 'TUR', 'Batman', 203793),
(3384, 'Balikesir', 'TUR', 'Balikesir', 196382),
(3385, 'Sakarya (Adapazari)', 'TUR', 'Sakarya', 190641),
(3386, 'Iskenderun', 'TUR', 'Hatay', 153022),
(3387, 'Osmaniye', 'TUR', 'Osmaniye', 146003),
(3388, 'Çorum', 'TUR', 'Çorum', 145495),
(3389, 'Kütahya', 'TUR', 'Kütahya', 144761),
(3390, 'Hatay (Antakya)', 'TUR', 'Hatay', 143982),
(3391, 'Kirikkale', 'TUR', 'Kirikkale', 142044),
(3392, 'Adiyaman', 'TUR', 'Adiyaman', 141529),
(3393, 'Trabzon', 'TUR', 'Trabzon', 138234),
(3394, 'Ordu', 'TUR', 'Ordu', 133642),
(3395, 'Aydin', 'TUR', 'Aydin', 128651),
(3396, 'Usak', 'TUR', 'Usak', 128162),
(3397, 'Edirne', 'TUR', 'Edirne', 123383),
(3398, 'Çorlu', 'TUR', 'Tekirdag', 123300),
(3399, 'Isparta', 'TUR', 'Isparta', 121911),
(3400, 'Karabük', 'TUR', 'Karabük', 118285),
(3401, 'Kilis', 'TUR', 'Kilis', 118245),
(3402, 'Alanya', 'TUR', 'Antalya', 117300),
(3403, 'Kiziltepe', 'TUR', 'Mardin', 112000),
(3404, 'Zonguldak', 'TUR', 'Zonguldak', 111542),
(3405, 'Siirt', 'TUR', 'Siirt', 107100),
(3406, 'Viransehir', 'TUR', 'Sanliurfa', 106400),
(3407, 'Tekirdag', 'TUR', 'Tekirdag', 106077),
(3408, 'Karaman', 'TUR', 'Karaman', 104200),
(3409, 'Afyon', 'TUR', 'Afyon', 103984),
(3410, 'Aksaray', 'TUR', 'Aksaray', 102681),
(3411, 'Ceyhan', 'TUR', 'Adana', 102412),
(3412, 'Erzincan', 'TUR', 'Erzincan', 102304),
(3413, 'Bismil', 'TUR', 'Diyarbakir', 101400),
(3414, 'Nazilli', 'TUR', 'Aydin', 99900),
(3415, 'Tokat', 'TUR', 'Tokat', 99500),
(3416, 'Kars', 'TUR', 'Kars', 93000),
(3417, 'Inegöl', 'TUR', 'Bursa', 90500),
(3418, 'Bandirma', 'TUR', 'Balikesir', 90200),
(3419, 'Ashgabat', 'TKM', 'Ahal', 540600),
(3420, 'Chärjew', 'TKM', 'Lebap', 189200),
(3421, 'Dashhowuz', 'TKM', 'Dashhowuz', 141800),
(3422, 'Mary', 'TKM', 'Mary', 101000),
(3423, 'Cockburn Town', 'TCA', 'Grand Turk', 4800),
(3424, 'Funafuti', 'TUV', 'Funafuti', 4600),
(3425, 'Kampala', 'UGA', 'Central', 890800),
(3426, 'Kyiv', 'UKR', 'Kiova', 2624000),
(3427, 'Harkova [Harkiv]', 'UKR', 'Harkova', 1500000),
(3428, 'Dnipropetrovsk', 'UKR', 'Dnipropetrovsk', 1103000),
(3429, 'Donetsk', 'UKR', 'Donetsk', 1050000),
(3430, 'Odesa', 'UKR', 'Odesa', 1011000),
(3431, 'Zaporizzja', 'UKR', 'Zaporizzja', 848000),
(3432, 'Lviv', 'UKR', 'Lviv', 788000),
(3433, 'Kryvyi Rig', 'UKR', 'Dnipropetrovsk', 703000),
(3434, 'Mykolajiv', 'UKR', 'Mykolajiv', 508000),
(3435, 'Mariupol', 'UKR', 'Donetsk', 490000),
(3436, 'Lugansk', 'UKR', 'Lugansk', 469000),
(3437, 'Vinnytsja', 'UKR', 'Vinnytsja', 391000),
(3438, 'Makijivka', 'UKR', 'Donetsk', 384000),
(3439, 'Herson', 'UKR', 'Herson', 353000),
(3440, 'Sevastopol', 'UKR', 'Krim', 348000),
(3441, 'Simferopol', 'UKR', 'Krim', 339000),
(3442, 'Pultava [Poltava]', 'UKR', 'Pultava', 313000),
(3443, 'Tšernigiv', 'UKR', 'Tšernigiv', 313000),
(3444, 'Tšerkasy', 'UKR', 'Tšerkasy', 309000),
(3445, 'Gorlivka', 'UKR', 'Donetsk', 299000),
(3446, 'Zytomyr', 'UKR', 'Zytomyr', 297000),
(3447, 'Sumy', 'UKR', 'Sumy', 294000),
(3448, 'Dniprodzerzynsk', 'UKR', 'Dnipropetrovsk', 270000),
(3449, 'Kirovograd', 'UKR', 'Kirovograd', 265000),
(3450, 'Hmelnytskyi', 'UKR', 'Hmelnytskyi', 262000),
(3451, 'Tšernivtsi', 'UKR', 'Tšernivtsi', 259000),
(3452, 'Rivne', 'UKR', 'Rivne', 245000),
(3453, 'Krementšuk', 'UKR', 'Pultava', 239000),
(3454, 'Ivano-Frankivsk', 'UKR', 'Ivano-Frankivsk', 237000),
(3455, 'Ternopil', 'UKR', 'Ternopil', 236000),
(3456, 'Lutsk', 'UKR', 'Volynia', 217000),
(3457, 'Bila Tserkva', 'UKR', 'Kiova', 215000),
(3458, 'Kramatorsk', 'UKR', 'Donetsk', 186000),
(3459, 'Melitopol', 'UKR', 'Zaporizzja', 169000),
(3460, 'Kertš', 'UKR', 'Krim', 162000),
(3461, 'Nikopol', 'UKR', 'Dnipropetrovsk', 149000),
(3462, 'Berdjansk', 'UKR', 'Zaporizzja', 130000),
(3463, 'Pavlograd', 'UKR', 'Dnipropetrovsk', 127000),
(3464, 'Sjeverodonetsk', 'UKR', 'Lugansk', 127000),
(3465, 'Slovjansk', 'UKR', 'Donetsk', 127000),
(3466, 'Uzgorod', 'UKR', 'Taka-Karpatia', 127000),
(3467, 'Altševsk', 'UKR', 'Lugansk', 119000),
(3468, 'Lysytšansk', 'UKR', 'Lugansk', 116000),
(3469, 'Jevpatorija', 'UKR', 'Krim', 112000),
(3470, 'Kamjanets-Podilskyi', 'UKR', 'Hmelnytskyi', 109000),
(3471, 'Jenakijeve', 'UKR', 'Donetsk', 105000),
(3472, 'Krasnyi Lutš', 'UKR', 'Lugansk', 101000),
(3473, 'Stahanov', 'UKR', 'Lugansk', 101000),
(3474, 'Oleksandrija', 'UKR', 'Kirovograd', 99000),
(3475, 'Konotop', 'UKR', 'Sumy', 96000),
(3476, 'Kostjantynivka', 'UKR', 'Donetsk', 95000),
(3477, 'Berdytšiv', 'UKR', 'Zytomyr', 90000),
(3478, 'Izmajil', 'UKR', 'Odesa', 90000),
(3479, 'Šostka', 'UKR', 'Sumy', 90000),
(3480, 'Uman', 'UKR', 'Tšerkasy', 90000),
(3481, 'Brovary', 'UKR', 'Kiova', 89000),
(3482, 'Mukatševe', 'UKR', 'Taka-Karpatia', 89000),
(3483, 'Budapest', 'HUN', 'Budapest', 1811552),
(3484, 'Debrecen', 'HUN', 'Hajdú-Bihar', 203648),
(3485, 'Miskolc', 'HUN', 'Borsod-Abaúj-Zemplén', 172357),
(3486, 'Szeged', 'HUN', 'Csongrád', 158158),
(3487, 'Pécs', 'HUN', 'Baranya', 157332),
(3488, 'Györ', 'HUN', 'Györ-Moson-Sopron', 127119),
(3489, 'Nyiregyháza', 'HUN', 'Szabolcs-Szatmár-Ber', 112419),
(3490, 'Kecskemét', 'HUN', 'Bács-Kiskun', 105606),
(3491, 'Székesfehérvár', 'HUN', 'Fejér', 105119),
(3492, 'Montevideo', 'URY', 'Montevideo', 1236000),
(3493, 'Nouméa', 'NCL', '–', 76293),
(3494, 'Auckland', 'NZL', 'Auckland', 381800),
(3495, 'Christchurch', 'NZL', 'Canterbury', 324200),
(3496, 'Manukau', 'NZL', 'Auckland', 281800),
(3497, 'North Shore', 'NZL', 'Auckland', 187700),
(3498, 'Waitakere', 'NZL', 'Auckland', 170600),
(3499, 'Wellington', 'NZL', 'Wellington', 166700),
(3500, 'Dunedin', 'NZL', 'Dunedin', 119600),
(3501, 'Hamilton', 'NZL', 'Hamilton', 117100),
(3502, 'Lower Hutt', 'NZL', 'Wellington', 98100),
(3503, 'Toskent', 'UZB', 'Toskent Shahri', 2117500),
(3504, 'Namangan', 'UZB', 'Namangan', 370500),
(3505, 'Samarkand', 'UZB', 'Samarkand', 361800),
(3506, 'Andijon', 'UZB', 'Andijon', 318600),
(3507, 'Buhoro', 'UZB', 'Buhoro', 237100),
(3508, 'Karsi', 'UZB', 'Qashqadaryo', 194100),
(3509, 'Nukus', 'UZB', 'Karakalpakistan', 194100),
(3510, 'Kükon', 'UZB', 'Fargona', 190100),
(3511, 'Fargona', 'UZB', 'Fargona', 180500),
(3512, 'Circik', 'UZB', 'Toskent', 146400),
(3513, 'Margilon', 'UZB', 'Fargona', 140800),
(3514, 'Ürgenc', 'UZB', 'Khorazm', 138900),
(3515, 'Angren', 'UZB', 'Toskent', 128000),
(3516, 'Cizah', 'UZB', 'Cizah', 124800),
(3517, 'Navoi', 'UZB', 'Navoi', 116300),
(3518, 'Olmalik', 'UZB', 'Toskent', 114900),
(3519, 'Termiz', 'UZB', 'Surkhondaryo', 109500),
(3520, 'Minsk', 'BLR', 'Horad Minsk', 1674000),
(3521, 'Gomel', 'BLR', 'Gomel', 475000),
(3522, 'Mogiljov', 'BLR', 'Mogiljov', 356000),
(3523, 'Vitebsk', 'BLR', 'Vitebsk', 340000),
(3524, 'Grodno', 'BLR', 'Grodno', 302000),
(3525, 'Brest', 'BLR', 'Brest', 286000),
(3526, 'Bobruisk', 'BLR', 'Mogiljov', 221000),
(3527, 'Baranovitši', 'BLR', 'Brest', 167000),
(3528, 'Borisov', 'BLR', 'Minsk', 151000),
(3529, 'Pinsk', 'BLR', 'Brest', 130000),
(3530, 'Orša', 'BLR', 'Vitebsk', 124000),
(3531, 'Mozyr', 'BLR', 'Gomel', 110000),
(3532, 'Novopolotsk', 'BLR', 'Vitebsk', 106000),
(3533, 'Lida', 'BLR', 'Grodno', 101000),
(3534, 'Soligorsk', 'BLR', 'Minsk', 101000),
(3535, 'Molodetšno', 'BLR', 'Minsk', 97000),
(3536, 'Mata-Utu', 'WLF', 'Wallis', 1137),
(3537, 'Port-Vila', 'VUT', 'Shefa', 33700),
(3538, 'Città del Vaticano', 'VAT', '–', 455),
(3539, 'Caracas', 'VEN', 'Distrito Federal', 1975294),
(3540, 'Maracaíbo', 'VEN', 'Zulia', 1304776),
(3541, 'Barquisimeto', 'VEN', 'Lara', 877239),
(3542, 'Valencia', 'VEN', 'Carabobo', 794246),
(3543, 'Ciudad Guayana', 'VEN', 'Bolívar', 663713),
(3544, 'Petare', 'VEN', 'Miranda', 488868),
(3545, 'Maracay', 'VEN', 'Aragua', 444443),
(3546, 'Barcelona', 'VEN', 'Anzoátegui', 322267),
(3547, 'Maturín', 'VEN', 'Monagas', 319726),
(3548, 'San Cristóbal', 'VEN', 'Táchira', 319373),
(3549, 'Ciudad Bolívar', 'VEN', 'Bolívar', 301107),
(3550, 'Cumaná', 'VEN', 'Sucre', 293105),
(3551, 'Mérida', 'VEN', 'Mérida', 224887),
(3552, 'Cabimas', 'VEN', 'Zulia', 221329),
(3553, 'Barinas', 'VEN', 'Barinas', 217831),
(3554, 'Turmero', 'VEN', 'Aragua', 217499),
(3555, 'Baruta', 'VEN', 'Miranda', 207290),
(3556, 'Puerto Cabello', 'VEN', 'Carabobo', 187722),
(3557, 'Santa Ana de Coro', 'VEN', 'Falcón', 185766),
(3558, 'Los Teques', 'VEN', 'Miranda', 178784),
(3559, 'Punto Fijo', 'VEN', 'Falcón', 167215),
(3560, 'Guarenas', 'VEN', 'Miranda', 165889),
(3561, 'Acarigua', 'VEN', 'Portuguesa', 158954),
(3562, 'Puerto La Cruz', 'VEN', 'Anzoátegui', 155700),
(3563, 'Ciudad Losada', 'VEN', '', 134501),
(3564, 'Guacara', 'VEN', 'Carabobo', 131334),
(3565, 'Valera', 'VEN', 'Trujillo', 130281),
(3566, 'Guanare', 'VEN', 'Portuguesa', 125621),
(3567, 'Carúpano', 'VEN', 'Sucre', 119639),
(3568, 'Catia La Mar', 'VEN', 'Distrito Federal', 117012),
(3569, 'El Tigre', 'VEN', 'Anzoátegui', 116256),
(3570, 'Guatire', 'VEN', 'Miranda', 109121),
(3571, 'Calabozo', 'VEN', 'Guárico', 107146),
(3572, 'Pozuelos', 'VEN', 'Anzoátegui', 105690),
(3573, 'Ciudad Ojeda', 'VEN', 'Zulia', 99354),
(3574, 'Ocumare del Tuy', 'VEN', 'Miranda', 97168),
(3575, 'Valle de la Pascua', 'VEN', 'Guárico', 95927),
(3576, 'Araure', 'VEN', 'Portuguesa', 94269),
(3577, 'San Fernando de Apure', 'VEN', 'Apure', 93809),
(3578, 'San Felipe', 'VEN', 'Yaracuy', 90940),
(3579, 'El Limón', 'VEN', 'Aragua', 90000),
(3580, 'Moscow', 'RUS', 'Moscow (City)', 8389200),
(3581, 'St Petersburg', 'RUS', 'Pietari', 4694000),
(3582, 'Novosibirsk', 'RUS', 'Novosibirsk', 1398800),
(3583, 'Nizni Novgorod', 'RUS', 'Nizni Novgorod', 1357000),
(3584, 'Jekaterinburg', 'RUS', 'Sverdlovsk', 1266300),
(3585, 'Samara', 'RUS', 'Samara', 1156100),
(3586, 'Omsk', 'RUS', 'Omsk', 1148900),
(3587, 'Kazan', 'RUS', 'Tatarstan', 1101000),
(3588, 'Ufa', 'RUS', 'Baškortostan', 1091200),
(3589, 'Tšeljabinsk', 'RUS', 'Tšeljabinsk', 1083200),
(3590, 'Rostov-na-Donu', 'RUS', 'Rostov-na-Donu', 1012700),
(3591, 'Perm', 'RUS', 'Perm', 1009700),
(3592, 'Volgograd', 'RUS', 'Volgograd', 993400),
(3593, 'Voronez', 'RUS', 'Voronez', 907700),
(3594, 'Krasnojarsk', 'RUS', 'Krasnojarsk', 875500),
(3595, 'Saratov', 'RUS', 'Saratov', 874000),
(3596, 'Toljatti', 'RUS', 'Samara', 722900),
(3597, 'Uljanovsk', 'RUS', 'Uljanovsk', 667400),
(3598, 'Izevsk', 'RUS', 'Udmurtia', 652800),
(3599, 'Krasnodar', 'RUS', 'Krasnodar', 639000),
(3600, 'Jaroslavl', 'RUS', 'Jaroslavl', 616700),
(3601, 'Habarovsk', 'RUS', 'Habarovsk', 609400),
(3602, 'Vladivostok', 'RUS', 'Primorje', 606200),
(3603, 'Irkutsk', 'RUS', 'Irkutsk', 593700),
(3604, 'Barnaul', 'RUS', 'Altai', 580100),
(3605, 'Novokuznetsk', 'RUS', 'Kemerovo', 561600),
(3606, 'Penza', 'RUS', 'Penza', 532200),
(3607, 'Rjazan', 'RUS', 'Rjazan', 529900),
(3608, 'Orenburg', 'RUS', 'Orenburg', 523600),
(3609, 'Lipetsk', 'RUS', 'Lipetsk', 521000),
(3610, 'Nabereznyje Tšelny', 'RUS', 'Tatarstan', 514700),
(3611, 'Tula', 'RUS', 'Tula', 506100),
(3612, 'Tjumen', 'RUS', 'Tjumen', 503400),
(3613, 'Kemerovo', 'RUS', 'Kemerovo', 492700),
(3614, 'Astrahan', 'RUS', 'Astrahan', 486100),
(3615, 'Tomsk', 'RUS', 'Tomsk', 482100),
(3616, 'Kirov', 'RUS', 'Kirov', 466200),
(3617, 'Ivanovo', 'RUS', 'Ivanovo', 459200),
(3618, 'Tšeboksary', 'RUS', 'Tšuvassia', 459200),
(3619, 'Brjansk', 'RUS', 'Brjansk', 457400),
(3620, 'Tver', 'RUS', 'Tver', 454900),
(3621, 'Kursk', 'RUS', 'Kursk', 443500),
(3622, 'Magnitogorsk', 'RUS', 'Tšeljabinsk', 427900),
(3623, 'Kaliningrad', 'RUS', 'Kaliningrad', 424400),
(3624, 'Nizni Tagil', 'RUS', 'Sverdlovsk', 390900),
(3625, 'Murmansk', 'RUS', 'Murmansk', 376300),
(3626, 'Ulan-Ude', 'RUS', 'Burjatia', 370400),
(3627, 'Kurgan', 'RUS', 'Kurgan', 364700),
(3628, 'Arkangeli', 'RUS', 'Arkangeli', 361800),
(3629, 'Sotši', 'RUS', 'Krasnodar', 358600),
(3630, 'Smolensk', 'RUS', 'Smolensk', 353400),
(3631, 'Orjol', 'RUS', 'Orjol', 344500),
(3632, 'Stavropol', 'RUS', 'Stavropol', 343300),
(3633, 'Belgorod', 'RUS', 'Belgorod', 342000),
(3634, 'Kaluga', 'RUS', 'Kaluga', 339300),
(3635, 'Vladimir', 'RUS', 'Vladimir', 337100),
(3636, 'Mahatškala', 'RUS', 'Dagestan', 332800),
(3637, 'Tšerepovets', 'RUS', 'Vologda', 324400),
(3638, 'Saransk', 'RUS', 'Mordva', 314800),
(3639, 'Tambov', 'RUS', 'Tambov', 312000),
(3640, 'Vladikavkaz', 'RUS', 'North Ossetia-Alania', 310100),
(3641, 'Tšita', 'RUS', 'Tšita', 309900),
(3642, 'Vologda', 'RUS', 'Vologda', 302500),
(3643, 'Veliki Novgorod', 'RUS', 'Novgorod', 299500),
(3644, 'Komsomolsk-na-Amure', 'RUS', 'Habarovsk', 291600),
(3645, 'Kostroma', 'RUS', 'Kostroma', 288100),
(3646, 'Volzski', 'RUS', 'Volgograd', 286900),
(3647, 'Taganrog', 'RUS', 'Rostov-na-Donu', 284400),
(3648, 'Petroskoi', 'RUS', 'Karjala', 282100),
(3649, 'Bratsk', 'RUS', 'Irkutsk', 277600),
(3650, 'Dzerzinsk', 'RUS', 'Nizni Novgorod', 277100),
(3651, 'Surgut', 'RUS', 'Hanti-Mansia', 274900),
(3652, 'Orsk', 'RUS', 'Orenburg', 273900),
(3653, 'Sterlitamak', 'RUS', 'Baškortostan', 265200),
(3654, 'Angarsk', 'RUS', 'Irkutsk', 264700),
(3655, 'Joškar-Ola', 'RUS', 'Marinmaa', 249200),
(3656, 'Rybinsk', 'RUS', 'Jaroslavl', 239600),
(3657, 'Prokopjevsk', 'RUS', 'Kemerovo', 237300),
(3658, 'Niznevartovsk', 'RUS', 'Hanti-Mansia', 233900),
(3659, 'Naltšik', 'RUS', 'Kabardi-Balkaria', 233400),
(3660, 'Syktyvkar', 'RUS', 'Komi', 229700),
(3661, 'Severodvinsk', 'RUS', 'Arkangeli', 229300),
(3662, 'Bijsk', 'RUS', 'Altai', 225000),
(3663, 'Niznekamsk', 'RUS', 'Tatarstan', 223400),
(3664, 'Blagoveštšensk', 'RUS', 'Amur', 222000),
(3665, 'Šahty', 'RUS', 'Rostov-na-Donu', 221800),
(3666, 'Staryi Oskol', 'RUS', 'Belgorod', 213800),
(3667, 'Zelenograd', 'RUS', 'Moscow (City)', 207100),
(3668, 'Balakovo', 'RUS', 'Saratov', 206000),
(3669, 'Novorossijsk', 'RUS', 'Krasnodar', 203300),
(3670, 'Pihkova', 'RUS', 'Pihkova', 201500),
(3671, 'Zlatoust', 'RUS', 'Tšeljabinsk', 196900),
(3672, 'Jakutsk', 'RUS', 'Saha (Jakutia)', 195400),
(3673, 'Podolsk', 'RUS', 'Moskova', 194300),
(3674, 'Petropavlovsk-Kamtšatski', 'RUS', 'Kamtšatka', 194100),
(3675, 'Kamensk-Uralski', 'RUS', 'Sverdlovsk', 190600),
(3676, 'Engels', 'RUS', 'Saratov', 189000),
(3677, 'Syzran', 'RUS', 'Samara', 186900),
(3678, 'Grozny', 'RUS', 'Tšetšenia', 186000),
(3679, 'Novotšerkassk', 'RUS', 'Rostov-na-Donu', 184400),
(3680, 'Berezniki', 'RUS', 'Perm', 181900),
(3681, 'Juzno-Sahalinsk', 'RUS', 'Sahalin', 179200),
(3682, 'Volgodonsk', 'RUS', 'Rostov-na-Donu', 178200),
(3683, 'Abakan', 'RUS', 'Hakassia', 169200),
(3684, 'Maikop', 'RUS', 'Adygea', 167300),
(3685, 'Miass', 'RUS', 'Tšeljabinsk', 166200),
(3686, 'Armavir', 'RUS', 'Krasnodar', 164900),
(3687, 'Ljubertsy', 'RUS', 'Moskova', 163900),
(3688, 'Rubtsovsk', 'RUS', 'Altai', 162600),
(3689, 'Kovrov', 'RUS', 'Vladimir', 159900),
(3690, 'Nahodka', 'RUS', 'Primorje', 157700),
(3691, 'Ussurijsk', 'RUS', 'Primorje', 157300),
(3692, 'Salavat', 'RUS', 'Baškortostan', 156800),
(3693, 'Mytištši', 'RUS', 'Moskova', 155700),
(3694, 'Kolomna', 'RUS', 'Moskova', 150700),
(3695, 'Elektrostal', 'RUS', 'Moskova', 147000),
(3696, 'Murom', 'RUS', 'Vladimir', 142400),
(3697, 'Kolpino', 'RUS', 'Pietari', 141200),
(3698, 'Norilsk', 'RUS', 'Krasnojarsk', 140800),
(3699, 'Almetjevsk', 'RUS', 'Tatarstan', 140700),
(3700, 'Novomoskovsk', 'RUS', 'Tula', 138100),
(3701, 'Dimitrovgrad', 'RUS', 'Uljanovsk', 137000),
(3702, 'Pervouralsk', 'RUS', 'Sverdlovsk', 136100),
(3703, 'Himki', 'RUS', 'Moskova', 133700),
(3704, 'Balašiha', 'RUS', 'Moskova', 132900),
(3705, 'Nevinnomyssk', 'RUS', 'Stavropol', 132600),
(3706, 'Pjatigorsk', 'RUS', 'Stavropol', 132500),
(3707, 'Korolev', 'RUS', 'Moskova', 132400),
(3708, 'Serpuhov', 'RUS', 'Moskova', 132000),
(3709, 'Odintsovo', 'RUS', 'Moskova', 127400),
(3710, 'Orehovo-Zujevo', 'RUS', 'Moskova', 124900),
(3711, 'Kamyšin', 'RUS', 'Volgograd', 124600),
(3712, 'Novotšeboksarsk', 'RUS', 'Tšuvassia', 123400),
(3713, 'Tšerkessk', 'RUS', 'Karatšai-Tšerkessia', 121700),
(3714, 'Atšinsk', 'RUS', 'Krasnojarsk', 121600),
(3715, 'Magadan', 'RUS', 'Magadan', 121000),
(3716, 'Mitšurinsk', 'RUS', 'Tambov', 120700),
(3717, 'Kislovodsk', 'RUS', 'Stavropol', 120400),
(3718, 'Jelets', 'RUS', 'Lipetsk', 119400),
(3719, 'Seversk', 'RUS', 'Tomsk', 118600),
(3720, 'Noginsk', 'RUS', 'Moskova', 117200),
(3721, 'Velikije Luki', 'RUS', 'Pihkova', 116300),
(3722, 'Novokuibyševsk', 'RUS', 'Samara', 116200),
(3723, 'Neftekamsk', 'RUS', 'Baškortostan', 115700),
(3724, 'Leninsk-Kuznetski', 'RUS', 'Kemerovo', 113800),
(3725, 'Oktjabrski', 'RUS', 'Baškortostan', 111500),
(3726, 'Sergijev Posad', 'RUS', 'Moskova', 111100),
(3727, 'Arzamas', 'RUS', 'Nizni Novgorod', 110700),
(3728, 'Kiseljovsk', 'RUS', 'Kemerovo', 110000),
(3729, 'Novotroitsk', 'RUS', 'Orenburg', 109600),
(3730, 'Obninsk', 'RUS', 'Kaluga', 108300),
(3731, 'Kansk', 'RUS', 'Krasnojarsk', 107400),
(3732, 'Glazov', 'RUS', 'Udmurtia', 106300),
(3733, 'Solikamsk', 'RUS', 'Perm', 106000),
(3734, 'Sarapul', 'RUS', 'Udmurtia', 105700),
(3735, 'Ust-Ilimsk', 'RUS', 'Irkutsk', 105200),
(3736, 'Štšolkovo', 'RUS', 'Moskova', 104900),
(3737, 'Mezduretšensk', 'RUS', 'Kemerovo', 104400),
(3738, 'Usolje-Sibirskoje', 'RUS', 'Irkutsk', 103500),
(3739, 'Elista', 'RUS', 'Kalmykia', 103300),
(3740, 'Novošahtinsk', 'RUS', 'Rostov-na-Donu', 101900),
(3741, 'Votkinsk', 'RUS', 'Udmurtia', 101700),
(3742, 'Kyzyl', 'RUS', 'Tyva', 101100),
(3743, 'Serov', 'RUS', 'Sverdlovsk', 100400),
(3744, 'Zelenodolsk', 'RUS', 'Tatarstan', 100200),
(3745, 'Zeleznodoroznyi', 'RUS', 'Moskova', 100100),
(3746, 'Kinešma', 'RUS', 'Ivanovo', 100000),
(3747, 'Kuznetsk', 'RUS', 'Penza', 98200),
(3748, 'Uhta', 'RUS', 'Komi', 98000),
(3749, 'Jessentuki', 'RUS', 'Stavropol', 97900),
(3750, 'Tobolsk', 'RUS', 'Tjumen', 97600),
(3751, 'Neftejugansk', 'RUS', 'Hanti-Mansia', 97400),
(3752, 'Bataisk', 'RUS', 'Rostov-na-Donu', 97300),
(3753, 'Nojabrsk', 'RUS', 'Yamalin Nenetsia', 97300),
(3754, 'Balašov', 'RUS', 'Saratov', 97100),
(3755, 'Zeleznogorsk', 'RUS', 'Kursk', 96900),
(3756, 'Zukovski', 'RUS', 'Moskova', 96500),
(3757, 'Anzero-Sudzensk', 'RUS', 'Kemerovo', 96100),
(3758, 'Bugulma', 'RUS', 'Tatarstan', 94100),
(3759, 'Zeleznogorsk', 'RUS', 'Krasnojarsk', 94000),
(3760, 'Novouralsk', 'RUS', 'Sverdlovsk', 93300),
(3761, 'Puškin', 'RUS', 'Pietari', 92900),
(3762, 'Vorkuta', 'RUS', 'Komi', 92600),
(3763, 'Derbent', 'RUS', 'Dagestan', 92300),
(3764, 'Kirovo-Tšepetsk', 'RUS', 'Kirov', 91600),
(3765, 'Krasnogorsk', 'RUS', 'Moskova', 91000),
(3766, 'Klin', 'RUS', 'Moskova', 90000),
(3767, 'Tšaikovski', 'RUS', 'Perm', 90000),
(3768, 'Novyi Urengoi', 'RUS', 'Yamalin Nenetsia', 89800),
(3769, 'Ho Chi Minh City', 'VNM', 'Ho Chi Minh City', 3980000),
(3770, 'Hanoi', 'VNM', 'Hanoi', 1410000),
(3771, 'Haiphong', 'VNM', 'Haiphong', 783133),
(3772, 'Da Nang', 'VNM', 'Quang Nam-Da Nang', 382674),
(3773, 'Biên Hoa', 'VNM', 'Dong Nai', 282095),
(3774, 'Nha Trang', 'VNM', 'Khanh Hoa', 221331),
(3775, 'Hue', 'VNM', 'Thua Thien-Hue', 219149),
(3776, 'Can Tho', 'VNM', 'Can Tho', 215587),
(3777, 'Cam Pha', 'VNM', 'Quang Binh', 209086),
(3778, 'Nam Dinh', 'VNM', 'Nam Ha', 171699),
(3779, 'Quy Nhon', 'VNM', 'Binh Dinh', 163385),
(3780, 'Vung Tau', 'VNM', 'Ba Ria-Vung Tau', 145145),
(3781, 'Rach Gia', 'VNM', 'Kien Giang', 141132),
(3782, 'Long Xuyen', 'VNM', 'An Giang', 132681),
(3783, 'Thai Nguyen', 'VNM', 'Bac Thai', 127643),
(3784, 'Hong Gai', 'VNM', 'Quang Ninh', 127484),
(3785, 'Phan Thiêt', 'VNM', 'Binh Thuan', 114236),
(3786, 'Cam Ranh', 'VNM', 'Khanh Hoa', 114041),
(3787, 'Vinh', 'VNM', 'Nghe An', 112455),
(3788, 'My Tho', 'VNM', 'Tien Giang', 108404),
(3789, 'Da Lat', 'VNM', 'Lam Dong', 106409),
(3790, 'Buon Ma Thuot', 'VNM', 'Dac Lac', 97044),
(3791, 'Tallinn', 'EST', 'Harjumaa', 403981),
(3792, 'Tartu', 'EST', 'Tartumaa', 101246),
(3793, 'New York', 'USA', 'New York', 8008278),
(3794, 'Los Angeles', 'USA', 'California', 3694820),
(3795, 'Chicago', 'USA', 'Illinois', 2896016),
(3796, 'Houston', 'USA', 'Texas', 1953631),
(3797, 'Philadelphia', 'USA', 'Pennsylvania', 1517550),
(3798, 'Phoenix', 'USA', 'Arizona', 1321045),
(3799, 'San Diego', 'USA', 'California', 1223400),
(3800, 'Dallas', 'USA', 'Texas', 1188580),
(3801, 'San Antonio', 'USA', 'Texas', 1144646),
(3802, 'Detroit', 'USA', 'Michigan', 951270),
(3803, 'San Jose', 'USA', 'California', 894943),
(3804, 'Indianapolis', 'USA', 'Indiana', 791926),
(3805, 'San Francisco', 'USA', 'California', 776733),
(3806, 'Jacksonville', 'USA', 'Florida', 735167),
(3807, 'Columbus', 'USA', 'Ohio', 711470),
(3808, 'Austin', 'USA', 'Texas', 656562),
(3809, 'Baltimore', 'USA', 'Maryland', 651154),
(3810, 'Memphis', 'USA', 'Tennessee', 650100),
(3811, 'Milwaukee', 'USA', 'Wisconsin', 596974),
(3812, 'Boston', 'USA', 'Massachusetts', 589141),
(3813, 'Washington', 'USA', 'District of Columbia', 572059),
(3814, 'Nashville-Davidson', 'USA', 'Tennessee', 569891),
(3815, 'El Paso', 'USA', 'Texas', 563662),
(3816, 'Seattle', 'USA', 'Washington', 563374),
(3817, 'Denver', 'USA', 'Colorado', 554636),
(3818, 'Charlotte', 'USA', 'North Carolina', 540828),
(3819, 'Fort Worth', 'USA', 'Texas', 534694),
(3820, 'Portland', 'USA', 'Oregon', 529121),
(3821, 'Oklahoma City', 'USA', 'Oklahoma', 506132),
(3822, 'Tucson', 'USA', 'Arizona', 486699),
(3823, 'New Orleans', 'USA', 'Louisiana', 484674),
(3824, 'Las Vegas', 'USA', 'Nevada', 478434),
(3825, 'Cleveland', 'USA', 'Ohio', 478403),
(3826, 'Long Beach', 'USA', 'California', 461522),
(3827, 'Albuquerque', 'USA', 'New Mexico', 448607),
(3828, 'Kansas City', 'USA', 'Missouri', 441545),
(3829, 'Fresno', 'USA', 'California', 427652),
(3830, 'Virginia Beach', 'USA', 'Virginia', 425257),
(3831, 'Atlanta', 'USA', 'Georgia', 416474),
(3832, 'Sacramento', 'USA', 'California', 407018),
(3833, 'Oakland', 'USA', 'California', 399484),
(3834, 'Mesa', 'USA', 'Arizona', 396375),
(3835, 'Tulsa', 'USA', 'Oklahoma', 393049),
(3836, 'Omaha', 'USA', 'Nebraska', 390007),
(3837, 'Minneapolis', 'USA', 'Minnesota', 382618),
(3838, 'Honolulu', 'USA', 'Hawaii', 371657),
(3839, 'Miami', 'USA', 'Florida', 362470),
(3840, 'Colorado Springs', 'USA', 'Colorado', 360890),
(3841, 'Saint Louis', 'USA', 'Missouri', 348189),
(3842, 'Wichita', 'USA', 'Kansas', 344284),
(3843, 'Santa Ana', 'USA', 'California', 337977),
(3844, 'Pittsburgh', 'USA', 'Pennsylvania', 334563),
(3845, 'Arlington', 'USA', 'Texas', 332969),
(3846, 'Cincinnati', 'USA', 'Ohio', 331285),
(3847, 'Anaheim', 'USA', 'California', 328014),
(3848, 'Toledo', 'USA', 'Ohio', 313619),
(3849, 'Tampa', 'USA', 'Florida', 303447),
(3850, 'Buffalo', 'USA', 'New York', 292648),
(3851, 'Saint Paul', 'USA', 'Minnesota', 287151),
(3852, 'Corpus Christi', 'USA', 'Texas', 277454),
(3853, 'Aurora', 'USA', 'Colorado', 276393),
(3854, 'Raleigh', 'USA', 'North Carolina', 276093),
(3855, 'Newark', 'USA', 'New Jersey', 273546),
(3856, 'Lexington-Fayette', 'USA', 'Kentucky', 260512),
(3857, 'Anchorage', 'USA', 'Alaska', 260283),
(3858, 'Louisville', 'USA', 'Kentucky', 256231),
(3859, 'Riverside', 'USA', 'California', 255166),
(3860, 'Saint Petersburg', 'USA', 'Florida', 248232),
(3861, 'Bakersfield', 'USA', 'California', 247057),
(3862, 'Stockton', 'USA', 'California', 243771),
(3863, 'Birmingham', 'USA', 'Alabama', 242820),
(3864, 'Jersey City', 'USA', 'New Jersey', 240055),
(3865, 'Norfolk', 'USA', 'Virginia', 234403),
(3866, 'Baton Rouge', 'USA', 'Louisiana', 227818),
(3867, 'Hialeah', 'USA', 'Florida', 226419),
(3868, 'Lincoln', 'USA', 'Nebraska', 225581),
(3869, 'Greensboro', 'USA', 'North Carolina', 223891),
(3870, 'Plano', 'USA', 'Texas', 222030),
(3871, 'Rochester', 'USA', 'New York', 219773),
(3872, 'Glendale', 'USA', 'Arizona', 218812),
(3873, 'Akron', 'USA', 'Ohio', 217074),
(3874, 'Garland', 'USA', 'Texas', 215768),
(3875, 'Madison', 'USA', 'Wisconsin', 208054),
(3876, 'Fort Wayne', 'USA', 'Indiana', 205727),
(3877, 'Fremont', 'USA', 'California', 203413),
(3878, 'Scottsdale', 'USA', 'Arizona', 202705),
(3879, 'Montgomery', 'USA', 'Alabama', 201568),
(3880, 'Shreveport', 'USA', 'Louisiana', 200145),
(3881, 'Augusta-Richmond County', 'USA', 'Georgia', 199775),
(3882, 'Lubbock', 'USA', 'Texas', 199564),
(3883, 'Chesapeake', 'USA', 'Virginia', 199184),
(3884, 'Mobile', 'USA', 'Alabama', 198915),
(3885, 'Des Moines', 'USA', 'Iowa', 198682),
(3886, 'Grand Rapids', 'USA', 'Michigan', 197800),
(3887, 'Richmond', 'USA', 'Virginia', 197790),
(3888, 'Yonkers', 'USA', 'New York', 196086),
(3889, 'Spokane', 'USA', 'Washington', 195629),
(3890, 'Glendale', 'USA', 'California', 194973),
(3891, 'Tacoma', 'USA', 'Washington', 193556),
(3892, 'Irving', 'USA', 'Texas', 191615),
(3893, 'Huntington Beach', 'USA', 'California', 189594),
(3894, 'Modesto', 'USA', 'California', 188856),
(3895, 'Durham', 'USA', 'North Carolina', 187035),
(3896, 'Columbus', 'USA', 'Georgia', 186291),
(3897, 'Orlando', 'USA', 'Florida', 185951),
(3898, 'Boise City', 'USA', 'Idaho', 185787),
(3899, 'Winston-Salem', 'USA', 'North Carolina', 185776),
(3900, 'San Bernardino', 'USA', 'California', 185401),
(3901, 'Jackson', 'USA', 'Mississippi', 184256),
(3902, 'Little Rock', 'USA', 'Arkansas', 183133),
(3903, 'Salt Lake City', 'USA', 'Utah', 181743),
(3904, 'Reno', 'USA', 'Nevada', 180480),
(3905, 'Newport News', 'USA', 'Virginia', 180150),
(3906, 'Chandler', 'USA', 'Arizona', 176581),
(3907, 'Laredo', 'USA', 'Texas', 176576),
(3908, 'Henderson', 'USA', 'Nevada', 175381),
(3909, 'Arlington', 'USA', 'Virginia', 174838),
(3910, 'Knoxville', 'USA', 'Tennessee', 173890),
(3911, 'Amarillo', 'USA', 'Texas', 173627),
(3912, 'Providence', 'USA', 'Rhode Island', 173618),
(3913, 'Chula Vista', 'USA', 'California', 173556),
(3914, 'Worcester', 'USA', 'Massachusetts', 172648),
(3915, 'Oxnard', 'USA', 'California', 170358),
(3916, 'Dayton', 'USA', 'Ohio', 166179),
(3917, 'Garden Grove', 'USA', 'California', 165196),
(3918, 'Oceanside', 'USA', 'California', 161029),
(3919, 'Tempe', 'USA', 'Arizona', 158625),
(3920, 'Huntsville', 'USA', 'Alabama', 158216),
(3921, 'Ontario', 'USA', 'California', 158007),
(3922, 'Chattanooga', 'USA', 'Tennessee', 155554),
(3923, 'Fort Lauderdale', 'USA', 'Florida', 152397),
(3924, 'Springfield', 'USA', 'Massachusetts', 152082),
(3925, 'Springfield', 'USA', 'Missouri', 151580),
(3926, 'Santa Clarita', 'USA', 'California', 151088),
(3927, 'Salinas', 'USA', 'California', 151060),
(3928, 'Tallahassee', 'USA', 'Florida', 150624),
(3929, 'Rockford', 'USA', 'Illinois', 150115),
(3930, 'Pomona', 'USA', 'California', 149473),
(3931, 'Metairie', 'USA', 'Louisiana', 149428),
(3932, 'Paterson', 'USA', 'New Jersey', 149222),
(3933, 'Overland Park', 'USA', 'Kansas', 149080),
(3934, 'Santa Rosa', 'USA', 'California', 147595),
(3935, 'Syracuse', 'USA', 'New York', 147306),
(3936, 'Kansas City', 'USA', 'Kansas', 146866),
(3937, 'Hampton', 'USA', 'Virginia', 146437),
(3938, 'Lakewood', 'USA', 'Colorado', 144126),
(3939, 'Vancouver', 'USA', 'Washington', 143560),
(3940, 'Irvine', 'USA', 'California', 143072),
(3941, 'Aurora', 'USA', 'Illinois', 142990),
(3942, 'Moreno Valley', 'USA', 'California', 142381),
(3943, 'Pasadena', 'USA', 'California', 141674),
(3944, 'Hayward', 'USA', 'California', 140030),
(3945, 'Brownsville', 'USA', 'Texas', 139722),
(3946, 'Bridgeport', 'USA', 'Connecticut', 139529),
(3947, 'Hollywood', 'USA', 'Florida', 139357),
(3948, 'Warren', 'USA', 'Michigan', 138247),
(3949, 'Torrance', 'USA', 'California', 137946),
(3950, 'Eugene', 'USA', 'Oregon', 137893),
(3951, 'Pembroke Pines', 'USA', 'Florida', 137427),
(3952, 'Salem', 'USA', 'Oregon', 136924),
(3953, 'Pasadena', 'USA', 'Texas', 133936),
(3954, 'Escondido', 'USA', 'California', 133559),
(3955, 'Sunnyvale', 'USA', 'California', 131760),
(3956, 'Savannah', 'USA', 'Georgia', 131510),
(3957, 'Fontana', 'USA', 'California', 128929),
(3958, 'Orange', 'USA', 'California', 128821),
(3959, 'Naperville', 'USA', 'Illinois', 128358),
(3960, 'Alexandria', 'USA', 'Virginia', 128283),
(3961, 'Rancho Cucamonga', 'USA', 'California', 127743),
(3962, 'Grand Prairie', 'USA', 'Texas', 127427),
(3963, 'East Los Angeles', 'USA', 'California', 126379),
(3964, 'Fullerton', 'USA', 'California', 126003),
(3965, 'Corona', 'USA', 'California', 124966),
(3966, 'Flint', 'USA', 'Michigan', 124943),
(3967, 'Paradise', 'USA', 'Nevada', 124682),
(3968, 'Mesquite', 'USA', 'Texas', 124523),
(3969, 'Sterling Heights', 'USA', 'Michigan', 124471),
(3970, 'Sioux Falls', 'USA', 'South Dakota', 123975),
(3971, 'New Haven', 'USA', 'Connecticut', 123626),
(3972, 'Topeka', 'USA', 'Kansas', 122377),
(3973, 'Concord', 'USA', 'California', 121780),
(3974, 'Evansville', 'USA', 'Indiana', 121582),
(3975, 'Hartford', 'USA', 'Connecticut', 121578),
(3976, 'Fayetteville', 'USA', 'North Carolina', 121015),
(3977, 'Cedar Rapids', 'USA', 'Iowa', 120758),
(3978, 'Elizabeth', 'USA', 'New Jersey', 120568),
(3979, 'Lansing', 'USA', 'Michigan', 119128),
(3980, 'Lancaster', 'USA', 'California', 118718),
(3981, 'Fort Collins', 'USA', 'Colorado', 118652),
(3982, 'Coral Springs', 'USA', 'Florida', 117549),
(3983, 'Stamford', 'USA', 'Connecticut', 117083),
(3984, 'Thousand Oaks', 'USA', 'California', 117005),
(3985, 'Vallejo', 'USA', 'California', 116760),
(3986, 'Palmdale', 'USA', 'California', 116670),
(3987, 'Columbia', 'USA', 'South Carolina', 116278),
(3988, 'El Monte', 'USA', 'California', 115965),
(3989, 'Abilene', 'USA', 'Texas', 115930),
(3990, 'North Las Vegas', 'USA', 'Nevada', 115488),
(3991, 'Ann Arbor', 'USA', 'Michigan', 114024),
(3992, 'Beaumont', 'USA', 'Texas', 113866),
(3993, 'Waco', 'USA', 'Texas', 113726),
(3994, 'Macon', 'USA', 'Georgia', 113336),
(3995, 'Independence', 'USA', 'Missouri', 113288),
(3996, 'Peoria', 'USA', 'Illinois', 112936),
(3997, 'Inglewood', 'USA', 'California', 112580),
(3998, 'Springfield', 'USA', 'Illinois', 111454),
(3999, 'Simi Valley', 'USA', 'California', 111351),
(4000, 'Lafayette', 'USA', 'Louisiana', 110257),
(4001, 'Gilbert', 'USA', 'Arizona', 109697),
(4002, 'Carrollton', 'USA', 'Texas', 109576),
(4003, 'Bellevue', 'USA', 'Washington', 109569),
(4004, 'West Valley City', 'USA', 'Utah', 108896),
(4005, 'Clarksville', 'USA', 'Tennessee', 108787),
(4006, 'Costa Mesa', 'USA', 'California', 108724),
(4007, 'Peoria', 'USA', 'Arizona', 108364),
(4008, 'South Bend', 'USA', 'Indiana', 107789),
(4009, 'Downey', 'USA', 'California', 107323),
(4010, 'Waterbury', 'USA', 'Connecticut', 107271),
(4011, 'Manchester', 'USA', 'New Hampshire', 107006),
(4012, 'Allentown', 'USA', 'Pennsylvania', 106632),
(4013, 'McAllen', 'USA', 'Texas', 106414),
(4014, 'Joliet', 'USA', 'Illinois', 106221),
(4015, 'Lowell', 'USA', 'Massachusetts', 105167),
(4016, 'Provo', 'USA', 'Utah', 105166),
(4017, 'West Covina', 'USA', 'California', 105080),
(4018, 'Wichita Falls', 'USA', 'Texas', 104197),
(4019, 'Erie', 'USA', 'Pennsylvania', 103717),
(4020, 'Daly City', 'USA', 'California', 103621),
(4021, 'Citrus Heights', 'USA', 'California', 103455),
(4022, 'Norwalk', 'USA', 'California', 103298),
(4023, 'Gary', 'USA', 'Indiana', 102746),
(4024, 'Berkeley', 'USA', 'California', 102743),
(4025, 'Santa Clara', 'USA', 'California', 102361),
(4026, 'Green Bay', 'USA', 'Wisconsin', 102313),
(4027, 'Cape Coral', 'USA', 'Florida', 102286),
(4028, 'Arvada', 'USA', 'Colorado', 102153),
(4029, 'Pueblo', 'USA', 'Colorado', 102121),
(4030, 'Sandy', 'USA', 'Utah', 101853),
(4031, 'Athens-Clarke County', 'USA', 'Georgia', 101489),
(4032, 'Cambridge', 'USA', 'Massachusetts', 101355),
(4033, 'Westminster', 'USA', 'Colorado', 100940),
(4034, 'San Buenaventura', 'USA', 'California', 100916),
(4035, 'Portsmouth', 'USA', 'Virginia', 100565),
(4036, 'Livonia', 'USA', 'Michigan', 100545),
(4037, 'Burbank', 'USA', 'California', 100316),
(4038, 'Clearwater', 'USA', 'Florida', 99936),
(4039, 'Midland', 'USA', 'Texas', 98293),
(4040, 'Davenport', 'USA', 'Iowa', 98256),
(4041, 'Mission Viejo', 'USA', 'California', 98049),
(4042, 'Miami Beach', 'USA', 'Florida', 97855),
(4043, 'Sunrise Manor', 'USA', 'Nevada', 95362),
(4044, 'New Bedford', 'USA', 'Massachusetts', 94780),
(4045, 'El Cajon', 'USA', 'California', 94578),
(4046, 'Norman', 'USA', 'Oklahoma', 94193),
(4047, 'Richmond', 'USA', 'California', 94100),
(4048, 'Albany', 'USA', 'New York', 93994),
(4049, 'Brockton', 'USA', 'Massachusetts', 93653),
(4050, 'Roanoke', 'USA', 'Virginia', 93357),
(4051, 'Billings', 'USA', 'Montana', 92988),
(4052, 'Compton', 'USA', 'California', 92864),
(4053, 'Gainesville', 'USA', 'Florida', 92291),
(4054, 'Fairfield', 'USA', 'California', 92256),
(4055, 'Arden-Arcade', 'USA', 'California', 92040),
(4056, 'San Mateo', 'USA', 'California', 91799),
(4057, 'Visalia', 'USA', 'California', 91762),
(4058, 'Boulder', 'USA', 'Colorado', 91238),
(4059, 'Cary', 'USA', 'North Carolina', 91213),
(4060, 'Santa Monica', 'USA', 'California', 91084),
(4061, 'Fall River', 'USA', 'Massachusetts', 90555),
(4062, 'Kenosha', 'USA', 'Wisconsin', 89447),
(4063, 'Elgin', 'USA', 'Illinois', 89408),
(4064, 'Odessa', 'USA', 'Texas', 89293),
(4065, 'Carson', 'USA', 'California', 89089),
(4066, 'Charleston', 'USA', 'South Carolina', 89063),
(4067, 'Charlotte Amalie', 'VIR', 'St Thomas', 13000),
(4068, 'Harare', 'ZWE', 'Harare', 1410000),
(4069, 'Bulawayo', 'ZWE', 'Bulawayo', 621742),
(4070, 'Chitungwiza', 'ZWE', 'Harare', 274912),
(4071, 'Mount Darwin', 'ZWE', 'Harare', 164362),
(4072, 'Mutare', 'ZWE', 'Manicaland', 131367),
(4073, 'Gweru', 'ZWE', 'Midlands', 128037),
(4074, 'Gaza', 'PSE', 'Gaza', 353632),
(4075, 'Khan Yunis', 'PSE', 'Khan Yunis', 123175),
(4076, 'Hebron', 'PSE', 'Hebron', 119401),
(4077, 'Jabaliya', 'PSE', 'North Gaza', 113901),
(4078, 'Nablus', 'PSE', 'Nablus', 100231),
(4079, 'Rafah', 'PSE', 'Rafah', 92020);

-- --------------------------------------------------------

--
-- テーブルの構造 `country`
--

CREATE TABLE `country` (
  `Code` char(3) NOT NULL DEFAULT '',
  `Name` char(52) NOT NULL DEFAULT '',
  `Continent` enum('Asia','Europe','North America','Africa','Oceania','Antarctica','South America') NOT NULL DEFAULT 'Asia',
  `Region` char(26) NOT NULL DEFAULT '',
  `SurfaceArea` float(10,2) NOT NULL DEFAULT 0.00,
  `IndepYear` smallint(6) DEFAULT NULL,
  `Population` int(11) NOT NULL DEFAULT 0,
  `LifeExpectancy` float(3,1) DEFAULT NULL,
  `GNP` float(10,2) DEFAULT NULL,
  `GNPOld` float(10,2) DEFAULT NULL,
  `LocalName` char(45) NOT NULL DEFAULT '',
  `GovernmentForm` char(45) NOT NULL DEFAULT '',
  `HeadOfState` char(60) DEFAULT NULL,
  `Capital` int(11) DEFAULT NULL,
  `Code2` char(2) NOT NULL DEFAULT ''
) ENGINE=MyISAM DEFAULT CHARSET=latin1;

--
-- テーブルのデータのダンプ `country`
--

INSERT INTO `country` (`Code`, `Name`, `Continent`, `Region`, `SurfaceArea`, `IndepYear`, `Population`, `LifeExpectancy`, `GNP`, `GNPOld`, `LocalName`, `GovernmentForm`, `HeadOfState`, `Capital`, `Code2`) VALUES
('ABW', 'Aruba', 'North America', 'Caribbean', 193.00, NULL, 103000, 78.4, 828.00, 793.00, 'Aruba', 'Nonmetropolitan Territory of The Netherlands', 'Beatrix', 129, 'AW'),
('AFG', 'Afghanistan', 'Asia', 'Southern and Central Asia', 652090.00, 1919, 22720000, 45.9, 5976.00, NULL, 'Afganistan/Afqanestan', 'Islamic Emirate', 'Mohammad Omar', 1, 'AF'),
('AGO', 'Angola', 'Africa', 'Central Africa', 1246700.00, 1975, 12878000, 38.3, 6648.00, 7984.00, 'Angola', 'Republic', 'José Eduardo dos Santos', 56, 'AO'),
('AIA', 'Anguilla', 'North America', 'Caribbean', 96.00, NULL, 8000, 76.1, 63.20, NULL, 'Anguilla', 'Dependent Territory of the UK', 'Elisabeth II', 62, 'AI'),
('ALB', 'Albania', 'Europe', 'Southern Europe', 28748.00, 1912, 3401200, 71.6, 3205.00, 2500.00, 'Shqipëria', 'Republic', 'Rexhep Mejdani', 34, 'AL'),
('AND', 'Andorra', 'Europe', 'Southern Europe', 468.00, 1278, 78000, 83.5, 1630.00, NULL, 'Andorra', 'Parliamentary Coprincipality', '', 55, 'AD'),
('ANT', 'Netherlands Antilles', 'North America', 'Caribbean', 800.00, NULL, 217000, 74.7, 1941.00, NULL, 'Nederlandse Antillen', 'Nonmetropolitan Territory of The Netherlands', 'Beatrix', 33, 'AN'),
('ARE', 'United Arab Emirates', 'Asia', 'Middle East', 83600.00, 1971, 2441000, 74.1, 37966.00, 36846.00, 'Al-Imarat al-´Arabiya al-Muttahida', 'Emirate Federation', 'Zayid bin Sultan al-Nahayan', 65, 'AE'),
('ARG', 'Argentina', 'South America', 'South America', 2780400.00, 1816, 37032000, 75.1, 340238.00, 323310.00, 'Argentina', 'Federal Republic', 'Fernando de la Rúa', 69, 'AR'),
('ARM', 'Armenia', 'Asia', 'Middle East', 29800.00, 1991, 3520000, 66.4, 1813.00, 1627.00, 'Hajastan', 'Republic', 'Robert Kotšarjan', 126, 'AM'),
('ASM', 'American Samoa', 'Oceania', 'Polynesia', 199.00, NULL, 68000, 75.1, 334.00, NULL, 'Amerika Samoa', 'US Territory', 'George W. Bush', 54, 'AS'),
('ATA', 'Antarctica', 'Antarctica', 'Antarctica', 13120000.00, NULL, 0, NULL, 0.00, NULL, '–', 'Co-administrated', '', NULL, 'AQ'),
('ATF', 'French Southern territories', 'Antarctica', 'Antarctica', 7780.00, NULL, 0, NULL, 0.00, NULL, 'Terres australes françaises', 'Nonmetropolitan Territory of France', 'Jacques Chirac', NULL, 'TF'),
('ATG', 'Antigua and Barbuda', 'North America', 'Caribbean', 442.00, 1981, 68000, 70.5, 612.00, 584.00, 'Antigua and Barbuda', 'Constitutional Monarchy', 'Elisabeth II', 63, 'AG'),
('AUS', 'Australia', 'Oceania', 'Australia and New Zealand', 7741220.00, 1901, 18886000, 79.8, 351182.00, 392911.00, 'Australia', 'Constitutional Monarchy, Federation', 'Elisabeth II', 135, 'AU'),
('AUT', 'Austria', 'Europe', 'Western Europe', 83859.00, 1918, 8091800, 77.7, 211860.00, 206025.00, 'Österreich', 'Federal Republic', 'Thomas Klestil', 1523, 'AT'),
('AZE', 'Azerbaijan', 'Asia', 'Middle East', 86600.00, 1991, 7734000, 62.9, 4127.00, 4100.00, 'Azärbaycan', 'Federal Republic', 'Heydär Äliyev', 144, 'AZ'),
('BDI', 'Burundi', 'Africa', 'Eastern Africa', 27834.00, 1962, 6695000, 46.2, 903.00, 982.00, 'Burundi/Uburundi', 'Republic', 'Pierre Buyoya', 552, 'BI'),
('BEL', 'Belgium', 'Europe', 'Western Europe', 30518.00, 1830, 10239000, 77.8, 249704.00, 243948.00, 'België/Belgique', 'Constitutional Monarchy, Federation', 'Albert II', 179, 'BE'),
('BEN', 'Benin', 'Africa', 'Western Africa', 112622.00, 1960, 6097000, 50.2, 2357.00, 2141.00, 'Bénin', 'Republic', 'Mathieu Kérékou', 187, 'BJ'),
('BFA', 'Burkina Faso', 'Africa', 'Western Africa', 274000.00, 1960, 11937000, 46.7, 2425.00, 2201.00, 'Burkina Faso', 'Republic', 'Blaise Compaoré', 549, 'BF'),
('BGD', 'Bangladesh', 'Asia', 'Southern and Central Asia', 143998.00, 1971, 129155000, 60.2, 32852.00, 31966.00, 'Bangladesh', 'Republic', 'Shahabuddin Ahmad', 150, 'BD'),
('BGR', 'Bulgaria', 'Europe', 'Eastern Europe', 110994.00, 1908, 8190900, 70.9, 12178.00, 10169.00, 'Balgarija', 'Republic', 'Petar Stojanov', 539, 'BG'),
('BHR', 'Bahrain', 'Asia', 'Middle East', 694.00, 1971, 617000, 73.0, 6366.00, 6097.00, 'Al-Bahrayn', 'Monarchy (Emirate)', 'Hamad ibn Isa al-Khalifa', 149, 'BH'),
('BHS', 'Bahamas', 'North America', 'Caribbean', 13878.00, 1973, 307000, 71.1, 3527.00, 3347.00, 'The Bahamas', 'Constitutional Monarchy', 'Elisabeth II', 148, 'BS'),
('BIH', 'Bosnia and Herzegovina', 'Europe', 'Southern Europe', 51197.00, 1992, 3972000, 71.5, 2841.00, NULL, 'Bosna i Hercegovina', 'Federal Republic', 'Ante Jelavic', 201, 'BA'),
('BLR', 'Belarus', 'Europe', 'Eastern Europe', 207600.00, 1991, 10236000, 68.0, 13714.00, NULL, 'Belarus', 'Republic', 'Aljaksandr Lukašenka', 3520, 'BY'),
('BLZ', 'Belize', 'North America', 'Central America', 22696.00, 1981, 241000, 70.9, 630.00, 616.00, 'Belize', 'Constitutional Monarchy', 'Elisabeth II', 185, 'BZ'),
('BMU', 'Bermuda', 'North America', 'North America', 53.00, NULL, 65000, 76.9, 2328.00, 2190.00, 'Bermuda', 'Dependent Territory of the UK', 'Elisabeth II', 191, 'BM'),
('BOL', 'Bolivia', 'South America', 'South America', 1098581.00, 1825, 8329000, 63.7, 8571.00, 7967.00, 'Bolivia', 'Republic', 'Hugo Bánzer Suárez', 194, 'BO'),
('BRA', 'Brazil', 'South America', 'South America', 8547403.00, 1822, 170115000, 62.9, 776739.00, 804108.00, 'Brasil', 'Federal Republic', 'Fernando Henrique Cardoso', 211, 'BR'),
('BRB', 'Barbados', 'North America', 'Caribbean', 430.00, 1966, 270000, 73.0, 2223.00, 2186.00, 'Barbados', 'Constitutional Monarchy', 'Elisabeth II', 174, 'BB'),
('BRN', 'Brunei', 'Asia', 'Southeast Asia', 5765.00, 1984, 328000, 73.6, 11705.00, 12460.00, 'Brunei Darussalam', 'Monarchy (Sultanate)', 'Haji Hassan al-Bolkiah', 538, 'BN'),
('BTN', 'Bhutan', 'Asia', 'Southern and Central Asia', 47000.00, 1910, 2124000, 52.4, 372.00, 383.00, 'Druk-Yul', 'Monarchy', 'Jigme Singye Wangchuk', 192, 'BT'),
('BVT', 'Bouvet Island', 'Antarctica', 'Antarctica', 59.00, NULL, 0, NULL, 0.00, NULL, 'Bouvetøya', 'Dependent Territory of Norway', 'Harald V', NULL, 'BV'),
('BWA', 'Botswana', 'Africa', 'Southern Africa', 581730.00, 1966, 1622000, 39.3, 4834.00, 4935.00, 'Botswana', 'Republic', 'Festus G. Mogae', 204, 'BW'),
('CAF', 'Central African Republic', 'Africa', 'Central Africa', 622984.00, 1960, 3615000, 44.0, 1054.00, 993.00, 'Centrafrique/Bê-Afrîka', 'Republic', 'Ange-Félix Patassé', 1889, 'CF'),
('CAN', 'Canada', 'North America', 'North America', 9970610.00, 1867, 31147000, 79.4, 598862.00, 625626.00, 'Canada', 'Constitutional Monarchy, Federation', 'Elisabeth II', 1822, 'CA'),
('CCK', 'Cocos (Keeling) Islands', 'Oceania', 'Australia and New Zealand', 14.00, NULL, 600, NULL, 0.00, NULL, 'Cocos (Keeling) Islands', 'Territory of Australia', 'Elisabeth II', 2317, 'CC'),
('CHE', 'Switzerland', 'Europe', 'Western Europe', 41284.00, 1499, 7160400, 79.6, 264478.00, 256092.00, 'Schweiz/Suisse/Svizzera/Svizra', 'Federation', 'Adolf Ogi', 3248, 'CH'),
('CHL', 'Chile', 'South America', 'South America', 756626.00, 1810, 15211000, 75.7, 72949.00, 75780.00, 'Chile', 'Republic', 'Ricardo Lagos Escobar', 554, 'CL'),
('CHN', 'China', 'Asia', 'Eastern Asia', 9572900.00, -1523, 1277558000, 71.4, 982268.00, 917719.00, 'Zhongquo', 'People\'sRepublic', 'Jiang Zemin', 1891, 'CN'),
('CIV', 'Côte d’Ivoire', 'Africa', 'Western Africa', 322463.00, 1960, 14786000, 45.2, 11345.00, 10285.00, 'Côte d’Ivoire', 'Republic', 'Laurent Gbagbo', 2814, 'CI'),
('CMR', 'Cameroon', 'Africa', 'Central Africa', 475442.00, 1960, 15085000, 54.8, 9174.00, 8596.00, 'Cameroun/Cameroon', 'Republic', 'Paul Biya', 1804, 'CM'),
('COD', 'Congo, The Democratic Republic of the', 'Africa', 'Central Africa', 2344858.00, 1960, 51654000, 48.8, 6964.00, 2474.00, 'République Démocratique du Congo', 'Republic', 'Joseph Kabila', 2298, 'CD'),
('COG', 'Congo', 'Africa', 'Central Africa', 342000.00, 1960, 2943000, 47.4, 2108.00, 2287.00, 'Congo', 'Republic', 'Denis Sassou-Nguesso', 2296, 'CG'),
('COK', 'Cook Islands', 'Oceania', 'Polynesia', 236.00, NULL, 20000, 71.1, 100.00, NULL, 'The Cook Islands', 'Nonmetropolitan Territory of New Zealand', 'Elisabeth II', 583, 'CK'),
('COL', 'Colombia', 'South America', 'South America', 1138914.00, 1810, 42321000, 70.3, 102896.00, 105116.00, 'Colombia', 'Republic', 'Andrés Pastrana Arango', 2257, 'CO'),
('COM', 'Comoros', 'Africa', 'Eastern Africa', 1862.00, 1975, 578000, 60.0, 4401.00, 4361.00, 'Komori/Comores', 'Republic', 'Azali Assoumani', 2295, 'KM'),
('CPV', 'Cape Verde', 'Africa', 'Western Africa', 4033.00, 1975, 428000, 68.9, 435.00, 420.00, 'Cabo Verde', 'Republic', 'António Mascarenhas Monteiro', 1859, 'CV'),
('CRI', 'Costa Rica', 'North America', 'Central America', 51100.00, 1821, 4023000, 75.8, 10226.00, 9757.00, 'Costa Rica', 'Republic', 'Miguel Ángel Rodríguez Echeverría', 584, 'CR'),
('CUB', 'Cuba', 'North America', 'Caribbean', 110861.00, 1902, 11201000, 76.2, 17843.00, 18862.00, 'Cuba', 'Socialistic Republic', 'Fidel Castro Ruz', 2413, 'CU'),
('CXR', 'Christmas Island', 'Oceania', 'Australia and New Zealand', 135.00, NULL, 2500, NULL, 0.00, NULL, 'Christmas Island', 'Territory of Australia', 'Elisabeth II', 1791, 'CX'),
('CYM', 'Cayman Islands', 'North America', 'Caribbean', 264.00, NULL, 38000, 78.9, 1263.00, 1186.00, 'Cayman Islands', 'Dependent Territory of the UK', 'Elisabeth II', 553, 'KY'),
('CYP', 'Cyprus', 'Asia', 'Middle East', 9251.00, 1960, 754700, 76.7, 9333.00, 8246.00, 'Kýpros/Kibris', 'Republic', 'Glafkos Klerides', 2430, 'CY'),
('CZE', 'Czech Republic', 'Europe', 'Eastern Europe', 78866.00, 1993, 10278100, 74.5, 55017.00, 52037.00, '¸esko', 'Republic', 'Václav Havel', 3339, 'CZ'),
('DEU', 'Germany', 'Europe', 'Western Europe', 357022.00, 1955, 82164700, 77.4, 2133367.00, 2102826.00, 'Deutschland', 'Federal Republic', 'Johannes Rau', 3068, 'DE'),
('DJI', 'Djibouti', 'Africa', 'Eastern Africa', 23200.00, 1977, 638000, 50.8, 382.00, 373.00, 'Djibouti/Jibuti', 'Republic', 'Ismail Omar Guelleh', 585, 'DJ'),
('DMA', 'Dominica', 'North America', 'Caribbean', 751.00, 1978, 71000, 73.4, 256.00, 243.00, 'Dominica', 'Republic', 'Vernon Shaw', 586, 'DM'),
('DNK', 'Denmark', 'Europe', 'Nordic Countries', 43094.00, 800, 5330000, 76.5, 174099.00, 169264.00, 'Danmark', 'Constitutional Monarchy', 'Margrethe II', 3315, 'DK'),
('DOM', 'Dominican Republic', 'North America', 'Caribbean', 48511.00, 1844, 8495000, 73.2, 15846.00, 15076.00, 'República Dominicana', 'Republic', 'Hipólito Mejía Domínguez', 587, 'DO'),
('DZA', 'Algeria', 'Africa', 'Northern Africa', 2381741.00, 1962, 31471000, 69.7, 49982.00, 46966.00, 'Al-Jaza’ir/Algérie', 'Republic', 'Abdelaziz Bouteflika', 35, 'DZ'),
('ECU', 'Ecuador', 'South America', 'South America', 283561.00, 1822, 12646000, 71.1, 19770.00, 19769.00, 'Ecuador', 'Republic', 'Gustavo Noboa Bejarano', 594, 'EC'),
('EGY', 'Egypt', 'Africa', 'Northern Africa', 1001449.00, 1922, 68470000, 63.3, 82710.00, 75617.00, 'Misr', 'Republic', 'Hosni Mubarak', 608, 'EG'),
('ERI', 'Eritrea', 'Africa', 'Eastern Africa', 117600.00, 1993, 3850000, 55.8, 650.00, 755.00, 'Ertra', 'Republic', 'Isayas Afewerki [Isaias Afwerki]', 652, 'ER'),
('ESH', 'Western Sahara', 'Africa', 'Northern Africa', 266000.00, NULL, 293000, 49.8, 60.00, NULL, 'As-Sahrawiya', 'Occupied by Marocco', 'Mohammed Abdel Aziz', 2453, 'EH'),
('ESP', 'Spain', 'Europe', 'Southern Europe', 505992.00, 1492, 39441700, 78.8, 553233.00, 532031.00, 'España', 'Constitutional Monarchy', 'Juan Carlos I', 653, 'ES'),
('EST', 'Estonia', 'Europe', 'Baltic Countries', 45227.00, 1991, 1439200, 69.5, 5328.00, 3371.00, 'Eesti', 'Republic', 'Lennart Meri', 3791, 'EE'),
('ETH', 'Ethiopia', 'Africa', 'Eastern Africa', 1104300.00, -1000, 62565000, 45.2, 6353.00, 6180.00, 'YeItyop´iya', 'Republic', 'Negasso Gidada', 756, 'ET'),
('FIN', 'Finland', 'Europe', 'Nordic Countries', 338145.00, 1917, 5171300, 77.4, 121914.00, 119833.00, 'Suomi', 'Republic', 'Tarja Halonen', 3236, 'FI'),
('FJI', 'Fiji Islands', 'Oceania', 'Melanesia', 18274.00, 1970, 817000, 67.9, 1536.00, 2149.00, 'Fiji Islands', 'Republic', 'Josefa Iloilo', 764, 'FJ'),
('FLK', 'Falkland Islands', 'South America', 'South America', 12173.00, NULL, 2000, NULL, 0.00, NULL, 'Falkland Islands', 'Dependent Territory of the UK', 'Elisabeth II', 763, 'FK'),
('FRA', 'France', 'Europe', 'Western Europe', 551500.00, 843, 59225700, 78.8, 1424285.00, 1392448.00, 'France', 'Republic', 'Jacques Chirac', 2974, 'FR'),
('FRO', 'Faroe Islands', 'Europe', 'Nordic Countries', 1399.00, NULL, 43000, 78.4, 0.00, NULL, 'Føroyar', 'Part of Denmark', 'Margrethe II', 901, 'FO'),
('FSM', 'Micronesia, Federated States of', 'Oceania', 'Micronesia', 702.00, 1990, 119000, 68.6, 212.00, NULL, 'Micronesia', 'Federal Republic', 'Leo A. Falcam', 2689, 'FM'),
('GAB', 'Gabon', 'Africa', 'Central Africa', 267668.00, 1960, 1226000, 50.1, 5493.00, 5279.00, 'Le Gabon', 'Republic', 'Omar Bongo', 902, 'GA'),
('GBR', 'United Kingdom', 'Europe', 'British Islands', 242900.00, 1066, 59623400, 77.7, 1378330.00, 1296830.00, 'United Kingdom', 'Constitutional Monarchy', 'Elisabeth II', 456, 'GB'),
('GEO', 'Georgia', 'Asia', 'Middle East', 69700.00, 1991, 4968000, 64.5, 6064.00, 5924.00, 'Sakartvelo', 'Republic', 'Eduard Ševardnadze', 905, 'GE'),
('GHA', 'Ghana', 'Africa', 'Western Africa', 238533.00, 1957, 20212000, 57.4, 7137.00, 6884.00, 'Ghana', 'Republic', 'John Kufuor', 910, 'GH'),
('GIB', 'Gibraltar', 'Europe', 'Southern Europe', 6.00, NULL, 25000, 79.0, 258.00, NULL, 'Gibraltar', 'Dependent Territory of the UK', 'Elisabeth II', 915, 'GI'),
('GIN', 'Guinea', 'Africa', 'Western Africa', 245857.00, 1958, 7430000, 45.6, 2352.00, 2383.00, 'Guinée', 'Republic', 'Lansana Conté', 926, 'GN'),
('GLP', 'Guadeloupe', 'North America', 'Caribbean', 1705.00, NULL, 456000, 77.0, 3501.00, NULL, 'Guadeloupe', 'Overseas Department of France', 'Jacques Chirac', 919, 'GP'),
('GMB', 'Gambia', 'Africa', 'Western Africa', 11295.00, 1965, 1305000, 53.2, 320.00, 325.00, 'The Gambia', 'Republic', 'Yahya Jammeh', 904, 'GM'),
('GNB', 'Guinea-Bissau', 'Africa', 'Western Africa', 36125.00, 1974, 1213000, 49.0, 293.00, 272.00, 'Guiné-Bissau', 'Republic', 'Kumba Ialá', 927, 'GW'),
('GNQ', 'Equatorial Guinea', 'Africa', 'Central Africa', 28051.00, 1968, 453000, 53.6, 283.00, 542.00, 'Guinea Ecuatorial', 'Republic', 'Teodoro Obiang Nguema Mbasogo', 2972, 'GQ'),
('GRC', 'Greece', 'Europe', 'Southern Europe', 131626.00, 1830, 10545700, 78.4, 120724.00, 119946.00, 'Elláda', 'Republic', 'Kostis Stefanopoulos', 2401, 'GR'),
('GRD', 'Grenada', 'North America', 'Caribbean', 344.00, 1974, 94000, 64.5, 318.00, NULL, 'Grenada', 'Constitutional Monarchy', 'Elisabeth II', 916, 'GD'),
('GRL', 'Greenland', 'North America', 'North America', 2166090.00, NULL, 56000, 68.1, 0.00, NULL, 'Kalaallit Nunaat/Grønland', 'Part of Denmark', 'Margrethe II', 917, 'GL'),
('GTM', 'Guatemala', 'North America', 'Central America', 108889.00, 1821, 11385000, 66.2, 19008.00, 17797.00, 'Guatemala', 'Republic', 'Alfonso Portillo Cabrera', 922, 'GT'),
('GUF', 'French Guiana', 'South America', 'South America', 90000.00, NULL, 181000, 76.1, 681.00, NULL, 'Guyane française', 'Overseas Department of France', 'Jacques Chirac', 3014, 'GF'),
('GUM', 'Guam', 'Oceania', 'Micronesia', 549.00, NULL, 168000, 77.8, 1197.00, 1136.00, 'Guam', 'US Territory', 'George W. Bush', 921, 'GU'),
('GUY', 'Guyana', 'South America', 'South America', 214969.00, 1966, 861000, 64.0, 722.00, 743.00, 'Guyana', 'Republic', 'Bharrat Jagdeo', 928, 'GY'),
('HKG', 'Hong Kong', 'Asia', 'Eastern Asia', 1075.00, NULL, 6782000, 79.5, 166448.00, 173610.00, 'Xianggang/Hong Kong', 'Special Administrative Region of China', 'Jiang Zemin', 937, 'HK'),
('HMD', 'Heard Island and McDonald Islands', 'Antarctica', 'Antarctica', 359.00, NULL, 0, NULL, 0.00, NULL, 'Heard and McDonald Islands', 'Territory of Australia', 'Elisabeth II', NULL, 'HM'),
('HND', 'Honduras', 'North America', 'Central America', 112088.00, 1838, 6485000, 69.9, 5333.00, 4697.00, 'Honduras', 'Republic', 'Carlos Roberto Flores Facussé', 933, 'HN'),
('HRV', 'Croatia', 'Europe', 'Southern Europe', 56538.00, 1991, 4473000, 73.7, 20208.00, 19300.00, 'Hrvatska', 'Republic', 'Štipe Mesic', 2409, 'HR'),
('HTI', 'Haiti', 'North America', 'Caribbean', 27750.00, 1804, 8222000, 49.2, 3459.00, 3107.00, 'Haïti/Dayti', 'Republic', 'Jean-Bertrand Aristide', 929, 'HT'),
('HUN', 'Hungary', 'Europe', 'Eastern Europe', 93030.00, 1918, 10043200, 71.4, 48267.00, 45914.00, 'Magyarország', 'Republic', 'Ferenc Mádl', 3483, 'HU'),
('IDN', 'Indonesia', 'Asia', 'Southeast Asia', 1904569.00, 1945, 212107000, 68.0, 84982.00, 215002.00, 'Indonesia', 'Republic', 'Abdurrahman Wahid', 939, 'ID'),
('IND', 'India', 'Asia', 'Southern and Central Asia', 3287263.00, 1947, 1013662000, 62.5, 447114.00, 430572.00, 'Bharat/India', 'Federal Republic', 'Kocheril Raman Narayanan', 1109, 'IN'),
('IOT', 'British Indian Ocean Territory', 'Africa', 'Eastern Africa', 78.00, NULL, 0, NULL, 0.00, NULL, 'British Indian Ocean Territory', 'Dependent Territory of the UK', 'Elisabeth II', NULL, 'IO'),
('IRL', 'Ireland', 'Europe', 'British Islands', 70273.00, 1921, 3775100, 76.8, 75921.00, 73132.00, 'Ireland/Éire', 'Republic', 'Mary McAleese', 1447, 'IE'),
('IRN', 'Iran', 'Asia', 'Southern and Central Asia', 1648195.00, 1906, 67702000, 69.7, 195746.00, 160151.00, 'Iran', 'Islamic Republic', 'Ali Mohammad Khatami-Ardakani', 1380, 'IR'),
('IRQ', 'Iraq', 'Asia', 'Middle East', 438317.00, 1932, 23115000, 66.5, 11500.00, NULL, 'Al-´Iraq', 'Republic', 'Saddam Hussein al-Takriti', 1365, 'IQ'),
('ISL', 'Iceland', 'Europe', 'Nordic Countries', 103000.00, 1944, 279000, 79.4, 8255.00, 7474.00, 'Ísland', 'Republic', 'Ólafur Ragnar Grímsson', 1449, 'IS'),
('ISR', 'Israel', 'Asia', 'Middle East', 21056.00, 1948, 6217000, 78.6, 97477.00, 98577.00, 'Yisra’el/Isra’il', 'Republic', 'Moshe Katzav', 1450, 'IL'),
('ITA', 'Italy', 'Europe', 'Southern Europe', 301316.00, 1861, 57680000, 79.0, 1161755.00, 1145372.00, 'Italia', 'Republic', 'Carlo Azeglio Ciampi', 1464, 'IT'),
('JAM', 'Jamaica', 'North America', 'Caribbean', 10990.00, 1962, 2583000, 75.2, 6871.00, 6722.00, 'Jamaica', 'Constitutional Monarchy', 'Elisabeth II', 1530, 'JM'),
('JOR', 'Jordan', 'Asia', 'Middle East', 88946.00, 1946, 5083000, 77.4, 7526.00, 7051.00, 'Al-Urdunn', 'Constitutional Monarchy', 'Abdullah II', 1786, 'JO'),
('JPN', 'Japan', 'Asia', 'Eastern Asia', 377829.00, -660, 126714000, 80.7, 3787042.00, 4192638.00, 'Nihon/Nippon', 'Constitutional Monarchy', 'Akihito', 1532, 'JP'),
('KAZ', 'Kazakstan', 'Asia', 'Southern and Central Asia', 2724900.00, 1991, 16223000, 63.2, 24375.00, 23383.00, 'Qazaqstan', 'Republic', 'Nursultan Nazarbajev', 1864, 'KZ'),
('KEN', 'Kenya', 'Africa', 'Eastern Africa', 580367.00, 1963, 30080000, 48.0, 9217.00, 10241.00, 'Kenya', 'Republic', 'Daniel arap Moi', 1881, 'KE'),
('KGZ', 'Kyrgyzstan', 'Asia', 'Southern and Central Asia', 199900.00, 1991, 4699000, 63.4, 1626.00, 1767.00, 'Kyrgyzstan', 'Republic', 'Askar Akajev', 2253, 'KG'),
('KHM', 'Cambodia', 'Asia', 'Southeast Asia', 181035.00, 1953, 11168000, 56.5, 5121.00, 5670.00, 'Kâmpuchéa', 'Constitutional Monarchy', 'Norodom Sihanouk', 1800, 'KH'),
('KIR', 'Kiribati', 'Oceania', 'Micronesia', 726.00, 1979, 83000, 59.8, 40.70, NULL, 'Kiribati', 'Republic', 'Teburoro Tito', 2256, 'KI'),
('KNA', 'Saint Kitts and Nevis', 'North America', 'Caribbean', 261.00, 1983, 38000, 70.7, 299.00, NULL, 'Saint Kitts and Nevis', 'Constitutional Monarchy', 'Elisabeth II', 3064, 'KN'),
('KOR', 'South Korea', 'Asia', 'Eastern Asia', 99434.00, 1948, 46844000, 74.4, 320749.00, 442544.00, 'Taehan Min’guk (Namhan)', 'Republic', 'Kim Dae-jung', 2331, 'KR'),
('KWT', 'Kuwait', 'Asia', 'Middle East', 17818.00, 1961, 1972000, 76.1, 27037.00, 30373.00, 'Al-Kuwayt', 'Constitutional Monarchy (Emirate)', 'Jabir al-Ahmad al-Jabir al-Sabah', 2429, 'KW'),
('LAO', 'Laos', 'Asia', 'Southeast Asia', 236800.00, 1953, 5433000, 53.1, 1292.00, 1746.00, 'Lao', 'Republic', 'Khamtay Siphandone', 2432, 'LA'),
('LBN', 'Lebanon', 'Asia', 'Middle East', 10400.00, 1941, 3282000, 71.3, 17121.00, 15129.00, 'Lubnan', 'Republic', 'Émile Lahoud', 2438, 'LB'),
('LBR', 'Liberia', 'Africa', 'Western Africa', 111369.00, 1847, 3154000, 51.0, 2012.00, NULL, 'Liberia', 'Republic', 'Charles Taylor', 2440, 'LR'),
('LBY', 'Libyan Arab Jamahiriya', 'Africa', 'Northern Africa', 1759540.00, 1951, 5605000, 75.5, 44806.00, 40562.00, 'Libiya', 'Socialistic State', 'Muammar al-Qadhafi', 2441, 'LY'),
('LCA', 'Saint Lucia', 'North America', 'Caribbean', 622.00, 1979, 154000, 72.3, 571.00, NULL, 'Saint Lucia', 'Constitutional Monarchy', 'Elisabeth II', 3065, 'LC'),
('LIE', 'Liechtenstein', 'Europe', 'Western Europe', 160.00, 1806, 32300, 78.8, 1119.00, 1084.00, 'Liechtenstein', 'Constitutional Monarchy', 'Hans-Adam II', 2446, 'LI'),
('LKA', 'Sri Lanka', 'Asia', 'Southern and Central Asia', 65610.00, 1948, 18827000, 71.8, 15706.00, 15091.00, 'Sri Lanka/Ilankai', 'Republic', 'Chandrika Kumaratunga', 3217, 'LK'),
('LSO', 'Lesotho', 'Africa', 'Southern Africa', 30355.00, 1966, 2153000, 50.8, 1061.00, 1161.00, 'Lesotho', 'Constitutional Monarchy', 'Letsie III', 2437, 'LS'),
('LTU', 'Lithuania', 'Europe', 'Baltic Countries', 65301.00, 1991, 3698500, 69.1, 10692.00, 9585.00, 'Lietuva', 'Republic', 'Valdas Adamkus', 2447, 'LT'),
('LUX', 'Luxembourg', 'Europe', 'Western Europe', 2586.00, 1867, 435700, 77.1, 16321.00, 15519.00, 'Luxembourg/Lëtzebuerg', 'Constitutional Monarchy', 'Henri', 2452, 'LU'),
('LVA', 'Latvia', 'Europe', 'Baltic Countries', 64589.00, 1991, 2424200, 68.4, 6398.00, 5639.00, 'Latvija', 'Republic', 'Vaira Vike-Freiberga', 2434, 'LV'),
('MAC', 'Macao', 'Asia', 'Eastern Asia', 18.00, NULL, 473000, 81.6, 5749.00, 5940.00, 'Macau/Aomen', 'Special Administrative Region of China', 'Jiang Zemin', 2454, 'MO'),
('MAR', 'Morocco', 'Africa', 'Northern Africa', 446550.00, 1956, 28351000, 69.1, 36124.00, 33514.00, 'Al-Maghrib', 'Constitutional Monarchy', 'Mohammed VI', 2486, 'MA'),
('MCO', 'Monaco', 'Europe', 'Western Europe', 1.50, 1861, 34000, 78.8, 776.00, NULL, 'Monaco', 'Constitutional Monarchy', 'Rainier III', 2695, 'MC'),
('MDA', 'Moldova', 'Europe', 'Eastern Europe', 33851.00, 1991, 4380000, 64.5, 1579.00, 1872.00, 'Moldova', 'Republic', 'Vladimir Voronin', 2690, 'MD'),
('MDG', 'Madagascar', 'Africa', 'Eastern Africa', 587041.00, 1960, 15942000, 55.0, 3750.00, 3545.00, 'Madagasikara/Madagascar', 'Federal Republic', 'Didier Ratsiraka', 2455, 'MG'),
('MDV', 'Maldives', 'Asia', 'Southern and Central Asia', 298.00, 1965, 286000, 62.2, 199.00, NULL, 'Dhivehi Raajje/Maldives', 'Republic', 'Maumoon Abdul Gayoom', 2463, 'MV'),
('MEX', 'Mexico', 'North America', 'Central America', 1958201.00, 1810, 98881000, 71.5, 414972.00, 401461.00, 'México', 'Federal Republic', 'Vicente Fox Quesada', 2515, 'MX'),
('MHL', 'Marshall Islands', 'Oceania', 'Micronesia', 181.00, 1990, 64000, 65.5, 97.00, NULL, 'Marshall Islands/Majol', 'Republic', 'Kessai Note', 2507, 'MH'),
('MKD', 'Macedonia', 'Europe', 'Southern Europe', 25713.00, 1991, 2024000, 73.8, 1694.00, 1915.00, 'Makedonija', 'Republic', 'Boris Trajkovski', 2460, 'MK'),
('MLI', 'Mali', 'Africa', 'Western Africa', 1240192.00, 1960, 11234000, 46.7, 2642.00, 2453.00, 'Mali', 'Republic', 'Alpha Oumar Konaré', 2482, 'ML'),
('MLT', 'Malta', 'Europe', 'Southern Europe', 316.00, 1964, 380200, 77.9, 3512.00, 3338.00, 'Malta', 'Republic', 'Guido de Marco', 2484, 'MT'),
('MMR', 'Myanmar', 'Asia', 'Southeast Asia', 676578.00, 1948, 45611000, 54.9, 180375.00, 171028.00, 'Myanma Pye', 'Republic', 'kenraali Than Shwe', 2710, 'MM'),
('MNG', 'Mongolia', 'Asia', 'Eastern Asia', 1566500.00, 1921, 2662000, 67.3, 1043.00, 933.00, 'Mongol Uls', 'Republic', 'Natsagiin Bagabandi', 2696, 'MN'),
('MNP', 'Northern Mariana Islands', 'Oceania', 'Micronesia', 464.00, NULL, 78000, 75.5, 0.00, NULL, 'Northern Mariana Islands', 'Commonwealth of the US', 'George W. Bush', 2913, 'MP'),
('MOZ', 'Mozambique', 'Africa', 'Eastern Africa', 801590.00, 1975, 19680000, 37.5, 2891.00, 2711.00, 'Moçambique', 'Republic', 'Joaquím A. Chissano', 2698, 'MZ'),
('MRT', 'Mauritania', 'Africa', 'Western Africa', 1025520.00, 1960, 2670000, 50.8, 998.00, 1081.00, 'Muritaniya/Mauritanie', 'Republic', 'Maaouiya Ould Sid´Ahmad Taya', 2509, 'MR'),
('MSR', 'Montserrat', 'North America', 'Caribbean', 102.00, NULL, 11000, 78.0, 109.00, NULL, 'Montserrat', 'Dependent Territory of the UK', 'Elisabeth II', 2697, 'MS'),
('MTQ', 'Martinique', 'North America', 'Caribbean', 1102.00, NULL, 395000, 78.3, 2731.00, 2559.00, 'Martinique', 'Overseas Department of France', 'Jacques Chirac', 2508, 'MQ'),
('MUS', 'Mauritius', 'Africa', 'Eastern Africa', 2040.00, 1968, 1158000, 71.0, 4251.00, 4186.00, 'Mauritius', 'Republic', 'Cassam Uteem', 2511, 'MU'),
('MWI', 'Malawi', 'Africa', 'Eastern Africa', 118484.00, 1964, 10925000, 37.6, 1687.00, 2527.00, 'Malawi', 'Republic', 'Bakili Muluzi', 2462, 'MW'),
('MYS', 'Malaysia', 'Asia', 'Southeast Asia', 329758.00, 1957, 22244000, 70.8, 69213.00, 97884.00, 'Malaysia', 'Constitutional Monarchy, Federation', 'Salahuddin Abdul Aziz Shah Alhaj', 2464, 'MY'),
('MYT', 'Mayotte', 'Africa', 'Eastern Africa', 373.00, NULL, 149000, 59.5, 0.00, NULL, 'Mayotte', 'Territorial Collectivity of France', 'Jacques Chirac', 2514, 'YT'),
('NAM', 'Namibia', 'Africa', 'Southern Africa', 824292.00, 1990, 1726000, 42.5, 3101.00, 3384.00, 'Namibia', 'Republic', 'Sam Nujoma', 2726, 'NA'),
('NCL', 'New Caledonia', 'Oceania', 'Melanesia', 18575.00, NULL, 214000, 72.8, 3563.00, NULL, 'Nouvelle-Calédonie', 'Nonmetropolitan Territory of France', 'Jacques Chirac', 3493, 'NC'),
('NER', 'Niger', 'Africa', 'Western Africa', 1267000.00, 1960, 10730000, 41.3, 1706.00, 1580.00, 'Niger', 'Republic', 'Mamadou Tandja', 2738, 'NE'),
('NFK', 'Norfolk Island', 'Oceania', 'Australia and New Zealand', 36.00, NULL, 2000, NULL, 0.00, NULL, 'Norfolk Island', 'Territory of Australia', 'Elisabeth II', 2806, 'NF'),
('NGA', 'Nigeria', 'Africa', 'Western Africa', 923768.00, 1960, 111506000, 51.6, 65707.00, 58623.00, 'Nigeria', 'Federal Republic', 'Olusegun Obasanjo', 2754, 'NG'),
('NIC', 'Nicaragua', 'North America', 'Central America', 130000.00, 1838, 5074000, 68.7, 1988.00, 2023.00, 'Nicaragua', 'Republic', 'Arnoldo Alemán Lacayo', 2734, 'NI'),
('NIU', 'Niue', 'Oceania', 'Polynesia', 260.00, NULL, 2000, NULL, 0.00, NULL, 'Niue', 'Nonmetropolitan Territory of New Zealand', 'Elisabeth II', 2805, 'NU'),
('NLD', 'Netherlands', 'Europe', 'Western Europe', 41526.00, 1581, 15864000, 78.3, 371362.00, 360478.00, 'Nederland', 'Constitutional Monarchy', 'Beatrix', 5, 'NL'),
('NOR', 'Norway', 'Europe', 'Nordic Countries', 323877.00, 1905, 4478500, 78.7, 145895.00, 153370.00, 'Norge', 'Constitutional Monarchy', 'Harald V', 2807, 'NO'),
('NPL', 'Nepal', 'Asia', 'Southern and Central Asia', 147181.00, 1769, 23930000, 57.8, 4768.00, 4837.00, 'Nepal', 'Constitutional Monarchy', 'Gyanendra Bir Bikram', 2729, 'NP'),
('NRU', 'Nauru', 'Oceania', 'Micronesia', 21.00, 1968, 12000, 60.8, 197.00, NULL, 'Naoero/Nauru', 'Republic', 'Bernard Dowiyogo', 2728, 'NR'),
('NZL', 'New Zealand', 'Oceania', 'Australia and New Zealand', 270534.00, 1907, 3862000, 77.8, 54669.00, 64960.00, 'New Zealand/Aotearoa', 'Constitutional Monarchy', 'Elisabeth II', 3499, 'NZ'),
('OMN', 'Oman', 'Asia', 'Middle East', 309500.00, 1951, 2542000, 71.8, 16904.00, 16153.00, '´Uman', 'Monarchy (Sultanate)', 'Qabus ibn Sa´id', 2821, 'OM'),
('PAK', 'Pakistan', 'Asia', 'Southern and Central Asia', 796095.00, 1947, 156483000, 61.1, 61289.00, 58549.00, 'Pakistan', 'Republic', 'Mohammad Rafiq Tarar', 2831, 'PK'),
('PAN', 'Panama', 'North America', 'Central America', 75517.00, 1903, 2856000, 75.5, 9131.00, 8700.00, 'Panamá', 'Republic', 'Mireya Elisa Moscoso Rodríguez', 2882, 'PA'),
('PCN', 'Pitcairn', 'Oceania', 'Polynesia', 49.00, NULL, 50, NULL, 0.00, NULL, 'Pitcairn', 'Dependent Territory of the UK', 'Elisabeth II', 2912, 'PN'),
('PER', 'Peru', 'South America', 'South America', 1285216.00, 1821, 25662000, 70.0, 64140.00, 65186.00, 'Perú/Piruw', 'Republic', 'Valentin Paniagua Corazao', 2890, 'PE'),
('PHL', 'Philippines', 'Asia', 'Southeast Asia', 300000.00, 1946, 75967000, 67.5, 65107.00, 82239.00, 'Pilipinas', 'Republic', 'Gloria Macapagal-Arroyo', 766, 'PH'),
('PLW', 'Palau', 'Oceania', 'Micronesia', 459.00, 1994, 19000, 68.6, 105.00, NULL, 'Belau/Palau', 'Republic', 'Kuniwo Nakamura', 2881, 'PW'),
('PNG', 'Papua New Guinea', 'Oceania', 'Melanesia', 462840.00, 1975, 4807000, 63.1, 4988.00, 6328.00, 'Papua New Guinea/Papua Niugini', 'Constitutional Monarchy', 'Elisabeth II', 2884, 'PG'),
('POL', 'Poland', 'Europe', 'Eastern Europe', 323250.00, 1918, 38653600, 73.2, 151697.00, 135636.00, 'Polska', 'Republic', 'Aleksander Kwasniewski', 2928, 'PL'),
('PRI', 'Puerto Rico', 'North America', 'Caribbean', 8875.00, NULL, 3869000, 75.6, 34100.00, 32100.00, 'Puerto Rico', 'Commonwealth of the US', 'George W. Bush', 2919, 'PR'),
('PRK', 'North Korea', 'Asia', 'Eastern Asia', 120538.00, 1948, 24039000, 70.7, 5332.00, NULL, 'Choson Minjujuui In´min Konghwaguk (Bukhan)', 'Socialistic Republic', 'Kim Jong-il', 2318, 'KP'),
('PRT', 'Portugal', 'Europe', 'Southern Europe', 91982.00, 1143, 9997600, 75.8, 105954.00, 102133.00, 'Portugal', 'Republic', 'Jorge Sampãio', 2914, 'PT'),
('PRY', 'Paraguay', 'South America', 'South America', 406752.00, 1811, 5496000, 73.7, 8444.00, 9555.00, 'Paraguay', 'Republic', 'Luis Ángel González Macchi', 2885, 'PY'),
('PSE', 'Palestine', 'Asia', 'Middle East', 6257.00, NULL, 3101000, 71.4, 4173.00, NULL, 'Filastin', 'Autonomous Area', 'Yasser (Yasir) Arafat', 4074, 'PS'),
('PYF', 'French Polynesia', 'Oceania', 'Polynesia', 4000.00, NULL, 235000, 74.8, 818.00, 781.00, 'Polynésie française', 'Nonmetropolitan Territory of France', 'Jacques Chirac', 3016, 'PF'),
('QAT', 'Qatar', 'Asia', 'Middle East', 11000.00, 1971, 599000, 72.4, 9472.00, 8920.00, 'Qatar', 'Monarchy', 'Hamad ibn Khalifa al-Thani', 2973, 'QA'),
('REU', 'Réunion', 'Africa', 'Eastern Africa', 2510.00, NULL, 699000, 72.7, 8287.00, 7988.00, 'Réunion', 'Overseas Department of France', 'Jacques Chirac', 3017, 'RE'),
('ROM', 'Romania', 'Europe', 'Eastern Europe', 238391.00, 1878, 22455500, 69.9, 38158.00, 34843.00, 'România', 'Republic', 'Ion Iliescu', 3018, 'RO'),
('RUS', 'Russian Federation', 'Europe', 'Eastern Europe', 17075400.00, 1991, 146934000, 67.2, 276608.00, 442989.00, 'Rossija', 'Federal Republic', 'Vladimir Putin', 3580, 'RU'),
('RWA', 'Rwanda', 'Africa', 'Eastern Africa', 26338.00, 1962, 7733000, 39.3, 2036.00, 1863.00, 'Rwanda/Urwanda', 'Republic', 'Paul Kagame', 3047, 'RW'),
('SAU', 'Saudi Arabia', 'Asia', 'Middle East', 2149690.00, 1932, 21607000, 67.8, 137635.00, 146171.00, 'Al-´Arabiya as-Sa´udiya', 'Monarchy', 'Fahd ibn Abdul-Aziz al-Sa´ud', 3173, 'SA'),
('SDN', 'Sudan', 'Africa', 'Northern Africa', 2505813.00, 1956, 29490000, 56.6, 10162.00, NULL, 'As-Sudan', 'Islamic Republic', 'Omar Hassan Ahmad al-Bashir', 3225, 'SD'),
('SEN', 'Senegal', 'Africa', 'Western Africa', 196722.00, 1960, 9481000, 62.2, 4787.00, 4542.00, 'Sénégal/Sounougal', 'Republic', 'Abdoulaye Wade', 3198, 'SN'),
('SGP', 'Singapore', 'Asia', 'Southeast Asia', 618.00, 1965, 3567000, 80.1, 86503.00, 96318.00, 'Singapore/Singapura/Xinjiapo/Singapur', 'Republic', 'Sellapan Rama Nathan', 3208, 'SG'),
('SGS', 'South Georgia and the South Sandwich Islands', 'Antarctica', 'Antarctica', 3903.00, NULL, 0, NULL, 0.00, NULL, 'South Georgia and the South Sandwich Islands', 'Dependent Territory of the UK', 'Elisabeth II', NULL, 'GS'),
('SHN', 'Saint Helena', 'Africa', 'Western Africa', 314.00, NULL, 6000, 76.8, 0.00, NULL, 'Saint Helena', 'Dependent Territory of the UK', 'Elisabeth II', 3063, 'SH'),
('SJM', 'Svalbard and Jan Mayen', 'Europe', 'Nordic Countries', 62422.00, NULL, 3200, NULL, 0.00, NULL, 'Svalbard og Jan Mayen', 'Dependent Territory of Norway', 'Harald V', 938, 'SJ'),
('SLB', 'Solomon Islands', 'Oceania', 'Melanesia', 28896.00, 1978, 444000, 71.3, 182.00, 220.00, 'Solomon Islands', 'Constitutional Monarchy', 'Elisabeth II', 3161, 'SB'),
('SLE', 'Sierra Leone', 'Africa', 'Western Africa', 71740.00, 1961, 4854000, 45.3, 746.00, 858.00, 'Sierra Leone', 'Republic', 'Ahmed Tejan Kabbah', 3207, 'SL'),
('SLV', 'El Salvador', 'North America', 'Central America', 21041.00, 1841, 6276000, 69.7, 11863.00, 11203.00, 'El Salvador', 'Republic', 'Francisco Guillermo Flores Pérez', 645, 'SV'),
('SMR', 'San Marino', 'Europe', 'Southern Europe', 61.00, 885, 27000, 81.1, 510.00, NULL, 'San Marino', 'Republic', NULL, 3171, 'SM'),
('SOM', 'Somalia', 'Africa', 'Eastern Africa', 637657.00, 1960, 10097000, 46.2, 935.00, NULL, 'Soomaaliya', 'Republic', 'Abdiqassim Salad Hassan', 3214, 'SO'),
('SPM', 'Saint Pierre and Miquelon', 'North America', 'North America', 242.00, NULL, 7000, 77.6, 0.00, NULL, 'Saint-Pierre-et-Miquelon', 'Territorial Collectivity of France', 'Jacques Chirac', 3067, 'PM'),
('STP', 'Sao Tome and Principe', 'Africa', 'Central Africa', 964.00, 1975, 147000, 65.3, 6.00, NULL, 'São Tomé e Príncipe', 'Republic', 'Miguel Trovoada', 3172, 'ST'),
('SUR', 'Suriname', 'South America', 'South America', 163265.00, 1975, 417000, 71.4, 870.00, 706.00, 'Suriname', 'Republic', 'Ronald Venetiaan', 3243, 'SR'),
('SVK', 'Slovakia', 'Europe', 'Eastern Europe', 49012.00, 1993, 5398700, 73.7, 20594.00, 19452.00, 'Slovensko', 'Republic', 'Rudolf Schuster', 3209, 'SK'),
('SVN', 'Slovenia', 'Europe', 'Southern Europe', 20256.00, 1991, 1987800, 74.9, 19756.00, 18202.00, 'Slovenija', 'Republic', 'Milan Kucan', 3212, 'SI'),
('SWE', 'Sweden', 'Europe', 'Nordic Countries', 449964.00, 836, 8861400, 79.6, 226492.00, 227757.00, 'Sverige', 'Constitutional Monarchy', 'Carl XVI Gustaf', 3048, 'SE'),
('SWZ', 'Swaziland', 'Africa', 'Southern Africa', 17364.00, 1968, 1008000, 40.4, 1206.00, 1312.00, 'kaNgwane', 'Monarchy', 'Mswati III', 3244, 'SZ'),
('SYC', 'Seychelles', 'Africa', 'Eastern Africa', 455.00, 1976, 77000, 70.4, 536.00, 539.00, 'Sesel/Seychelles', 'Republic', 'France-Albert René', 3206, 'SC'),
('SYR', 'Syria', 'Asia', 'Middle East', 185180.00, 1941, 16125000, 68.5, 65984.00, 64926.00, 'Suriya', 'Republic', 'Bashar al-Assad', 3250, 'SY'),
('TCA', 'Turks and Caicos Islands', 'North America', 'Caribbean', 430.00, NULL, 17000, 73.3, 96.00, NULL, 'The Turks and Caicos Islands', 'Dependent Territory of the UK', 'Elisabeth II', 3423, 'TC'),
('TCD', 'Chad', 'Africa', 'Central Africa', 1284000.00, 1960, 7651000, 50.5, 1208.00, 1102.00, 'Tchad/Tshad', 'Republic', 'Idriss Déby', 3337, 'TD'),
('TGO', 'Togo', 'Africa', 'Western Africa', 56785.00, 1960, 4629000, 54.7, 1449.00, 1400.00, 'Togo', 'Republic', 'Gnassingbé Eyadéma', 3332, 'TG'),
('THA', 'Thailand', 'Asia', 'Southeast Asia', 513115.00, 1350, 61399000, 68.6, 116416.00, 153907.00, 'Prathet Thai', 'Constitutional Monarchy', 'Bhumibol Adulyadej', 3320, 'TH'),
('TJK', 'Tajikistan', 'Asia', 'Southern and Central Asia', 143100.00, 1991, 6188000, 64.1, 1990.00, 1056.00, 'Toçikiston', 'Republic', 'Emomali Rahmonov', 3261, 'TJ'),
('TKL', 'Tokelau', 'Oceania', 'Polynesia', 12.00, NULL, 2000, NULL, 0.00, NULL, 'Tokelau', 'Nonmetropolitan Territory of New Zealand', 'Elisabeth II', 3333, 'TK'),
('TKM', 'Turkmenistan', 'Asia', 'Southern and Central Asia', 488100.00, 1991, 4459000, 60.9, 4397.00, 2000.00, 'Türkmenostan', 'Republic', 'Saparmurad Nijazov', 3419, 'TM'),
('TMP', 'East Timor', 'Asia', 'Southeast Asia', 14874.00, NULL, 885000, 46.0, 0.00, NULL, 'Timor Timur', 'Administrated by the UN', 'José Alexandre Gusmão', 1522, 'TP'),
('TON', 'Tonga', 'Oceania', 'Polynesia', 650.00, 1970, 99000, 67.9, 146.00, 170.00, 'Tonga', 'Monarchy', 'Taufa\'ahau Tupou IV', 3334, 'TO'),
('TTO', 'Trinidad and Tobago', 'North America', 'Caribbean', 5130.00, 1962, 1295000, 68.0, 6232.00, 5867.00, 'Trinidad and Tobago', 'Republic', 'Arthur N. R. Robinson', 3336, 'TT'),
('TUN', 'Tunisia', 'Africa', 'Northern Africa', 163610.00, 1956, 9586000, 73.7, 20026.00, 18898.00, 'Tunis/Tunisie', 'Republic', 'Zine al-Abidine Ben Ali', 3349, 'TN'),
('TUR', 'Turkey', 'Asia', 'Middle East', 774815.00, 1923, 66591000, 71.0, 210721.00, 189122.00, 'Türkiye', 'Republic', 'Ahmet Necdet Sezer', 3358, 'TR'),
('TUV', 'Tuvalu', 'Oceania', 'Polynesia', 26.00, 1978, 12000, 66.3, 6.00, NULL, 'Tuvalu', 'Constitutional Monarchy', 'Elisabeth II', 3424, 'TV'),
('TWN', 'Taiwan', 'Asia', 'Eastern Asia', 36188.00, 1945, 22256000, 76.4, 256254.00, 263451.00, 'T’ai-wan', 'Republic', 'Chen Shui-bian', 3263, 'TW'),
('TZA', 'Tanzania', 'Africa', 'Eastern Africa', 883749.00, 1961, 33517000, 52.3, 8005.00, 7388.00, 'Tanzania', 'Republic', 'Benjamin William Mkapa', 3306, 'TZ'),
('UGA', 'Uganda', 'Africa', 'Eastern Africa', 241038.00, 1962, 21778000, 42.9, 6313.00, 6887.00, 'Uganda', 'Republic', 'Yoweri Museveni', 3425, 'UG'),
('UKR', 'Ukraine', 'Europe', 'Eastern Europe', 603700.00, 1991, 50456000, 66.0, 42168.00, 49677.00, 'Ukrajina', 'Republic', 'Leonid Kutšma', 3426, 'UA'),
('UMI', 'United States Minor Outlying Islands', 'Oceania', 'Micronesia/Caribbean', 16.00, NULL, 0, NULL, 0.00, NULL, 'United States Minor Outlying Islands', 'Dependent Territory of the US', 'George W. Bush', NULL, 'UM'),
('URY', 'Uruguay', 'South America', 'South America', 175016.00, 1828, 3337000, 75.2, 20831.00, 19967.00, 'Uruguay', 'Republic', 'Jorge Batlle Ibáñez', 3492, 'UY'),
('USA', 'United States', 'North America', 'North America', 9363520.00, 1776, 278357000, 77.1, 8510700.00, 8110900.00, 'United States', 'Federal Republic', 'George W. Bush', 3813, 'US'),
('UZB', 'Uzbekistan', 'Asia', 'Southern and Central Asia', 447400.00, 1991, 24318000, 63.7, 14194.00, 21300.00, 'Uzbekiston', 'Republic', 'Islam Karimov', 3503, 'UZ'),
('VAT', 'Holy See (Vatican City State)', 'Europe', 'Southern Europe', 0.40, 1929, 1000, NULL, 9.00, NULL, 'Santa Sede/Città del Vaticano', 'Independent Church State', 'Johannes Paavali II', 3538, 'VA'),
('VCT', 'Saint Vincent and the Grenadines', 'North America', 'Caribbean', 388.00, 1979, 114000, 72.3, 285.00, NULL, 'Saint Vincent and the Grenadines', 'Constitutional Monarchy', 'Elisabeth II', 3066, 'VC'),
('VEN', 'Venezuela', 'South America', 'South America', 912050.00, 1811, 24170000, 73.1, 95023.00, 88434.00, 'Venezuela', 'Federal Republic', 'Hugo Chávez Frías', 3539, 'VE'),
('VGB', 'Virgin Islands, British', 'North America', 'Caribbean', 151.00, NULL, 21000, 75.4, 612.00, 573.00, 'British Virgin Islands', 'Dependent Territory of the UK', 'Elisabeth II', 537, 'VG'),
('VIR', 'Virgin Islands, U.S.', 'North America', 'Caribbean', 347.00, NULL, 93000, 78.1, 0.00, NULL, 'Virgin Islands of the United States', 'US Territory', 'George W. Bush', 4067, 'VI'),
('VNM', 'Vietnam', 'Asia', 'Southeast Asia', 331689.00, 1945, 79832000, 69.3, 21929.00, 22834.00, 'Viêt Nam', 'Socialistic Republic', 'Trân Duc Luong', 3770, 'VN'),
('VUT', 'Vanuatu', 'Oceania', 'Melanesia', 12189.00, 1980, 190000, 60.6, 261.00, 246.00, 'Vanuatu', 'Republic', 'John Bani', 3537, 'VU'),
('WLF', 'Wallis and Futuna', 'Oceania', 'Polynesia', 200.00, NULL, 15000, NULL, 0.00, NULL, 'Wallis-et-Futuna', 'Nonmetropolitan Territory of France', 'Jacques Chirac', 3536, 'WF'),
('WSM', 'Samoa', 'Oceania', 'Polynesia', 2831.00, 1962, 180000, 69.2, 141.00, 157.00, 'Samoa', 'Parlementary Monarchy', 'Malietoa Tanumafili II', 3169, 'WS'),
('YEM', 'Yemen', 'Asia', 'Middle East', 527968.00, 1918, 18112000, 59.8, 6041.00, 5729.00, 'Al-Yaman', 'Republic', 'Ali Abdallah Salih', 1780, 'YE'),
('YUG', 'Yugoslavia', 'Europe', 'Southern Europe', 102173.00, 1918, 10640000, 72.4, 17000.00, NULL, 'Jugoslavija', 'Federal Republic', 'Vojislav Koštunica', 1792, 'YU'),
('ZAF', 'South Africa', 'Africa', 'Southern Africa', 1221037.00, 1910, 40377000, 51.1, 116729.00, 129092.00, 'South Africa', 'Republic', 'Thabo Mbeki', 716, 'ZA'),
('ZMB', 'Zambia', 'Africa', 'Eastern Africa', 752618.00, 1964, 9169000, 37.2, 3377.00, 3922.00, 'Zambia', 'Republic', 'Frederick Chiluba', 3162, 'ZM'),
('ZWE', 'Zimbabwe', 'Africa', 'Eastern Africa', 390757.00, 1980, 11669000, 37.8, 5951.00, 8670.00, 'Zimbabwe', 'Republic', 'Robert G. Mugabe', 4068, 'ZW');

-- --------------------------------------------------------

--
-- テーブルの構造 `countrylanguage`
--

CREATE TABLE `countrylanguage` (
  `CountryCode` char(3) NOT NULL DEFAULT '',
  `Language` char(30) NOT NULL DEFAULT '',
  `IsOfficial` enum('T','F') NOT NULL DEFAULT 'F',
  `Percentage` float(4,1) NOT NULL DEFAULT 0.0
) ENGINE=MyISAM DEFAULT CHARSET=latin1;

--
-- テーブルのデータのダンプ `countrylanguage`
--

INSERT INTO `countrylanguage` (`CountryCode`, `Language`, `IsOfficial`, `Percentage`) VALUES
('ABW', 'Dutch', 'T', 5.3),
('ABW', 'English', 'F', 9.5),
('ABW', 'Papiamento', 'F', 76.7),
('ABW', 'Spanish', 'F', 7.4),
('AFG', 'Balochi', 'F', 0.9),
('AFG', 'Dari', 'T', 32.1),
('AFG', 'Pashto', 'T', 52.4),
('AFG', 'Turkmenian', 'F', 1.9),
('AFG', 'Uzbek', 'F', 8.8),
('AGO', 'Ambo', 'F', 2.4),
('AGO', 'Chokwe', 'F', 4.2),
('AGO', 'Kongo', 'F', 13.2),
('AGO', 'Luchazi', 'F', 2.4),
('AGO', 'Luimbe-nganguela', 'F', 5.4),
('AGO', 'Luvale', 'F', 3.6),
('AGO', 'Mbundu', 'F', 21.6),
('AGO', 'Nyaneka-nkhumbi', 'F', 5.4),
('AGO', 'Ovimbundu', 'F', 37.2),
('AIA', 'English', 'T', 0.0),
('ALB', 'Albaniana', 'T', 97.9),
('ALB', 'Greek', 'F', 1.8),
('ALB', 'Macedonian', 'F', 0.1),
('AND', 'Catalan', 'T', 32.3),
('AND', 'French', 'F', 6.2),
('AND', 'Portuguese', 'F', 10.8),
('AND', 'Spanish', 'F', 44.6),
('ANT', 'Dutch', 'T', 0.0),
('ANT', 'English', 'F', 7.8),
('ANT', 'Papiamento', 'T', 86.2),
('ARE', 'Arabic', 'T', 42.0),
('ARE', 'Hindi', 'F', 0.0),
('ARG', 'Indian Languages', 'F', 0.3),
('ARG', 'Italian', 'F', 1.7),
('ARG', 'Spanish', 'T', 96.8),
('ARM', 'Armenian', 'T', 93.4),
('ARM', 'Azerbaijani', 'F', 2.6),
('ASM', 'English', 'T', 3.1),
('ASM', 'Samoan', 'T', 90.6),
('ASM', 'Tongan', 'F', 3.1),
('ATG', 'Creole English', 'F', 95.7),
('ATG', 'English', 'T', 0.0),
('AUS', 'Arabic', 'F', 1.0),
('AUS', 'Canton Chinese', 'F', 1.1),
('AUS', 'English', 'T', 81.2),
('AUS', 'German', 'F', 0.6),
('AUS', 'Greek', 'F', 1.6),
('AUS', 'Italian', 'F', 2.2),
('AUS', 'Serbo-Croatian', 'F', 0.6),
('AUS', 'Vietnamese', 'F', 0.8),
('AUT', 'Czech', 'F', 0.2),
('AUT', 'German', 'T', 92.0),
('AUT', 'Hungarian', 'F', 0.4),
('AUT', 'Polish', 'F', 0.2),
('AUT', 'Romanian', 'F', 0.2),
('AUT', 'Serbo-Croatian', 'F', 2.2),
('AUT', 'Slovene', 'F', 0.4),
('AUT', 'Turkish', 'F', 1.5),
('AZE', 'Armenian', 'F', 2.0),
('AZE', 'Azerbaijani', 'T', 89.0),
('AZE', 'Lezgian', 'F', 2.3),
('AZE', 'Russian', 'F', 3.0),
('BDI', 'French', 'T', 0.0),
('BDI', 'Kirundi', 'T', 98.1),
('BDI', 'Swahili', 'F', 0.0),
('BEL', 'Arabic', 'F', 1.6),
('BEL', 'Dutch', 'T', 59.2),
('BEL', 'French', 'T', 32.6),
('BEL', 'German', 'T', 1.0),
('BEL', 'Italian', 'F', 2.4),
('BEL', 'Turkish', 'F', 0.9),
('BEN', 'Adja', 'F', 11.1),
('BEN', 'Aizo', 'F', 8.7),
('BEN', 'Bariba', 'F', 8.7),
('BEN', 'Fon', 'F', 39.8),
('BEN', 'Ful', 'F', 5.6),
('BEN', 'Joruba', 'F', 12.2),
('BEN', 'Somba', 'F', 6.7),
('BFA', 'Busansi', 'F', 3.5),
('BFA', 'Dagara', 'F', 3.1),
('BFA', 'Dyula', 'F', 2.6),
('BFA', 'Ful', 'F', 9.7),
('BFA', 'Gurma', 'F', 5.7),
('BFA', 'Mossi', 'F', 50.2),
('BGD', 'Bengali', 'T', 97.7),
('BGD', 'Chakma', 'F', 0.4),
('BGD', 'Garo', 'F', 0.1),
('BGD', 'Khasi', 'F', 0.1),
('BGD', 'Marma', 'F', 0.2),
('BGD', 'Santhali', 'F', 0.1),
('BGD', 'Tripuri', 'F', 0.1),
('BGR', 'Bulgariana', 'T', 83.2),
('BGR', 'Macedonian', 'F', 2.6),
('BGR', 'Romani', 'F', 3.7),
('BGR', 'Turkish', 'F', 9.4),
('BHR', 'Arabic', 'T', 67.7),
('BHR', 'English', 'F', 0.0),
('BHS', 'Creole English', 'F', 89.7),
('BHS', 'Creole French', 'F', 10.3),
('BIH', 'Serbo-Croatian', 'T', 99.2),
('BLR', 'Belorussian', 'T', 65.6),
('BLR', 'Polish', 'F', 0.6),
('BLR', 'Russian', 'T', 32.0),
('BLR', 'Ukrainian', 'F', 1.3),
('BLZ', 'English', 'T', 50.8),
('BLZ', 'Garifuna', 'F', 6.8),
('BLZ', 'Maya Languages', 'F', 9.6),
('BLZ', 'Spanish', 'F', 31.6),
('BMU', 'English', 'T', 100.0),
('BOL', 'Aimará', 'T', 3.2),
('BOL', 'Guaraní', 'F', 0.1),
('BOL', 'Ketšua', 'T', 8.1),
('BOL', 'Spanish', 'T', 87.7),
('BRA', 'German', 'F', 0.5),
('BRA', 'Indian Languages', 'F', 0.2),
('BRA', 'Italian', 'F', 0.4),
('BRA', 'Japanese', 'F', 0.4),
('BRA', 'Portuguese', 'T', 97.5),
('BRB', 'Bajan', 'F', 95.1),
('BRB', 'English', 'T', 0.0),
('BRN', 'Chinese', 'F', 9.3),
('BRN', 'English', 'F', 3.1),
('BRN', 'Malay', 'T', 45.5),
('BRN', 'Malay-English', 'F', 28.8),
('BTN', 'Asami', 'F', 15.2),
('BTN', 'Dzongkha', 'T', 50.0),
('BTN', 'Nepali', 'F', 34.8),
('BWA', 'Khoekhoe', 'F', 2.5),
('BWA', 'Ndebele', 'F', 1.3),
('BWA', 'San', 'F', 3.5),
('BWA', 'Shona', 'F', 12.3),
('BWA', 'Tswana', 'F', 75.5),
('CAF', 'Banda', 'F', 23.5),
('CAF', 'Gbaya', 'F', 23.8),
('CAF', 'Mandjia', 'F', 14.8),
('CAF', 'Mbum', 'F', 6.4),
('CAF', 'Ngbaka', 'F', 7.5),
('CAF', 'Sara', 'F', 6.4),
('CAN', 'Chinese', 'F', 2.5),
('CAN', 'Dutch', 'F', 0.5),
('CAN', 'English', 'T', 60.4),
('CAN', 'Eskimo Languages', 'F', 0.1),
('CAN', 'French', 'T', 23.4),
('CAN', 'German', 'F', 1.6),
('CAN', 'Italian', 'F', 1.7),
('CAN', 'Polish', 'F', 0.7),
('CAN', 'Portuguese', 'F', 0.7),
('CAN', 'Punjabi', 'F', 0.7),
('CAN', 'Spanish', 'F', 0.7),
('CAN', 'Ukrainian', 'F', 0.6),
('CCK', 'English', 'T', 0.0),
('CCK', 'Malay', 'F', 0.0),
('CHE', 'French', 'T', 19.2),
('CHE', 'German', 'T', 63.6),
('CHE', 'Italian', 'T', 7.7),
('CHE', 'Romansh', 'T', 0.6),
('CHL', 'Aimará', 'F', 0.5),
('CHL', 'Araucan', 'F', 9.6),
('CHL', 'Rapa nui', 'F', 0.2),
('CHL', 'Spanish', 'T', 89.7),
('CHN', 'Chinese', 'T', 92.0),
('CHN', 'Dong', 'F', 0.2),
('CHN', 'Hui', 'F', 0.8),
('CHN', 'Mantšu', 'F', 0.9),
('CHN', 'Miao', 'F', 0.7),
('CHN', 'Mongolian', 'F', 0.4),
('CHN', 'Puyi', 'F', 0.2),
('CHN', 'Tibetan', 'F', 0.4),
('CHN', 'Tujia', 'F', 0.5),
('CHN', 'Uighur', 'F', 0.6),
('CHN', 'Yi', 'F', 0.6),
('CHN', 'Zhuang', 'F', 1.4),
('CIV', 'Akan', 'F', 30.0),
('CIV', 'Gur', 'F', 11.7),
('CIV', 'Kru', 'F', 10.5),
('CIV', 'Malinke', 'F', 11.4),
('CIV', '[South]Mande', 'F', 7.7),
('CMR', 'Bamileke-bamum', 'F', 18.6),
('CMR', 'Duala', 'F', 10.9),
('CMR', 'Fang', 'F', 19.7),
('CMR', 'Ful', 'F', 9.6),
('CMR', 'Maka', 'F', 4.9),
('CMR', 'Mandara', 'F', 5.7),
('CMR', 'Masana', 'F', 3.9),
('CMR', 'Tikar', 'F', 7.4),
('COD', 'Boa', 'F', 2.3),
('COD', 'Chokwe', 'F', 1.8),
('COD', 'Kongo', 'F', 16.0),
('COD', 'Luba', 'F', 18.0),
('COD', 'Mongo', 'F', 13.5),
('COD', 'Ngala and Bangi', 'F', 5.8),
('COD', 'Rundi', 'F', 3.8),
('COD', 'Rwanda', 'F', 10.3),
('COD', 'Teke', 'F', 2.7),
('COD', 'Zande', 'F', 6.1),
('COG', 'Kongo', 'F', 51.5),
('COG', 'Mbete', 'F', 4.8),
('COG', 'Mboshi', 'F', 11.4),
('COG', 'Punu', 'F', 2.9),
('COG', 'Sango', 'F', 2.6),
('COG', 'Teke', 'F', 17.3),
('COK', 'English', 'F', 0.0),
('COK', 'Maori', 'T', 0.0),
('COL', 'Arawakan', 'F', 0.1),
('COL', 'Caribbean', 'F', 0.1),
('COL', 'Chibcha', 'F', 0.4),
('COL', 'Creole English', 'F', 0.1),
('COL', 'Spanish', 'T', 99.0),
('COM', 'Comorian', 'T', 75.0),
('COM', 'Comorian-Arabic', 'F', 1.6),
('COM', 'Comorian-French', 'F', 12.9),
('COM', 'Comorian-madagassi', 'F', 5.5),
('COM', 'Comorian-Swahili', 'F', 0.5),
('CPV', 'Crioulo', 'F', 100.0),
('CPV', 'Portuguese', 'T', 0.0),
('CRI', 'Chibcha', 'F', 0.3),
('CRI', 'Chinese', 'F', 0.2),
('CRI', 'Creole English', 'F', 2.0),
('CRI', 'Spanish', 'T', 97.5),
('CUB', 'Spanish', 'T', 100.0),
('CXR', 'Chinese', 'F', 0.0),
('CXR', 'English', 'T', 0.0),
('CYM', 'English', 'T', 0.0),
('CYP', 'Greek', 'T', 74.1),
('CYP', 'Turkish', 'T', 22.4),
('CZE', 'Czech', 'T', 81.2),
('CZE', 'German', 'F', 0.5),
('CZE', 'Hungarian', 'F', 0.2),
('CZE', 'Moravian', 'F', 12.9),
('CZE', 'Polish', 'F', 0.6),
('CZE', 'Romani', 'F', 0.3),
('CZE', 'Silesiana', 'F', 0.4),
('CZE', 'Slovak', 'F', 3.1),
('DEU', 'German', 'T', 91.3),
('DEU', 'Greek', 'F', 0.4),
('DEU', 'Italian', 'F', 0.7),
('DEU', 'Polish', 'F', 0.3),
('DEU', 'Southern Slavic Languages', 'F', 1.4),
('DEU', 'Turkish', 'F', 2.6),
('DJI', 'Afar', 'F', 34.8),
('DJI', 'Arabic', 'T', 10.6),
('DJI', 'Somali', 'F', 43.9),
('DMA', 'Creole English', 'F', 100.0),
('DMA', 'Creole French', 'F', 0.0),
('DNK', 'Arabic', 'F', 0.7),
('DNK', 'Danish', 'T', 93.5),
('DNK', 'English', 'F', 0.3),
('DNK', 'German', 'F', 0.5),
('DNK', 'Norwegian', 'F', 0.3),
('DNK', 'Swedish', 'F', 0.3),
('DNK', 'Turkish', 'F', 0.8),
('DOM', 'Creole French', 'F', 2.0),
('DOM', 'Spanish', 'T', 98.0),
('DZA', 'Arabic', 'T', 86.0),
('DZA', 'Berberi', 'F', 14.0),
('ECU', 'Ketšua', 'F', 7.0),
('ECU', 'Spanish', 'T', 93.0),
('EGY', 'Arabic', 'T', 98.8),
('EGY', 'Sinaberberi', 'F', 0.0),
('ERI', 'Afar', 'F', 4.3),
('ERI', 'Bilin', 'F', 3.0),
('ERI', 'Hadareb', 'F', 3.8),
('ERI', 'Saho', 'F', 3.0),
('ERI', 'Tigre', 'F', 31.7),
('ERI', 'Tigrinja', 'T', 49.1),
('ESH', 'Arabic', 'T', 100.0),
('ESP', 'Basque', 'F', 1.6),
('ESP', 'Catalan', 'F', 16.9),
('ESP', 'Galecian', 'F', 6.4),
('ESP', 'Spanish', 'T', 74.4),
('EST', 'Belorussian', 'F', 1.4),
('EST', 'Estonian', 'T', 65.3),
('EST', 'Finnish', 'F', 0.7),
('EST', 'Russian', 'F', 27.8),
('EST', 'Ukrainian', 'F', 2.8),
('ETH', 'Amhara', 'F', 30.0),
('ETH', 'Gurage', 'F', 4.7),
('ETH', 'Oromo', 'F', 31.0),
('ETH', 'Sidamo', 'F', 3.2),
('ETH', 'Somali', 'F', 4.1),
('ETH', 'Tigrinja', 'F', 7.2),
('ETH', 'Walaita', 'F', 2.8),
('FIN', 'Estonian', 'F', 0.2),
('FIN', 'Finnish', 'T', 92.7),
('FIN', 'Russian', 'F', 0.4),
('FIN', 'Saame', 'F', 0.0),
('FIN', 'Swedish', 'T', 5.7),
('FJI', 'Fijian', 'T', 50.8),
('FJI', 'Hindi', 'F', 43.7),
('FLK', 'English', 'T', 0.0),
('FRA', 'Arabic', 'F', 2.5),
('FRA', 'French', 'T', 93.6),
('FRA', 'Italian', 'F', 0.4),
('FRA', 'Portuguese', 'F', 1.2),
('FRA', 'Spanish', 'F', 0.4),
('FRA', 'Turkish', 'F', 0.4),
('FRO', 'Danish', 'T', 0.0),
('FRO', 'Faroese', 'T', 100.0),
('FSM', 'Kosrean', 'F', 7.3),
('FSM', 'Mortlock', 'F', 7.6),
('FSM', 'Pohnpei', 'F', 23.8),
('FSM', 'Trukese', 'F', 41.6),
('FSM', 'Wolea', 'F', 3.7),
('FSM', 'Yap', 'F', 5.8),
('GAB', 'Fang', 'F', 35.8),
('GAB', 'Mbete', 'F', 13.8),
('GAB', 'Mpongwe', 'F', 14.6),
('GAB', 'Punu-sira-nzebi', 'F', 17.1),
('GBR', 'English', 'T', 97.3),
('GBR', 'Gaeli', 'F', 0.1),
('GBR', 'Kymri', 'F', 0.9),
('GEO', 'Abhyasi', 'F', 1.7),
('GEO', 'Armenian', 'F', 6.8),
('GEO', 'Azerbaijani', 'F', 5.5),
('GEO', 'Georgiana', 'T', 71.7),
('GEO', 'Osseetti', 'F', 2.4),
('GEO', 'Russian', 'F', 8.8),
('GHA', 'Akan', 'F', 52.4),
('GHA', 'Ewe', 'F', 11.9),
('GHA', 'Ga-adangme', 'F', 7.8),
('GHA', 'Gurma', 'F', 3.3),
('GHA', 'Joruba', 'F', 1.3),
('GHA', 'Mossi', 'F', 15.8),
('GIB', 'Arabic', 'F', 7.4),
('GIB', 'English', 'T', 88.9),
('GIN', 'Ful', 'F', 38.6),
('GIN', 'Kissi', 'F', 6.0),
('GIN', 'Kpelle', 'F', 4.6),
('GIN', 'Loma', 'F', 2.3),
('GIN', 'Malinke', 'F', 23.2),
('GIN', 'Susu', 'F', 11.0),
('GIN', 'Yalunka', 'F', 2.9),
('GLP', 'Creole French', 'F', 95.0),
('GLP', 'French', 'T', 0.0),
('GMB', 'Diola', 'F', 9.2),
('GMB', 'Ful', 'F', 16.2),
('GMB', 'Malinke', 'F', 34.1),
('GMB', 'Soninke', 'F', 7.6),
('GMB', 'Wolof', 'F', 12.6),
('GNB', 'Balante', 'F', 14.6),
('GNB', 'Crioulo', 'F', 36.4),
('GNB', 'Ful', 'F', 16.6),
('GNB', 'Malinke', 'F', 6.9),
('GNB', 'Mandyako', 'F', 4.9),
('GNB', 'Portuguese', 'T', 8.1),
('GNQ', 'Bubi', 'F', 8.7),
('GNQ', 'Fang', 'F', 84.8),
('GRC', 'Greek', 'T', 98.5),
('GRC', 'Turkish', 'F', 0.9),
('GRD', 'Creole English', 'F', 100.0),
('GRL', 'Danish', 'T', 12.5),
('GRL', 'Greenlandic', 'T', 87.5),
('GTM', 'Cakchiquel', 'F', 8.9),
('GTM', 'Kekchí', 'F', 4.9),
('GTM', 'Mam', 'F', 2.7),
('GTM', 'Quiché', 'F', 10.1),
('GTM', 'Spanish', 'T', 64.7),
('GUF', 'Creole French', 'F', 94.3),
('GUF', 'Indian Languages', 'F', 1.9),
('GUM', 'Chamorro', 'T', 29.6),
('GUM', 'English', 'T', 37.5),
('GUM', 'Japanese', 'F', 2.0),
('GUM', 'Korean', 'F', 3.3),
('GUM', 'Philippene Languages', 'F', 19.7),
('GUY', 'Arawakan', 'F', 1.4),
('GUY', 'Caribbean', 'F', 2.2),
('GUY', 'Creole English', 'F', 96.4),
('HKG', 'Canton Chinese', 'F', 88.7),
('HKG', 'Chiu chau', 'F', 1.4),
('HKG', 'English', 'T', 2.2),
('HKG', 'Fukien', 'F', 1.9),
('HKG', 'Hakka', 'F', 1.6),
('HND', 'Creole English', 'F', 0.2),
('HND', 'Garifuna', 'F', 1.3),
('HND', 'Miskito', 'F', 0.2),
('HND', 'Spanish', 'T', 97.2),
('HRV', 'Serbo-Croatian', 'T', 95.9),
('HRV', 'Slovene', 'F', 0.0),
('HTI', 'French', 'T', 0.0),
('HTI', 'Haiti Creole', 'F', 100.0),
('HUN', 'German', 'F', 0.4),
('HUN', 'Hungarian', 'T', 98.5),
('HUN', 'Romani', 'F', 0.5),
('HUN', 'Romanian', 'F', 0.1),
('HUN', 'Serbo-Croatian', 'F', 0.2),
('HUN', 'Slovak', 'F', 0.1),
('IDN', 'Bali', 'F', 1.7),
('IDN', 'Banja', 'F', 1.8),
('IDN', 'Batakki', 'F', 2.2),
('IDN', 'Bugi', 'F', 2.2),
('IDN', 'Javanese', 'F', 39.4),
('IDN', 'Madura', 'F', 4.3),
('IDN', 'Malay', 'T', 12.1),
('IDN', 'Minangkabau', 'F', 2.4),
('IDN', 'Sunda', 'F', 15.8),
('IND', 'Asami', 'F', 1.5),
('IND', 'Bengali', 'F', 8.2),
('IND', 'Gujarati', 'F', 4.8),
('IND', 'Hindi', 'T', 39.9),
('IND', 'Kannada', 'F', 3.9),
('IND', 'Malajalam', 'F', 3.6),
('IND', 'Marathi', 'F', 7.4),
('IND', 'Orija', 'F', 3.3),
('IND', 'Punjabi', 'F', 2.8),
('IND', 'Tamil', 'F', 6.3),
('IND', 'Telugu', 'F', 7.8),
('IND', 'Urdu', 'F', 5.1),
('IRL', 'English', 'T', 98.4),
('IRL', 'Irish', 'T', 1.6),
('IRN', 'Arabic', 'F', 2.2),
('IRN', 'Azerbaijani', 'F', 16.8),
('IRN', 'Bakhtyari', 'F', 1.7),
('IRN', 'Balochi', 'F', 2.3),
('IRN', 'Gilaki', 'F', 5.3),
('IRN', 'Kurdish', 'F', 9.1),
('IRN', 'Luri', 'F', 4.3),
('IRN', 'Mazandarani', 'F', 3.6),
('IRN', 'Persian', 'T', 45.7),
('IRN', 'Turkmenian', 'F', 1.6),
('IRQ', 'Arabic', 'T', 77.2),
('IRQ', 'Assyrian', 'F', 0.8),
('IRQ', 'Azerbaijani', 'F', 1.7),
('IRQ', 'Kurdish', 'F', 19.0),
('IRQ', 'Persian', 'F', 0.8),
('ISL', 'English', 'F', 0.0),
('ISL', 'Icelandic', 'T', 95.7),
('ISR', 'Arabic', 'T', 18.0),
('ISR', 'Hebrew', 'T', 63.1),
('ISR', 'Russian', 'F', 8.9),
('ITA', 'Albaniana', 'F', 0.2),
('ITA', 'French', 'F', 0.5),
('ITA', 'Friuli', 'F', 1.2),
('ITA', 'German', 'F', 0.5),
('ITA', 'Italian', 'T', 94.1),
('ITA', 'Romani', 'F', 0.2),
('ITA', 'Sardinian', 'F', 2.7),
('ITA', 'Slovene', 'F', 0.2),
('JAM', 'Creole English', 'F', 94.2),
('JAM', 'Hindi', 'F', 1.9),
('JOR', 'Arabic', 'T', 97.9),
('JOR', 'Armenian', 'F', 1.0),
('JOR', 'Circassian', 'F', 1.0),
('JPN', 'Ainu', 'F', 0.0),
('JPN', 'Chinese', 'F', 0.2),
('JPN', 'English', 'F', 0.1),
('JPN', 'Japanese', 'T', 99.1),
('JPN', 'Korean', 'F', 0.5),
('JPN', 'Philippene Languages', 'F', 0.1),
('KAZ', 'German', 'F', 3.1),
('KAZ', 'Kazakh', 'T', 46.0),
('KAZ', 'Russian', 'F', 34.7),
('KAZ', 'Tatar', 'F', 2.0),
('KAZ', 'Ukrainian', 'F', 5.0),
('KAZ', 'Uzbek', 'F', 2.3),
('KEN', 'Gusii', 'F', 6.1),
('KEN', 'Kalenjin', 'F', 10.8),
('KEN', 'Kamba', 'F', 11.2),
('KEN', 'Kikuyu', 'F', 20.9),
('KEN', 'Luhya', 'F', 13.8),
('KEN', 'Luo', 'F', 12.8),
('KEN', 'Masai', 'F', 1.6),
('KEN', 'Meru', 'F', 5.5),
('KEN', 'Nyika', 'F', 4.8),
('KEN', 'Turkana', 'F', 1.4),
('KGZ', 'Kazakh', 'F', 0.8),
('KGZ', 'Kirgiz', 'T', 59.7),
('KGZ', 'Russian', 'T', 16.2),
('KGZ', 'Tadzhik', 'F', 0.8),
('KGZ', 'Tatar', 'F', 1.3),
('KGZ', 'Ukrainian', 'F', 1.7),
('KGZ', 'Uzbek', 'F', 14.1),
('KHM', 'Chinese', 'F', 3.1),
('KHM', 'Khmer', 'T', 88.6),
('KHM', 'Tšam', 'F', 2.4),
('KHM', 'Vietnamese', 'F', 5.5),
('KIR', 'Kiribati', 'T', 98.9),
('KIR', 'Tuvalu', 'F', 0.5),
('KNA', 'Creole English', 'F', 100.0),
('KNA', 'English', 'T', 0.0),
('KOR', 'Chinese', 'F', 0.1),
('KOR', 'Korean', 'T', 99.9),
('KWT', 'Arabic', 'T', 78.1),
('KWT', 'English', 'F', 0.0),
('LAO', 'Lao', 'T', 67.2),
('LAO', 'Lao-Soung', 'F', 5.2),
('LAO', 'Mon-khmer', 'F', 16.5),
('LAO', 'Thai', 'F', 7.8),
('LBN', 'Arabic', 'T', 93.0),
('LBN', 'Armenian', 'F', 5.9),
('LBN', 'French', 'F', 0.0),
('LBR', 'Bassa', 'F', 13.7),
('LBR', 'Gio', 'F', 7.9),
('LBR', 'Grebo', 'F', 8.9),
('LBR', 'Kpelle', 'F', 19.5),
('LBR', 'Kru', 'F', 7.2),
('LBR', 'Loma', 'F', 5.8),
('LBR', 'Malinke', 'F', 5.1),
('LBR', 'Mano', 'F', 7.2),
('LBY', 'Arabic', 'T', 96.0),
('LBY', 'Berberi', 'F', 1.0),
('LCA', 'Creole French', 'F', 80.0),
('LCA', 'English', 'T', 20.0),
('LIE', 'German', 'T', 89.0),
('LIE', 'Italian', 'F', 2.5),
('LIE', 'Turkish', 'F', 2.5),
('LKA', 'Mixed Languages', 'F', 19.6),
('LKA', 'Singali', 'T', 60.3),
('LKA', 'Tamil', 'T', 19.6),
('LSO', 'English', 'T', 0.0),
('LSO', 'Sotho', 'T', 85.0),
('LSO', 'Zulu', 'F', 15.0),
('LTU', 'Belorussian', 'F', 1.4),
('LTU', 'Lithuanian', 'T', 81.6),
('LTU', 'Polish', 'F', 7.0),
('LTU', 'Russian', 'F', 8.1),
('LTU', 'Ukrainian', 'F', 1.1),
('LUX', 'French', 'T', 4.2),
('LUX', 'German', 'T', 2.3),
('LUX', 'Italian', 'F', 4.6),
('LUX', 'Luxembourgish', 'T', 64.4),
('LUX', 'Portuguese', 'F', 13.0),
('LVA', 'Belorussian', 'F', 4.1),
('LVA', 'Latvian', 'T', 55.1),
('LVA', 'Lithuanian', 'F', 1.2),
('LVA', 'Polish', 'F', 2.1),
('LVA', 'Russian', 'F', 32.5),
('LVA', 'Ukrainian', 'F', 2.9),
('MAC', 'Canton Chinese', 'F', 85.6),
('MAC', 'English', 'F', 0.5),
('MAC', 'Mandarin Chinese', 'F', 1.2),
('MAC', 'Portuguese', 'T', 2.3),
('MAR', 'Arabic', 'T', 65.0),
('MAR', 'Berberi', 'F', 33.0),
('MCO', 'English', 'F', 6.5),
('MCO', 'French', 'T', 41.9),
('MCO', 'Italian', 'F', 16.1),
('MCO', 'Monegasque', 'F', 16.1),
('MDA', 'Bulgariana', 'F', 1.6),
('MDA', 'Gagauzi', 'F', 3.2),
('MDA', 'Romanian', 'T', 61.9),
('MDA', 'Russian', 'F', 23.2),
('MDA', 'Ukrainian', 'F', 8.6),
('MDG', 'French', 'T', 0.0),
('MDG', 'Malagasy', 'T', 98.9),
('MDV', 'Dhivehi', 'T', 100.0),
('MDV', 'English', 'F', 0.0),
('MEX', 'Mixtec', 'F', 0.6),
('MEX', 'Náhuatl', 'F', 1.8),
('MEX', 'Otomí', 'F', 0.4),
('MEX', 'Spanish', 'T', 92.1),
('MEX', 'Yucatec', 'F', 1.1),
('MEX', 'Zapotec', 'F', 0.6),
('MHL', 'English', 'T', 0.0),
('MHL', 'Marshallese', 'T', 96.8),
('MKD', 'Albaniana', 'F', 22.9),
('MKD', 'Macedonian', 'T', 66.5),
('MKD', 'Romani', 'F', 2.3),
('MKD', 'Serbo-Croatian', 'F', 2.0),
('MKD', 'Turkish', 'F', 4.0),
('MLI', 'Bambara', 'F', 31.8),
('MLI', 'Ful', 'F', 13.9),
('MLI', 'Senufo and Minianka', 'F', 12.0),
('MLI', 'Songhai', 'F', 6.9),
('MLI', 'Soninke', 'F', 8.7),
('MLI', 'Tamashek', 'F', 7.3),
('MLT', 'English', 'T', 2.1),
('MLT', 'Maltese', 'T', 95.8),
('MMR', 'Burmese', 'T', 69.0),
('MMR', 'Chin', 'F', 2.2),
('MMR', 'Kachin', 'F', 1.4),
('MMR', 'Karen', 'F', 6.2),
('MMR', 'Kayah', 'F', 0.4),
('MMR', 'Mon', 'F', 2.4),
('MMR', 'Rakhine', 'F', 4.5),
('MMR', 'Shan', 'F', 8.5),
('MNG', 'Bajad', 'F', 1.9),
('MNG', 'Buryat', 'F', 1.7),
('MNG', 'Dariganga', 'F', 1.4),
('MNG', 'Dorbet', 'F', 2.7),
('MNG', 'Kazakh', 'F', 5.9),
('MNG', 'Mongolian', 'T', 78.8),
('MNP', 'Carolinian', 'F', 4.8),
('MNP', 'Chamorro', 'F', 30.0),
('MNP', 'Chinese', 'F', 7.1),
('MNP', 'English', 'T', 4.8),
('MNP', 'Korean', 'F', 6.5),
('MNP', 'Philippene Languages', 'F', 34.1),
('MOZ', 'Chuabo', 'F', 5.7),
('MOZ', 'Lomwe', 'F', 7.8),
('MOZ', 'Makua', 'F', 27.8),
('MOZ', 'Marendje', 'F', 3.5),
('MOZ', 'Nyanja', 'F', 3.3),
('MOZ', 'Ronga', 'F', 3.7),
('MOZ', 'Sena', 'F', 9.4),
('MOZ', 'Shona', 'F', 6.5),
('MOZ', 'Tsonga', 'F', 12.4),
('MOZ', 'Tswa', 'F', 6.0),
('MRT', 'Ful', 'F', 1.2),
('MRT', 'Hassaniya', 'F', 81.7),
('MRT', 'Soninke', 'F', 2.7),
('MRT', 'Tukulor', 'F', 5.4),
('MRT', 'Wolof', 'F', 6.6),
('MRT', 'Zenaga', 'F', 1.2),
('MSR', 'English', 'T', 0.0),
('MTQ', 'Creole French', 'F', 96.6),
('MTQ', 'French', 'T', 0.0),
('MUS', 'Bhojpuri', 'F', 21.1),
('MUS', 'Creole French', 'F', 70.6),
('MUS', 'French', 'F', 3.4),
('MUS', 'Hindi', 'F', 1.2),
('MUS', 'Marathi', 'F', 0.7),
('MUS', 'Tamil', 'F', 0.8),
('MWI', 'Chichewa', 'T', 58.3),
('MWI', 'Lomwe', 'F', 18.4),
('MWI', 'Ngoni', 'F', 6.7),
('MWI', 'Yao', 'F', 13.2),
('MYS', 'Chinese', 'F', 9.0),
('MYS', 'Dusun', 'F', 1.1),
('MYS', 'English', 'F', 1.6),
('MYS', 'Iban', 'F', 2.8),
('MYS', 'Malay', 'T', 58.4),
('MYS', 'Tamil', 'F', 3.9),
('MYT', 'French', 'T', 20.3),
('MYT', 'Mahoré', 'F', 41.9),
('MYT', 'Malagasy', 'F', 16.1),
('NAM', 'Afrikaans', 'F', 9.5),
('NAM', 'Caprivi', 'F', 4.7),
('NAM', 'German', 'F', 0.9),
('NAM', 'Herero', 'F', 8.0),
('NAM', 'Kavango', 'F', 9.7),
('NAM', 'Nama', 'F', 12.4),
('NAM', 'Ovambo', 'F', 50.7),
('NAM', 'San', 'F', 1.9),
('NCL', 'French', 'T', 34.3),
('NCL', 'Malenasian Languages', 'F', 45.4),
('NCL', 'Polynesian Languages', 'F', 11.6),
('NER', 'Ful', 'F', 9.7),
('NER', 'Hausa', 'F', 53.1),
('NER', 'Kanuri', 'F', 4.4),
('NER', 'Songhai-zerma', 'F', 21.2),
('NER', 'Tamashek', 'F', 10.4),
('NFK', 'English', 'T', 0.0),
('NGA', 'Bura', 'F', 1.6),
('NGA', 'Edo', 'F', 3.3),
('NGA', 'Ful', 'F', 11.3),
('NGA', 'Hausa', 'F', 21.1),
('NGA', 'Ibibio', 'F', 5.6),
('NGA', 'Ibo', 'F', 18.1),
('NGA', 'Ijo', 'F', 1.8),
('NGA', 'Joruba', 'F', 21.4),
('NGA', 'Kanuri', 'F', 4.1),
('NGA', 'Tiv', 'F', 2.3),
('NIC', 'Creole English', 'F', 0.5),
('NIC', 'Miskito', 'F', 1.6),
('NIC', 'Spanish', 'T', 97.6),
('NIC', 'Sumo', 'F', 0.2),
('NIU', 'English', 'T', 0.0),
('NIU', 'Niue', 'F', 0.0),
('NLD', 'Arabic', 'F', 0.9),
('NLD', 'Dutch', 'T', 95.6),
('NLD', 'Fries', 'F', 3.7),
('NLD', 'Turkish', 'F', 0.8),
('NOR', 'Danish', 'F', 0.4),
('NOR', 'English', 'F', 0.5),
('NOR', 'Norwegian', 'T', 96.6),
('NOR', 'Saame', 'F', 0.0),
('NOR', 'Swedish', 'F', 0.3),
('NPL', 'Bhojpuri', 'F', 7.5),
('NPL', 'Hindi', 'F', 3.0),
('NPL', 'Maithili', 'F', 11.9),
('NPL', 'Nepali', 'T', 50.4),
('NPL', 'Newari', 'F', 3.7),
('NPL', 'Tamang', 'F', 4.9),
('NPL', 'Tharu', 'F', 5.4),
('NRU', 'Chinese', 'F', 8.5),
('NRU', 'English', 'T', 7.5),
('NRU', 'Kiribati', 'F', 17.9),
('NRU', 'Nauru', 'T', 57.5),
('NRU', 'Tuvalu', 'F', 8.5),
('NZL', 'English', 'T', 87.0),
('NZL', 'Maori', 'F', 4.3),
('OMN', 'Arabic', 'T', 76.7),
('OMN', 'Balochi', 'F', 0.0),
('PAK', 'Balochi', 'F', 3.0),
('PAK', 'Brahui', 'F', 1.2),
('PAK', 'Hindko', 'F', 2.4),
('PAK', 'Pashto', 'F', 13.1),
('PAK', 'Punjabi', 'F', 48.2),
('PAK', 'Saraiki', 'F', 9.8),
('PAK', 'Sindhi', 'F', 11.8),
('PAK', 'Urdu', 'T', 7.6),
('PAN', 'Arabic', 'F', 0.6),
('PAN', 'Creole English', 'F', 14.0),
('PAN', 'Cuna', 'F', 2.0),
('PAN', 'Embera', 'F', 0.6),
('PAN', 'Guaymí', 'F', 5.3),
('PAN', 'Spanish', 'T', 76.8),
('PCN', 'Pitcairnese', 'F', 0.0),
('PER', 'Aimará', 'T', 2.3),
('PER', 'Ketšua', 'T', 16.4),
('PER', 'Spanish', 'T', 79.8),
('PHL', 'Bicol', 'F', 5.7),
('PHL', 'Cebuano', 'F', 23.3),
('PHL', 'Hiligaynon', 'F', 9.1),
('PHL', 'Ilocano', 'F', 9.3),
('PHL', 'Maguindanao', 'F', 1.4),
('PHL', 'Maranao', 'F', 1.3),
('PHL', 'Pampango', 'F', 3.0),
('PHL', 'Pangasinan', 'F', 1.8),
('PHL', 'Pilipino', 'T', 29.3),
('PHL', 'Waray-waray', 'F', 3.8),
('PLW', 'Chinese', 'F', 1.6),
('PLW', 'English', 'T', 3.2),
('PLW', 'Palau', 'T', 82.2),
('PLW', 'Philippene Languages', 'F', 9.2),
('PNG', 'Malenasian Languages', 'F', 20.0),
('PNG', 'Papuan Languages', 'F', 78.1),
('POL', 'Belorussian', 'F', 0.5),
('POL', 'German', 'F', 1.3),
('POL', 'Polish', 'T', 97.6),
('POL', 'Ukrainian', 'F', 0.6),
('PRI', 'English', 'F', 47.4),
('PRI', 'Spanish', 'T', 51.3),
('PRK', 'Chinese', 'F', 0.1),
('PRK', 'Korean', 'T', 99.9),
('PRT', 'Portuguese', 'T', 99.0),
('PRY', 'German', 'F', 0.9),
('PRY', 'Guaraní', 'T', 40.1),
('PRY', 'Portuguese', 'F', 3.2),
('PRY', 'Spanish', 'T', 55.1),
('PSE', 'Arabic', 'F', 95.9),
('PSE', 'Hebrew', 'F', 4.1),
('PYF', 'Chinese', 'F', 2.9),
('PYF', 'French', 'T', 40.8),
('PYF', 'Tahitian', 'F', 46.4),
('QAT', 'Arabic', 'T', 40.7),
('QAT', 'Urdu', 'F', 0.0),
('REU', 'Chinese', 'F', 2.8),
('REU', 'Comorian', 'F', 2.8),
('REU', 'Creole French', 'F', 91.5),
('REU', 'Malagasy', 'F', 1.4),
('REU', 'Tamil', 'F', 0.0),
('ROM', 'German', 'F', 0.4),
('ROM', 'Hungarian', 'F', 7.2),
('ROM', 'Romani', 'T', 0.7),
('ROM', 'Romanian', 'T', 90.7),
('ROM', 'Serbo-Croatian', 'F', 0.1),
('ROM', 'Ukrainian', 'F', 0.3),
('RUS', 'Avarian', 'F', 0.4),
('RUS', 'Bashkir', 'F', 0.7),
('RUS', 'Belorussian', 'F', 0.3),
('RUS', 'Chechen', 'F', 0.6),
('RUS', 'Chuvash', 'F', 0.9),
('RUS', 'Kazakh', 'F', 0.4),
('RUS', 'Mari', 'F', 0.4),
('RUS', 'Mordva', 'F', 0.5),
('RUS', 'Russian', 'T', 86.6),
('RUS', 'Tatar', 'F', 3.2),
('RUS', 'Udmur', 'F', 0.3),
('RUS', 'Ukrainian', 'F', 1.3),
('RWA', 'French', 'T', 0.0),
('RWA', 'Rwanda', 'T', 100.0),
('SAU', 'Arabic', 'T', 95.0),
('SDN', 'Arabic', 'T', 49.4),
('SDN', 'Bari', 'F', 2.5),
('SDN', 'Beja', 'F', 6.4),
('SDN', 'Chilluk', 'F', 1.7),
('SDN', 'Dinka', 'F', 11.5),
('SDN', 'Fur', 'F', 2.1),
('SDN', 'Lotuko', 'F', 1.5),
('SDN', 'Nubian Languages', 'F', 8.1),
('SDN', 'Nuer', 'F', 4.9),
('SDN', 'Zande', 'F', 2.7),
('SEN', 'Diola', 'F', 5.0),
('SEN', 'Ful', 'F', 21.7),
('SEN', 'Malinke', 'F', 3.8),
('SEN', 'Serer', 'F', 12.5),
('SEN', 'Soninke', 'F', 1.3),
('SEN', 'Wolof', 'T', 48.1),
('SGP', 'Chinese', 'T', 77.1),
('SGP', 'Malay', 'T', 14.1),
('SGP', 'Tamil', 'T', 7.4),
('SHN', 'English', 'T', 0.0),
('SJM', 'Norwegian', 'T', 0.0),
('SJM', 'Russian', 'F', 0.0),
('SLB', 'Malenasian Languages', 'F', 85.6),
('SLB', 'Papuan Languages', 'F', 8.6),
('SLB', 'Polynesian Languages', 'F', 3.8),
('SLE', 'Bullom-sherbro', 'F', 3.8),
('SLE', 'Ful', 'F', 3.8),
('SLE', 'Kono-vai', 'F', 5.1),
('SLE', 'Kuranko', 'F', 3.4),
('SLE', 'Limba', 'F', 8.3),
('SLE', 'Mende', 'F', 34.8),
('SLE', 'Temne', 'F', 31.8),
('SLE', 'Yalunka', 'F', 3.4),
('SLV', 'Nahua', 'F', 0.0),
('SLV', 'Spanish', 'T', 100.0),
('SMR', 'Italian', 'T', 100.0),
('SOM', 'Arabic', 'T', 0.0),
('SOM', 'Somali', 'T', 98.3),
('SPM', 'French', 'T', 0.0),
('STP', 'Crioulo', 'F', 86.3),
('STP', 'French', 'F', 0.7),
('SUR', 'Hindi', 'F', 0.0),
('SUR', 'Sranantonga', 'F', 81.0),
('SVK', 'Czech and Moravian', 'F', 1.1),
('SVK', 'Hungarian', 'F', 10.5),
('SVK', 'Romani', 'F', 1.7),
('SVK', 'Slovak', 'T', 85.6),
('SVK', 'Ukrainian and Russian', 'F', 0.6),
('SVN', 'Hungarian', 'F', 0.5),
('SVN', 'Serbo-Croatian', 'F', 7.9),
('SVN', 'Slovene', 'T', 87.9),
('SWE', 'Arabic', 'F', 0.8),
('SWE', 'Finnish', 'F', 2.4),
('SWE', 'Norwegian', 'F', 0.5),
('SWE', 'Southern Slavic Languages', 'F', 1.3),
('SWE', 'Spanish', 'F', 0.6),
('SWE', 'Swedish', 'T', 89.5),
('SWZ', 'Swazi', 'T', 89.9),
('SWZ', 'Zulu', 'F', 2.0),
('SYC', 'English', 'T', 3.8),
('SYC', 'French', 'T', 1.3),
('SYC', 'Seselwa', 'F', 91.3),
('SYR', 'Arabic', 'T', 90.0),
('SYR', 'Kurdish', 'F', 9.0),
('TCA', 'English', 'T', 0.0),
('TCD', 'Arabic', 'T', 12.3),
('TCD', 'Gorane', 'F', 6.2),
('TCD', 'Hadjarai', 'F', 6.7),
('TCD', 'Kanem-bornu', 'F', 9.0),
('TCD', 'Mayo-kebbi', 'F', 11.5),
('TCD', 'Ouaddai', 'F', 8.7),
('TCD', 'Sara', 'F', 27.7),
('TCD', 'Tandjile', 'F', 6.5),
('TGO', 'Ane', 'F', 5.7),
('TGO', 'Ewe', 'T', 23.2),
('TGO', 'Gurma', 'F', 3.4),
('TGO', 'Kabyé', 'T', 13.8),
('TGO', 'Kotokoli', 'F', 5.7),
('TGO', 'Moba', 'F', 5.4),
('TGO', 'Naudemba', 'F', 4.1),
('TGO', 'Watyi', 'F', 10.3),
('THA', 'Chinese', 'F', 12.1),
('THA', 'Khmer', 'F', 1.3),
('THA', 'Kuy', 'F', 1.1),
('THA', 'Lao', 'F', 26.9),
('THA', 'Malay', 'F', 3.6),
('THA', 'Thai', 'T', 52.6),
('TJK', 'Russian', 'F', 9.7),
('TJK', 'Tadzhik', 'T', 62.2),
('TJK', 'Uzbek', 'F', 23.2),
('TKL', 'English', 'T', 0.0),
('TKL', 'Tokelau', 'F', 0.0),
('TKM', 'Kazakh', 'F', 2.0),
('TKM', 'Russian', 'F', 6.7),
('TKM', 'Turkmenian', 'T', 76.7),
('TKM', 'Uzbek', 'F', 9.2),
('TMP', 'Portuguese', 'T', 0.0),
('TMP', 'Sunda', 'F', 0.0),
('TON', 'English', 'T', 0.0),
('TON', 'Tongan', 'T', 98.3),
('TTO', 'Creole English', 'F', 2.9),
('TTO', 'English', 'F', 93.5),
('TTO', 'Hindi', 'F', 3.4),
('TUN', 'Arabic', 'T', 69.9),
('TUN', 'Arabic-French', 'F', 26.3),
('TUN', 'Arabic-French-English', 'F', 3.2),
('TUR', 'Arabic', 'F', 1.4),
('TUR', 'Kurdish', 'F', 10.6),
('TUR', 'Turkish', 'T', 87.6),
('TUV', 'English', 'T', 0.0),
('TUV', 'Kiribati', 'F', 7.5),
('TUV', 'Tuvalu', 'T', 92.5),
('TWN', 'Ami', 'F', 0.6),
('TWN', 'Atayal', 'F', 0.4),
('TWN', 'Hakka', 'F', 11.0),
('TWN', 'Mandarin Chinese', 'T', 20.1),
('TWN', 'Min', 'F', 66.7),
('TWN', 'Paiwan', 'F', 0.3),
('TZA', 'Chaga and Pare', 'F', 4.9),
('TZA', 'Gogo', 'F', 3.9),
('TZA', 'Ha', 'F', 3.5),
('TZA', 'Haya', 'F', 5.9),
('TZA', 'Hehet', 'F', 6.9),
('TZA', 'Luguru', 'F', 4.9),
('TZA', 'Makonde', 'F', 5.9),
('TZA', 'Nyakusa', 'F', 5.4),
('TZA', 'Nyamwesi', 'F', 21.1),
('TZA', 'Shambala', 'F', 4.3),
('TZA', 'Swahili', 'T', 8.8),
('UGA', 'Acholi', 'F', 4.4),
('UGA', 'Ganda', 'F', 18.1),
('UGA', 'Gisu', 'F', 4.5),
('UGA', 'Kiga', 'F', 8.3),
('UGA', 'Lango', 'F', 5.9),
('UGA', 'Lugbara', 'F', 4.7),
('UGA', 'Nkole', 'F', 10.7),
('UGA', 'Rwanda', 'F', 3.2),
('UGA', 'Soga', 'F', 8.2),
('UGA', 'Teso', 'F', 6.0),
('UKR', 'Belorussian', 'F', 0.3),
('UKR', 'Bulgariana', 'F', 0.3),
('UKR', 'Hungarian', 'F', 0.3),
('UKR', 'Polish', 'F', 0.1),
('UKR', 'Romanian', 'F', 0.7),
('UKR', 'Russian', 'F', 32.9),
('UKR', 'Ukrainian', 'T', 64.7),
('UMI', 'English', 'T', 0.0),
('URY', 'Spanish', 'T', 95.7),
('USA', 'Chinese', 'F', 0.6),
('USA', 'English', 'T', 86.2),
('USA', 'French', 'F', 0.7),
('USA', 'German', 'F', 0.7),
('USA', 'Italian', 'F', 0.6),
('USA', 'Japanese', 'F', 0.2),
('USA', 'Korean', 'F', 0.3),
('USA', 'Polish', 'F', 0.3),
('USA', 'Portuguese', 'F', 0.2),
('USA', 'Spanish', 'F', 7.5),
('USA', 'Tagalog', 'F', 0.4),
('USA', 'Vietnamese', 'F', 0.2),
('UZB', 'Karakalpak', 'F', 2.0),
('UZB', 'Kazakh', 'F', 3.8),
('UZB', 'Russian', 'F', 10.9),
('UZB', 'Tadzhik', 'F', 4.4),
('UZB', 'Tatar', 'F', 1.8),
('UZB', 'Uzbek', 'T', 72.6),
('VAT', 'Italian', 'T', 0.0),
('VCT', 'Creole English', 'F', 99.1),
('VCT', 'English', 'T', 0.0),
('VEN', 'Goajiro', 'F', 0.4),
('VEN', 'Spanish', 'T', 96.9),
('VEN', 'Warrau', 'F', 0.1),
('VGB', 'English', 'T', 0.0),
('VIR', 'English', 'T', 81.7),
('VIR', 'French', 'F', 2.5),
('VIR', 'Spanish', 'F', 13.3),
('VNM', 'Chinese', 'F', 1.4),
('VNM', 'Khmer', 'F', 1.4),
('VNM', 'Man', 'F', 0.7),
('VNM', 'Miao', 'F', 0.9),
('VNM', 'Muong', 'F', 1.5),
('VNM', 'Nung', 'F', 1.1),
('VNM', 'Thai', 'F', 1.6),
('VNM', 'Tho', 'F', 1.8),
('VNM', 'Vietnamese', 'T', 86.8),
('VUT', 'Bislama', 'T', 56.6),
('VUT', 'English', 'T', 28.3),
('VUT', 'French', 'T', 14.2),
('WLF', 'Futuna', 'F', 0.0),
('WLF', 'Wallis', 'F', 0.0),
('WSM', 'English', 'T', 0.6),
('WSM', 'Samoan', 'T', 47.5),
('WSM', 'Samoan-English', 'F', 52.0),
('YEM', 'Arabic', 'T', 99.6),
('YEM', 'Soqutri', 'F', 0.0),
('YUG', 'Albaniana', 'F', 16.5),
('YUG', 'Hungarian', 'F', 3.4),
('YUG', 'Macedonian', 'F', 0.5),
('YUG', 'Romani', 'F', 1.4),
('YUG', 'Serbo-Croatian', 'T', 75.2),
('YUG', 'Slovak', 'F', 0.7),
('ZAF', 'Afrikaans', 'T', 14.3),
('ZAF', 'English', 'T', 8.5),
('ZAF', 'Ndebele', 'F', 1.5),
('ZAF', 'Northsotho', 'F', 9.1),
('ZAF', 'Southsotho', 'F', 7.6),
('ZAF', 'Swazi', 'F', 2.5),
('ZAF', 'Tsonga', 'F', 4.3),
('ZAF', 'Tswana', 'F', 8.1),
('ZAF', 'Venda', 'F', 2.2),
('ZAF', 'Xhosa', 'T', 17.7),
('ZAF', 'Zulu', 'T', 22.7),
('ZMB', 'Bemba', 'F', 29.7),
('ZMB', 'Chewa', 'F', 5.7),
('ZMB', 'Lozi', 'F', 6.4),
('ZMB', 'Nsenga', 'F', 4.3),
('ZMB', 'Nyanja', 'F', 7.8),
('ZMB', 'Tongan', 'F', 11.0),
('ZWE', 'English', 'T', 2.2),
('ZWE', 'Ndebele', 'F', 16.2),
('ZWE', 'Nyanja', 'F', 2.2),
('ZWE', 'Shona', 'F', 72.1);

--
-- ダンプしたテーブルのインデックス
--

--
-- テーブルのインデックス `city`
--
ALTER TABLE `city`
  ADD PRIMARY KEY (`ID`);

--
-- テーブルのインデックス `country`
--
ALTER TABLE `country`
  ADD PRIMARY KEY (`Code`);

--
-- テーブルのインデックス `countrylanguage`
--
ALTER TABLE `countrylanguage`
  ADD PRIMARY KEY (`CountryCode`,`Language`);

--
-- ダンプしたテーブルのAUTO_INCREMENT
--

--
-- テーブルのAUTO_INCREMENT `city`
--
ALTER TABLE `city`
  MODIFY `ID` int(11) NOT NULL AUTO_INCREMENT, AUTO_INCREMENT=4080;
COMMIT;

/*!40101 SET CHARACTER_SET_CLIENT=@OLD_CHARACTER_SET_CLIENT */;
/*!40101 SET CHARACTER_SET_RESULTS=@OLD_CHARACTER_SET_RESULTS */;
/*!40101 SET COLLATION_CONNECTION=@OLD_COLLATION_CONNECTION */;
