-- MySQL dump 10.16  Distrib 10.1.28-MariaDB, for Win32 (AMD64)
--
-- Host: localhost    Database: fa
-- ------------------------------------------------------
-- Server version	10.1.28-MariaDB

/*!40101 SET @OLD_CHARACTER_SET_CLIENT=@@CHARACTER_SET_CLIENT */;
/*!40101 SET @OLD_CHARACTER_SET_RESULTS=@@CHARACTER_SET_RESULTS */;
/*!40101 SET @OLD_COLLATION_CONNECTION=@@COLLATION_CONNECTION */;
/*!40101 SET NAMES utf8 */;
/*!40103 SET @OLD_TIME_ZONE=@@TIME_ZONE */;
/*!40103 SET TIME_ZONE='+00:00' */;
/*!40014 SET @OLD_UNIQUE_CHECKS=@@UNIQUE_CHECKS, UNIQUE_CHECKS=0 */;
/*!40014 SET @OLD_FOREIGN_KEY_CHECKS=@@FOREIGN_KEY_CHECKS, FOREIGN_KEY_CHECKS=0 */;
/*!40101 SET @OLD_SQL_MODE=@@SQL_MODE, SQL_MODE='NO_AUTO_VALUE_ON_ZERO' */;
/*!40111 SET @OLD_SQL_NOTES=@@SQL_NOTES, SQL_NOTES=0 */;

--
-- Table structure for table `genre`
--

DROP TABLE IF EXISTS `genre`;
/*!40101 SET @saved_cs_client     = @@character_set_client */;
/*!40101 SET character_set_client = utf8 */;
CREATE TABLE `genre` (
  `id` int(11) NOT NULL,
  `genre` varchar(255) NOT NULL,
  `del_flg` int(1) DEFAULT NULL,
  `create_date` varchar(14) NOT NULL,
  `update_date` varchar(14) NOT NULL,
  PRIMARY KEY (`id`)
) ENGINE=InnoDB DEFAULT CHARSET=utf8;
/*!40101 SET character_set_client = @saved_cs_client */;

--
-- Dumping data for table `genre`
--

LOCK TABLES `genre` WRITE;
/*!40000 ALTER TABLE `genre` DISABLE KEYS */;
INSERT INTO `genre` VALUES (0,'',0,'2017/11/08','2017/11/08'),
	(1,'アクション',0,'2017/11/08','2017/11/08'),
	(2,'サスペンス',0,'2017/11/08','2017/11/08'),
	(3,'ヒューマン',0,'2017/11/08','2017/11/08'),
	(4,'ホラー',0,'2017/11/08','2017/11/08'),
	(5,'コメディ',0,'2017/11/08','2017/11/08');
/*!40000 ALTER TABLE `genre` ENABLE KEYS */;
UNLOCK TABLES;

--
-- Table structure for table `movie_actor`
--

DROP TABLE IF EXISTS `movie_actor`;
/*!40101 SET @saved_cs_client     = @@character_set_client */;
/*!40101 SET character_set_client = utf8 */;
CREATE TABLE `movie_actor` (
  `id` int(11) NOT NULL,
  `name` varchar(255) NOT NULL,
  `del_flg` int(1) DEFAULT NULL,
  `create_date` varchar(14) NOT NULL,
  `update_date` varchar(14) NOT NULL,
  PRIMARY KEY (`id`)
) ENGINE=InnoDB DEFAULT CHARSET=utf8;
/*!40101 SET character_set_client = @saved_cs_client */;

--
-- Dumping data for table `movie_actor`
--

LOCK TABLES `movie_actor` WRITE;
/*!40000 ALTER TABLE `movie_actor` DISABLE KEYS */;
INSERT INTO `movie_actor` VALUES (0,'',0,'2017/11/08','2017/11/08'),
	(1,'トム・ハンクス',0,'2017/11/08','2017/11/08'),
	(2,'トビー・マグワイア',0,'2017/11/08','2017/11/08'),
	(3,'ジェームズ・マカヴォイ',0,'2017/11/08','2017/11/08'),
	(4,'ナタリー・ポートマン',0,'2017/11/08','2017/11/08'),
	(5,'アン・ハサウェイ',0,'2017/11/08','2017/11/08');
/*!40000 ALTER TABLE `movie_actor` ENABLE KEYS */;
UNLOCK TABLES;

--
-- Table structure for table `movie_main`
--

DROP TABLE IF EXISTS `movie_main`;
/*!40101 SET @saved_cs_client     = @@character_set_client */;
/*!40101 SET character_set_client = utf8 */;
CREATE TABLE `movie_main` (
  `id` int(11) NOT NULL,
  `movie_title` varchar(255) NOT NULL,
  `genre_id` int(11) DEFAULT NULL,
  `actor_id` int(11) DEFAULT NULL,
  `release_year` int(4) NOT NULL,
  `run_time` int(3) DEFAULT NULL,
  `comment` varchar(255) DEFAULT NULL,
  `del_flg` int(1) DEFAULT NULL,
  `create_date` datetime NOT NULL,
  `update_date` datetime NOT NULL,
  PRIMARY KEY (`id`),
  KEY `genre_id` (`genre_id`),
  KEY `actor_id` (`actor_id`),
  CONSTRAINT `movie_main_ibfk_1` FOREIGN KEY (`genre_id`) REFERENCES `genre` (`id`),
  CONSTRAINT `movie_main_ibfk_2` FOREIGN KEY (`actor_id`) REFERENCES `movie_actor` (`id`)
) ENGINE=InnoDB DEFAULT CHARSET=utf8;
/*!40101 SET character_set_client = @saved_cs_client */;

--
-- Dumping data for table `movie_main`
--

LOCK TABLES `movie_main` WRITE;
/*!40000 ALTER TABLE `movie_main` DISABLE KEYS */;
INSERT INTO `movie_main` VALUES (1,'スパイダーマン3',1,2,2007,156,'アメイジング・ホームカミングより好き',0,'2017-11-08 00:00:00','2017-11-08 00:00:00'),
	(2,'X-MEN FC',1,3,2011,132,'X-MEN誕生秘話、ばちぼこ面白い。',0,'2017-11-08 00:00:00','2017-11-08 00:00:00'),
	(3,'レオン',1,4,1994,110,'マチルダがかわいい',0,'2017-11-08 00:00:00','2017-11-08 00:00:00'),
	(4,'ダークナイトライジング',1,5,2012,165,'DCコミック頑張れ',0,'2017-11-08 00:00:00','2017-11-08 00:00:00'),
	(5,'ベイビードライバー',1,NULL,2017,113,'続編が制作されるそう',0,'2017-11-08 00:00:00','2017-11-08 00:00:00'),
	(6,'トランス',2,3,2013,101,'ダニー・ボイル監督',0,'2017-11-08 00:00:00','2017-11-08 00:00:00'),
	(7,'フィルス',2,3,2013,97,'スコットランドの最悪刑事',0,'2017-11-08 00:00:00','2017-11-08 00:00:00'),
	(8,'華麗なるギャツビー',2,2,2013,143,'豪華絢爛',0,'2017-11-08 00:00:00','2017-11-08 00:00:00'),
	(9,'ブリッジオブスパイ',2,1,2015,144,'アカデミー助演男優賞受賞',0,'2017-11-08 00:00:00','2017-11-08 00:00:00'),
	(10,'ダ・ヴィンチ・コード',2,1,2006,174,'オドレイ・トトゥ老けたなあ',0,'2017-11-08 00:00:00','2017-11-08 00:00:00'),
	(11,'フォレストガンプ',3,1,1994,142,'言わずと知れた名言の宝庫',0,'2017-11-08 00:00:00','2017-11-08 00:00:00'),
	(12,'完全なるチェックメイト',3,2,2014,116,'ボビーフィッシャー',0,'2017-11-08 00:00:00','2017-11-08 00:00:00'),
	(13,'あの頃僕らは',3,2,2001,90,'若かりしディカプリオ',0,'2017-11-08 00:00:00','2017-11-08 00:00:00'),
	(14,'レミゼラブル',3,5,2012,160,'歌部分はアテレコではありません',0,'2017-11-08 00:00:00','2017-11-08 00:00:00'),
	(15,'グリーンマイル',3,1,1999,189,'『ショーシャンクの空に』もいいです',0,'2017-11-08 00:00:00','2017-11-08 00:00:00'),
	(16,'ブラックスワン',4,4,2011,108,'下手なホラーより怖いかも',0,'2017-11-08 00:00:00','2017-11-08 00:00:00'),
	(17,'IT',4,NULL,2017,135,'TVムービー編もどうぞ',0,'2017-11-08 00:00:00','2017-11-08 00:00:00'),
	(18,'キャリー',4,NULL,1976,98,'スティーブン・キングの処女作',0,'2017-11-08 00:00:00','2017-11-08 00:00:00'),
	(19,'スプリット',4,3,2017,117,'シャマラン作品を見ておくと吉',0,'2017-11-08 00:00:00','2017-11-08 00:00:00'),
	(20,'glass',4,3,2018,NULL,'スプリットの続編',0,'2017-11-08 00:00:00','2017-11-08 00:00:00'),
	(21,'マイ・インターン',5,5,2015,121,'『プラダを着た悪魔』もおすすめ',0,'2017-11-08 00:00:00','2017-11-08 00:00:00'),
	(22,'ターミナル',5,1,2004,128,'空港に住んでみたい',0,'2017-11-08 00:00:00','2017-11-08 00:00:00'),
	(23,'ペネロピ',5,3,2008,104,'現代のおとぎ話',0,'2017-11-08 00:00:00','2017-11-08 00:00:00'),
	(24,'アリスインワンダーランド',5,5,2010,113,'映像美すごい',0,'2017-11-08 00:00:00','2017-11-08 00:00:00'),
	(25,'キャッツ＆ドッグス',5,2,2001,87,'犬はかわいい',0,'2017-11-08 00:00:00','2017-11-08 00:00:00'),
	(26,'つぐない',NULL,3,2007,130,'陰鬱な時にはおすすめしません',0,'2017-11-08 00:00:00','2017-11-08 00:00:00'),
	(27,'プライドと偏見',NULL,NULL,2005,135,'コリン・ファースのドラマ版も良き',0,'2017-11-08 00:00:00','2017-11-08 00:00:00'),
	(28,'グレイテストショーマン',3,NULL,2017,105,'個人的にラ・ラ・ランド越え',0,'2017-11-08 00:00:00','2017-11-08 00:00:00'),
	(29,'ビッグ',5,1,1988,130,'素敵な気持になれる',0,'2017-11-08 00:00:00','2017-11-08 00:00:00');
/*!40000 ALTER TABLE `movie_main` ENABLE KEYS */;
UNLOCK TABLES;

--
-- Table structure for table `music`
--

DROP TABLE IF EXISTS `music`;
/*!40101 SET @saved_cs_client     = @@character_set_client */;
/*!40101 SET character_set_client = utf8 */;
CREATE TABLE `music` (
  `id` int(11) unsigned NOT NULL AUTO_INCREMENT,
  `title` varchar(255) CHARACTER SET utf8 NOT NULL DEFAULT '',
  `author` varchar(255) CHARACTER SET utf8 DEFAULT 'unknown',
  `rating` int(11) DEFAULT '0',
  `comment` varchar(255) DEFAULT NULL,
  `category_id` int(11) unsigned DEFAULT '0',
  `video_url` varchar(255) DEFAULT NULL,
  `create_date` datetime DEFAULT NULL,
  `update_date` datetime DEFAULT NULL,
  `version` int(11) DEFAULT '0',
  PRIMARY KEY (`id`),
  KEY `fk_music_type` (`category_id`),
  CONSTRAINT `fk_music_type` FOREIGN KEY (`category_id`) REFERENCES `music_category` (`id`) ON DELETE SET NULL ON UPDATE CASCADE
) ENGINE=InnoDB AUTO_INCREMENT=15 DEFAULT CHARSET=utf8mb4;
/*!40101 SET character_set_client = @saved_cs_client */;

--
-- Dumping data for table `music`
--

LOCK TABLES `music` WRITE;
/*!40000 ALTER TABLE `music` DISABLE KEYS */;
INSERT INTO `music` VALUES (4,'心太软','任贤齐',5,'年代比较久远的一首歌，当年很流行，现在依然有很多人喜欢。',3,'https://www.youtube.com/embed/ZSWeurc1yMw','2018-03-19 15:12:14','2018-03-19 15:12:14',5),
	(9,'漂洋过海来看你','娃娃',5,'',3,'https://www.youtube.com/embed/hNQohQBFnwI','2018-03-19 16:05:12','2018-03-19 16:05:12',2),
	(10,'雪の華','中島美嘉',5,'',5,'https://www.youtube.com/embed/mF5Qq2YheTg','2018-03-19 17:18:19','2018-03-19 17:18:19',1),
	(11,'MY ALL','濱崎步',5,'',5,'https://www.youtube.com/embed/PKptgq8jTYw','2018-03-19 17:27:07','2018-03-19 17:27:07',1),
	(12,'Time after time ～花舞う街で～','仓木麻衣',5,'',4,'https://www.youtube.com/embed/Ep_W5rYXyi0','2018-03-19 17:28:57','2018-03-19 17:28:57',1),
	(13,'夢的點滴','松隆子',5,'',6,'https://www.youtube.com/embed/Vn6xGeMY9w8','2018-03-19 17:31:46','2018-03-19 17:31:46',1),
	(14,'big big world','Emilia',5,'',5,'https://www.youtube.com/embed/wpkS2DU_qMs','2018-03-19 17:33:04','2018-03-19 17:33:04',0);
/*!40000 ALTER TABLE `music` ENABLE KEYS */;
UNLOCK TABLES;

--
-- Table structure for table `music_category`
--

DROP TABLE IF EXISTS `music_category`;
/*!40101 SET @saved_cs_client     = @@character_set_client */;
/*!40101 SET character_set_client = utf8 */;
CREATE TABLE `music_category` (
  `id` int(11) unsigned NOT NULL AUTO_INCREMENT,
  `category` varchar(255) NOT NULL DEFAULT '',
  `create_date` datetime DEFAULT NULL,
  `update_date` datetime DEFAULT NULL,
  `is_delete` tinyint(1) NOT NULL DEFAULT '0',
  `delete_date` datetime DEFAULT NULL,
  `version` int(11) DEFAULT '0',
  PRIMARY KEY (`id`)
) ENGINE=InnoDB AUTO_INCREMENT=7 DEFAULT CHARSET=utf8mb4;
/*!40101 SET character_set_client = @saved_cs_client */;

--
-- Dumping data for table `music_category`
--

LOCK TABLES `music_category` WRITE;
/*!40000 ALTER TABLE `music_category` DISABLE KEYS */;
INSERT INTO `music_category` VALUES (0,'',NULL,NULL,0,NULL,0),
	(1,'DJ',NULL,NULL,0,NULL,0),
	(2,'Light',NULL,NULL,0,NULL,0),
	(3,'China',NULL,NULL,0,NULL,0),
	(4,'ACG',NULL,NULL,0,NULL,0),
	(5,'Pop',NULL,NULL,0,NULL,0),
	(6,'Classical',NULL,NULL,0,NULL,0);
/*!40000 ALTER TABLE `music_category` ENABLE KEYS */;
UNLOCK TABLES;

--
-- Table structure for table `user`
--

DROP TABLE IF EXISTS `user`;
/*!40101 SET @saved_cs_client     = @@character_set_client */;
/*!40101 SET character_set_client = utf8 */;
CREATE TABLE `user` (
  `id` int(11) unsigned NOT NULL AUTO_INCREMENT,
  `username` varchar(50) CHARACTER SET utf8 NOT NULL DEFAULT '',
  `password` varchar(50) CHARACTER SET utf8 NOT NULL DEFAULT '',
  PRIMARY KEY (`id`)
) ENGINE=InnoDB AUTO_INCREMENT=2 DEFAULT CHARSET=utf8mb4;
/*!40101 SET character_set_client = @saved_cs_client */;

--
-- Dumping data for table `user`
--

LOCK TABLES `user` WRITE;
/*!40000 ALTER TABLE `user` DISABLE KEYS */;
INSERT INTO `user` VALUES (1,'Spring','Boot');
/*!40000 ALTER TABLE `user` ENABLE KEYS */;
UNLOCK TABLES;
/*!40103 SET TIME_ZONE=@OLD_TIME_ZONE */;

/*!40101 SET SQL_MODE=@OLD_SQL_MODE */;
/*!40014 SET FOREIGN_KEY_CHECKS=@OLD_FOREIGN_KEY_CHECKS */;
/*!40014 SET UNIQUE_CHECKS=@OLD_UNIQUE_CHECKS */;
/*!40101 SET CHARACTER_SET_CLIENT=@OLD_CHARACTER_SET_CLIENT */;
/*!40101 SET CHARACTER_SET_RESULTS=@OLD_CHARACTER_SET_RESULTS */;
/*!40101 SET COLLATION_CONNECTION=@OLD_COLLATION_CONNECTION */;
/*!40111 SET SQL_NOTES=@OLD_SQL_NOTES */;

-- Dump completed on 2018-04-09 16:27:19
